%YAML:1.0
---
opencv_ml_svm:
   format: 3
   svmType: C_SVC
   kernel:
      type: LINEAR
   C: 2.6699999999999999
   term_criteria: { epsilon:1.1920928955078125e-07, iterations:1000 }
   var_count: 64
   class_count: 10
   class_labels: !!opencv-matrix
      rows: 10
      cols: 1
      dt: i
      data: [ 0, 1, 2, 3, 4, 5, 6, 7, 8, 9 ]
   sv_total: 45
   support_vectors:
      - [ -0.0567410551, 0.394781381, 1.57563746, 0.456200182,
          0.307174206, 0.243172884, 0.190186605, 0.0149733135,
          0.326844424, 0.251615345, 0.169705778, 0.223146304,
          0.0448416062, -1.25032055, -0.601522624, -0.359872669,
          -0.37167722, 0.0598025694, -0.351365358, -0.0846557841,
          -0.60609448, 0.0177549701, -0.30765903, -0.368949771,
          -0.011460145, -0.234121814, 0.857595801, 0.617405117,
          0.173053443, 0.558336139, 0.200009435, 0.283303469,
          -0.828881145, -0.647910237, 0.0134623582, 0.342511326,
          0.128733069, 0.237426952, 0.0664322972, 0.282011628,
          0.424859166, 0.552773178, -0.519665301, 0.588494599,
          0.472067624, 0.547649086, 0.0559536442, -0.148598373,
          -0.161952347, 0.241040394, 0.832119763, 1.00954092, 1.09330261,
          0.409834355, 0.287036955, -0.065441221, -0.541891575,
          -0.0301006623, -0.219540849, -0.507485509, -0.264523238,
          0.371586442, -0.459032714, -0.977358162 ]
      - [ 0.538340449, 0.698347211, 0.532017171, 2.011415, -0.599508762,
          0.0719589218, 0.218339503, -1.3618052, -0.542144954,
          -0.320998907, -0.0863525644, -0.600243926, -0.171237409,
          -1.45121217, 0.217430443, -1.2271893, 0.595807612,
          0.0433204323, -0.648463368, -1.33277118, -1.01586151,
          -1.56750643, -1.35705507, -0.975673437, -0.20623593,
          -0.182477951, 0.281119138, 0.138853103, 0.349565953,
          0.569853067, -0.0846720487, 0.765919507, -0.859163284,
          -1.2226125, -0.787000358, -0.643467307, -0.629885077,
          0.237506226, -0.227903917, 0.189040452, 0.292383164,
          0.50583756, 1.20312512, 0.85459429, 0.54865551, -0.312889367,
          -0.410242379, -0.698108733, 0.614899635, 0.349278271,
          0.421608686, 0.367755771, -0.450228661, -0.834869981,
          -0.0901302099, -0.181058526, -0.479348242, -0.391277552,
          -0.415677458, -0.611684859, -0.823038638, -0.377471626,
          -0.100259341, -0.616801023 ]
      - [ 0.418030262, 0.377523422, 1.63545346, 0.246674031,
          -0.262213558, -0.25170216, -0.381747007, -0.355826557,
          -0.318698138, -0.643194497, -0.444289774, -0.725285113,
          -1.03995597, -0.957440794, -0.898865819, -0.371958822,
          0.2037296, 0.457961082, -0.00664442452, -0.229807764,
          -1.04852855, -1.40212715, -2.02631021, -1.22968268,
          -1.16511941, -1.04252255, 0.247426271, 0.574606419,
          -0.290846616, 1.04143786, 0.877575099, 0.357839257,
          -1.42316401, -1.10431468, -0.366619527, -0.611160398,
          -0.272209704, 0.0913065448, -0.097665906, -0.0628382787,
          0.0196730457, 0.407164305, 0.585109949, 1.01491654,
          0.789241195, 0.138737231, 0.00157297507, -0.620786548,
          -0.224882707, 0.373846918, -0.150612324, -0.0355522893,
          -0.169543371, -0.0432281643, 1.05419993, 0.733822584,
          0.631131232, 0.0108408723, -0.131558001, -0.419745475,
          -0.613945127, -0.550575316, -0.281767309, -0.58837086 ]
      - [ -0.47991842, -0.244061574, 0.261370271, 0.595935643,
          0.0854467303, 0.733660042, 0.616138875, -0.291895151,
          -0.918988585, -0.867106915, -1.06015885, -1.06858242,
          -0.307760328, -1.14240265, 0.0114537962, -0.199338868,
          -0.595626235, -1.12046266, 0.217697054, 0.508283496,
          0.226917118, -0.383661002, -0.687702417, -1.1644938,
          -0.706082463, -1.47618747, -0.0435939878, 0.218444332,
          0.175781205, 1.26704133, 1.02264357, 0.376527101, -0.880952179,
          -1.56862736, -0.70270139, -0.935323, -0.280120552,
          -0.156871468, -0.286930382, -0.204382449, 0.127630934,
          0.21591717, 0.267706603, 1.45140147, 1.50081813, 0.7189219,
          0.097711727, 0.0366666876, -0.517394423, 0.535506904,
          0.477787286, 0.682700515, 1.15173173, 0.268654466,
          -0.0968707353, 0.240826115, -0.659310997, -0.0755219311,
          -0.718511105, -0.575406313, -0.476999342, -0.0561983548,
          0.202085495, -0.581006467 ]
      - [ -0.485539675, 0.0664865524, 0.206605896, 0.206802949,
          -0.33679384, 0.37076956, 0.301771045, -0.135284901,
          0.359629035, 0.180763185, -0.432763875, -0.71244216,
          0.200862542, -0.926159859, -0.628272772, -0.754533529,
          0.0909387171, 0.831349492, 0.191608936, -0.705535948,
          -0.714164734, -0.941641688, -1.41951776, -1.91338861,
          -1.00730336, -0.665943682, -0.114183068, 0.307238549,
          0.365211576, 1.0530318, 0.59612143, 0.752014518, 0.0261670649,
          -0.364141911, -0.62281239, -0.856604338, -1.1143477,
          -0.959551811, -0.600376964, -1.25020814, -0.9584288,
          -0.0869897008, -0.820674896, 0.895911336, 1.43611801,
          1.03721035, 0.601805747, -0.177965388, -0.491315454,
          0.0188379865, -0.253063053, 0.456630528, 0.131163284,
          0.370412499, 0.643450022, 0.233802319, 0.0269971304,
          0.408314168, -0.303411871, -0.421130359, -0.999279916,
          -0.845770597, -0.867086709, -1.15254235 ]
      - [ -0.882717133, 0.645108879, 0.38915205, -0.483890533,
          0.776552081, 1.89074767, 0.967229366, 1.23200047, 0.619058073,
          0.470592409, 0.0803095549, 0.0911462456, 0.109811656,
          0.0167241227, -0.191699892, -0.259678602, -0.768453896,
          0.071331881, 0.203776896, 0.0919953436, -0.221445218,
          0.167143419, -0.0381192937, -0.683396995, 0.181379214,
          -0.212382808, -0.279179752, 0.385702521, 0.101825796,
          0.0163091719, -0.129740685, 0.461818159, -0.0347456895,
          -1.41795635, -1.55076015, -1.2565434, -1.33179402,
          -0.658155978, -0.754236519, -1.57384157, -0.583593369,
          -0.174071461, -0.4366889, 0.452860296, 1.5029422, 1.37514031,
          1.05380535, 1.20694673, 0.0648107678, 0.729354143, 0.268217713,
          0.0626334623, -0.121196426, 0.704474092, -1.13280797,
          -0.330266148, 0.140255898, 0.0235120822, -0.285169303,
          -0.189492702, -0.287675709, 0.497810185, -0.507867157,
          -0.661441267 ]
      - [ 0.342849642, 0.482467949, 0.547997236, 0.216473997,
          -0.0536012873, 0.152583584, -0.0233218987, -1.1684159,
          -0.859485447, -0.190441459, -0.0770851597, -0.115812972,
          -0.213837594, -1.33306253, 0.178228468, 0.0478837341,
          -0.39188838, -0.806523204, -0.874749899, -0.370711088,
          -0.480987668, -0.828019381, -0.415589094, -0.379263759,
          0.125566378, -0.422828972, 0.801228166, 1.37466657,
          0.683475375, 0.874895096, 0.660786152, 0.241370991,
          -0.521401823, -0.81445992, -0.375101119, 0.04373689,
          0.259521842, 0.244058162, -0.297764271, -0.460281104,
          -0.0125897843, 0.0595937334, -0.437886357, 0.876960397,
          0.118330836, 0.220616147, -0.258613616, -0.606697083,
          -0.443645895, 0.272635728, 0.27636236, 0.814223349,
          0.395820469, 0.896863163, 0.113635309, 0.14231208,
          -0.324438781, -0.310772568, -0.342869669, -0.210039631,
          -0.064957127, 0.119482748, 0.24665235, 0.00169304432 ]
      - [ -0.595547318, 0.0805127174, 1.1764555, 0.74962908, -1.1139195,
          -0.235443458, -0.142913207, -1.26278508, 0.171226278,
          -0.00820865389, -0.398037016, -0.765290558, -0.411065817,
          -1.57959437, -0.887008429, -0.483620882, -0.308369994,
          -0.190224051, -1.30805779, -1.08521521, -1.34933329,
          -0.244576633, -0.247816235, 0.188541844, 0.0330830775,
          -0.0274049006, 0.989703953, 0.955506742, -0.861045718,
          0.664280593, -0.401456326, -0.114060327, -0.425001651,
          -0.852226377, -0.691994607, -1.92418873, -1.84626567,
          -0.130242392, -0.540716648, -0.610755384, -0.422902524,
          0.241227105, -0.433542967, -0.322564721, 1.07035816,
          -0.124786206, 0.165883377, -0.583232284, 0.738953829,
          1.6155107, 0.689968467, 0.231499523, 0.610376298, 0.42212075,
          0.650631011, -0.0621981844, -0.429763198, -0.321439952,
          -0.172208935, -0.723539948, -1.24100912, -0.644980431,
          -1.61913419, -0.364662856 ]
      - [ -0.530584395, 0.303034335, 0.742381334, -0.0497295149,
          -0.752806783, -0.0132502075, -0.712213039, -0.121124759,
          0.005468674, 0.109703869, -0.20610027, -0.00975115597,
          -0.904258847, -0.780373037, -0.61308831, 0.683850169,
          -0.52539134, -0.773932934, -0.851799607, -0.0607101358,
          -0.158857316, -0.143892944, -0.599590123, -1.76211834,
          -0.593756855, -0.833756387, 0.257981449, 0.430773765,
          -0.141378865, 1.97138619, 1.35422218, 0.325594366,
          -0.542369604, -0.839929283, -0.0940639824, -0.45008871,
          -0.32915163, 0.309505939, -0.174432978, -0.93418324,
          -0.706906855, 0.576365709, -0.608268619, 0.656276464,
          0.274934024, 0.712263465, 0.713474333, -0.43018198,
          -0.876040876, -0.186707705, -0.528151214, -0.13473843,
          2.43760133, 1.24522603, 1.68033075, 1.32744968, 0.308644474,
          -0.139383137, -0.219975278, -0.638070226, -0.324835122,
          -0.115028597, 0.353717178, -1.08259737 ]
      - [ -0.386072099, 0.557617784, -0.291524202, 0.111768372,
          -0.506691158, -1.27756536, -0.619575381, -0.929561853,
          -0.357095391, -0.459887981, -0.364707381, -0.150869295,
          -0.468476921, -0.754304707, -0.59555918, 0.961433828,
          1.37448466, -0.610103726, -0.053427428, -0.495839685,
          -0.539050221, -0.736180663, 0.0839441195, -0.453461915,
          -0.564680219, -0.426842481, -1.46510649, -0.194547012,
          -0.849394739, -1.35367668, -0.0714648739, 0.739071369,
          0.486784279, 0.196771964, 0.26439029, -0.774707556,
          -0.456543535, 0.208490014, -0.286658734, -0.63707912,
          -0.300780296, -0.55167383, -0.293222427, -0.282787859,
          -0.406167895, -1.06763995, -0.301215678, 0.578990221,
          0.523533523, 1.57812655, -0.423247755, -0.382709056,
          0.270230949, -1.1298846, 0.406096429, -0.542031229,
          -0.68895328, -1.12950456, -1.07880414, 0.324824691,
          -0.891694009, 0.28311938, 0.494371086, 1.26315093 ]
      - [ -0.0637297034, 0.13379477, -0.373375237, 0.122791663,
          -0.685899854, -0.761665642, -0.54529959, -1.5637573,
          -1.2648803, -0.524628878, -0.263339013, -0.769252658,
          -0.0175748225, 0.547694266, -0.0846271515, 0.271390527,
          1.24289167, 0.499839336, 0.551550031, 0.0742294341,
          -0.414928883, -0.246550724, -0.431397706, -0.392289847,
          -0.674212396, -0.551393092, -1.49860096, -0.176034465,
          -0.207447976, -0.756102145, 0.0636226013, 0.989914954,
          0.70866251, 0.0597210303, -1.09011078, -0.457931012,
          -0.113452695, 0.114812173, -0.0361753888, -0.29726994,
          -0.554359555, -0.368620843, -0.425706446, -1.14351714,
          -0.633370638, -0.603623569, -0.412338614, 0.868442476,
          -0.363278747, 0.0335309021, -0.92883867, -1.0153029,
          -0.552176893, -0.106268667, 0.0309379492, 1.15417826,
          1.00660241, 0.247277021, 0.0251582991, 0.267801195,
          0.0061508962, -0.0101966923, -0.00749379909, 0.111468054 ]
      - [ -0.0518745817, 0.00297608785, -0.969710052, 0.225170374,
          0.583615184, -0.0706906095, -0.223812982, -1.22230709,
          -1.48780453, -0.542915344, -0.28581056, -0.413703084,
          0.0790101588, 0.170655593, 0.446302027, 0.422171324,
          1.40593326, -0.547021091, 0.101066843, 0.717833459,
          -0.0693248957, 0.755471766, 0.111182041, -1.24888682,
          -1.86300015, -1.12048531, -1.7675848, -0.902390718,
          -0.573099315, -0.757884085, 0.257081538, 2.07058024,
          1.21273947, 0.590833366, -0.50947696, -0.555333674,
          -1.07953107, -0.743205667, -0.296595126, -1.89007843,
          -0.999886632, -1.61994505, -0.44258672, -0.301025271,
          0.584243119, 0.991741717, -0.671769142, 0.986915767,
          -0.371781647, 0.590475142, -1.21220887, -0.372026354,
          -0.157465532, 0.230494082, 0.314125568, -0.145278737,
          -0.559737206, -0.255463332, -0.109640263, 0.946416557,
          0.14585042, 0.579882443, 0.39837423, -0.0562405586 ]
      - [ -0.403102964, -0.38604942, -0.467603028, 0.551652014,
          -0.192203358, -0.296220213, -0.195402279, -0.505313635,
          0.262616098, 0.304190457, 0.141833976, 0.417883009,
          -0.36454162, -0.556718111, -0.334659725, 0.0129660899,
          0.847798228, 0.220256448, 0.0573730394, -0.164141282,
          -0.108891688, -0.629268587, -0.124855407, -0.330050886,
          -0.419552594, -0.187048078, -0.628851831, -0.281078577,
          0.209601656, -0.446127832, 0.256884575, 0.328995824,
          0.969461381, 0.0230706241, 0.192135766, -0.241399631,
          -0.472193301, -0.7481848, -1.14168835, -1.15224469, -1.0793426,
          -0.830447376, -0.297077298, -0.0290480368, 0.00154033024,
          0.176861197, 0.510200202, 0.966914535, 0.0786605254,
          -0.0830109864, -0.526878655, -0.659904242, -0.773200452,
          -0.118015125, 0.112266168, 0.458414406, 0.559836626,
          0.000920361083, 0.25687173, 0.31665805, -0.0307926815,
          -0.164781287, 0.195077673, 0.085373044 ]
      - [ -0.649277151, -0.559108019, -0.738563895, -0.371165216,
          1.09438443, 0.127698019, -0.18771486, 0.164851934, 0.350531459,
          0.17382744, 0.254993916, 0.227497905, 0.243978694, 0.620764434,
          0.763217688, 0.51820153, 0.988668263, -0.306126058,
          -0.396437794, -0.31944406, 0.0964316353, 0.116716944,
          0.3026537, 0.312178224, 0.0489119999, -0.0554955564,
          -1.34525454, -1.02664888, -0.359870017, -0.487813652,
          -0.0150343394, 0.350169599, 0.801463068, 0.390287727,
          -0.379406482, -1.39639044, -0.742091298, -0.242464259,
          -0.619294584, -0.757066011, -0.654383838, -0.42204985,
          0.17811422, -0.237438142, 0.412423074, 0.851582348,
          0.505432069, 0.726206124, 0.201263517, -0.218758389,
          -0.884926856, -1.09669423, -0.828399301, -0.943822324,
          -0.376781344, -0.102865756, 0.0787668973, -0.217731073,
          0.1167017, 0.590617597, 0.769545734, 0.323369443, -0.401343882,
          0.468427807 ]
      - [ 0.961390495, 0.671241283, -0.554266036, 0.185118318,
          -0.481938571, -1.04969764, -1.14485908, -1.69526887,
          -0.939691186, -1.1431793, -0.183242962, -0.810106695,
          0.438915938, 0.623381615, 0.844573319, 0.870101929, 0.55504173,
          -0.583648026, -0.6484254, 1.0517, -0.0401907526, -0.0166435689,
          -0.147426173, 0.614536285, 0.477401823, -0.512821853,
          -0.813754201, 0.647374392, 0.494826347, -0.271205693,
          0.462747365, -0.569969893, 0.846910119, -0.0928467065,
          -0.0386282653, -0.0888918117, -0.12067797, 0.0476845689,
          -0.431483567, -1.25209856, -0.861029804, -0.921071053,
          -0.519072235, -0.820482373, -0.639180243, 0.325382262,
          -0.0847146511, 0.968187749, 0.0398933366, 0.0568020903,
          -0.5137766, -0.638160467, -1.26658857, 0.743311763,
          0.258749455, 0.710343599, 1.16935647, -0.093055822,
          0.197702408, 0.810280263, 0.264956236, 0.847843945,
          -0.160812154, 0.406643867 ]
      - [ 0.168722391, -0.554847896, -0.848729193, 0.00877344888,
          -0.43898052, -0.999094784, -0.959537566, -1.59695113,
          0.549954236, 0.334040225, -0.297096968, 0.179100782,
          -0.61983645, -1.17170954, -0.826526821, -0.552315533, 1.029652,
          -0.305719197, -1.30190325, -0.865595877, -0.195599303,
          -0.231745318, 0.0494276695, 1.03502893, 0.230382189,
          -0.102592334, -0.933997869, -0.235703021, -1.28218496,
          -0.919804275, -0.030628182, 0.110441148, 1.13164389,
          0.00666681817, -0.962960362, -0.907358885, -0.772683859,
          -0.0902337357, -0.27813372, -1.0420655, -1.37114477,
          -1.79692721, -1.08712566, -1.37518716, -0.760669589,
          -0.00329416711, 0.179288924, 1.29914939, 0.367258579,
          0.133382753, -0.478303552, -0.642608404, -0.794005334,
          -0.181469813, -0.232994854, 0.344126582, 0.792394161,
          -0.207698092, 0.405510366, 0.0676619262, -0.709062159,
          -0.85964489, -0.342729211, 0.0682898685 ]
      - [ -0.331655055, -0.68606472, -1.35807967, -0.46720162,
          -0.610094368, -0.878094852, -0.268515766, -0.734068453,
          -0.0561350957, 0.195470244, 0.0444902591, -0.104089275,
          0.505685389, 0.137902483, 0.746076286, 0.514762282, 0.56033349,
          -0.398610443, -0.453490794, 0.443608612, -0.281827569,
          -0.419001907, -0.0962392613, -0.209101528, -0.0249387994,
          -0.395647287, -1.31343126, -0.422704428, -0.385336876,
          -0.00232452434, 0.883181214, 0.140916795, 0.804068983,
          -0.00930214021, 0.325998127, -0.575502574, -0.346494198,
          -0.22173582, -0.448006392, -1.1601491, -1.10088539,
          -1.06105757, -0.230042249, -1.11535478, -0.774225235,
          0.0933168605, -0.057081867, 1.00680208, -0.30809474,
          -0.44865486, -1.31050205, -0.403912872, -0.439081848,
          0.276529938, 1.04786766, 0.919911027, 0.676638484, 0.242433071,
          0.507460952, 0.519778728, -0.720177174, 0.014997879,
          0.594864905, 0.16959092 ]
      - [ -0.693275392, 1.07515693, -0.438600808, 0.265433669,
          -0.248709977, -0.00645551365, -0.978052735, 0.514517248,
          -0.485702008, -0.521921992, 0.0807051435, 0.894376457,
          -0.757306337, 0.164236039, 0.283243507, 0.626218379,
          0.084979333, 1.69811416, 1.19523513, 1.46222198, 0.545798242,
          1.05299413, -1.04239178, -0.188101187, -0.813520789,
          -0.571965337, -0.106595874, -0.258046389, 1.45955563,
          0.751029909, 1.33601356, 0.525046706, -1.85476196,
          -0.897575438, -1.23214424, -1.17243552, 0.0347613953,
          -1.07059383, 0.194726989, 0.204974204, -0.423442036,
          -0.338389307, -0.280072063, -0.0995359719, 0.447336406,
          0.6469661, 0.167088717, 0.210816115, -1.79591763, -0.001751145,
          -0.505749822, -1.90448606, -0.00745023321, -0.604830086,
          -0.532752037, 1.97708011, 3.94441271, 1.31895065, 0.516403854,
          0.563990116, 0.0737922117, -0.369568735, -0.346944898,
          -2.51276302 ]
      - [ -0.189644441, -0.663956821, -1.17106509, -0.378905296,
          0.877482593, 1.11172497, 1.05121744, 0.382227778, -0.353352994,
          0.611862659, 0.370722145, 0.23983638, -0.250771195, 1.13350511,
          0.478944629, 0.425091773, -0.744517744, 0.200313628,
          0.718716502, 1.95255911, 0.764217198, 0.779438078, -0.27824074,
          -0.454677224, -0.770610929, -0.33710444, 0.442981005,
          0.235306546, 1.22748482, 1.17371535, 0.453596741, 0.476011783,
          -0.869626403, 0.568226933, -0.382315308, -0.308159292,
          -0.39098081, -0.453855157, 1.1110146, -0.775837243,
          0.290952265, -0.728551865, 1.08237433, 1.63592613, 1.29984045,
          0.89951998, 0.500191987, -0.613983274, -1.19094408,
          -1.34000027, -1.68029022, -0.634657979, 1.55307209, 1.50817764,
          0.33096981, -1.21845794, 1.44909108, -0.366075337, 0.571837187,
          1.32549012, 1.44698918, -0.193701133, 0.291991442, -1.46218908 ]
      - [ -0.947850823, -0.517489135, -1.03675532, -0.5030123,
          -0.563057542, -0.19193086, -0.636710525, 0.179092944,
          1.01208568, 1.66619718, 0.772138059, 1.20283282, -0.703332424,
          -0.503460765, -0.199844718, -0.26349166, 0.285365492,
          2.15905428, 0.434267342, 0.558537424, -0.174800605,
          0.537343383, -0.591097713, 0.326817185, -0.331591517,
          0.0570479855, -0.655865073, 0.598811448, 0.258287489,
          0.33746925, 0.188682571, 0.17749764, 0.420792103, 1.06014442,
          0.168197513, -0.23388581, -0.319680363, -0.638392866,
          -0.753868818, -1.71118796, -1.2935822, -1.42936778,
          -0.155880168, 0.516370475, 0.374357194, 1.32732368, 1.58716822,
          -0.0151875662, -1.20978177, -0.538941205, -0.871728361,
          -1.05930018, -0.536504507, 0.0513914004, 0.430671543,
          0.505430996, 1.5357666, 1.03678834, 0.90700078, 0.454963297,
          -0.170417532, -0.722409964, -1.18192232, -1.45265937 ]
      - [ 0.075241372, -0.145615757, -0.694145024, -0.503676355,
          0.0250798613, 0.959356129, 0.436491907, 1.83360541,
          0.817964554, 0.718444347, 0.818608582, 1.01530993, 0.6047616,
          1.18273687, 0.418499351, 0.135988504, 0.169233978, 0.82592237,
          0.591014862, 0.0798893422, 0.457035154, 0.934860826,
          0.512607217, 0.332800984, 0.081715107, -0.0984414145,
          -0.190419987, 0.129911676, -0.0597747229, -0.155426607,
          0.479765952, -0.0125244725, 0.477965176, -0.392500192,
          -0.716593921, -1.32837777e-05, 0.0515379496, -0.455845654,
          -0.444539666, -0.528357387, -0.634647369, -0.0395565704,
          -0.0128681203, 0.452469289, 0.50615406, 0.646876514,
          0.810454607, 0.845245481, -0.258540183, -0.32161054,
          -0.607649267, -0.55588156, 0.064753592, 0.284829646,
          -0.493130058, -0.139602989, 0.270023972, 0.206980258,
          -0.0109953713, 0.500371099, 0.190945119, -0.513436079,
          -0.491320461, -0.260026395 ]
      - [ 0.448280096, 0.710564017, -0.815645456, -0.545455754,
          0.363716573, 0.369605184, -1.07154167, -0.840382278,
          -1.29707742, -0.410104036, 0.125254631, 0.616766453,
          0.547397077, 0.434844792, 1.39851236, 1.24529397, -1.5679369,
          -1.36273575, 0.0676329732, 1.28073382, 0.853430569,
          0.190173388, 0.337572366, -0.0674618632, 0.535462439,
          1.21159017, 1.18797159, 1.25622118, 1.64143312, 0.596384823,
          0.872856736, -0.807044923, -0.937244892, -0.468896627,
          0.408179671, 0.375318557, 1.25928664, -0.453918815,
          -0.498110503, -1.5415318, -0.731207788, -1.1303519, 1.02927148,
          -0.356030583, 1.03595781, 0.042583786, 0.708634853, 0.6178267,
          -1.24021733, -1.93023384, -0.444905996, -1.67986989,
          0.759475708, 1.11044061, 1.1353879, 0.786411405, 0.478705198,
          0.799843848, 1.1902554, 1.04551423, 1.65047717, 0.503944397,
          0.597370446, -1.18608475 ]
      - [ -0.0378340185, 0.155029073, 0.29941079, -0.137668312,
          -0.872374415, 0.262226552, 0.245963618, 0.503700793,
          2.76118922, 0.968579113, 1.03763509, -0.387798846, -1.31188142,
          -0.314696699, -0.861160219, -0.296775162, -0.607217133,
          1.29969239, -0.69746089, -0.313851327, 0.251194119, 1.21930325,
          1.97273529, 1.47035444, 0.441423029, -0.597552598,
          -0.507653177, -0.340258986, 0.204378292, -0.042058561,
          -1.54647338, -0.19677633, -0.322767854, 0.132625073,
          -0.767476261, -1.32725692, -0.0926404148, -0.974265695,
          -0.506448448, -1.21077192, -1.00380814, -0.945313692,
          -1.49456131, -0.615495563, 0.520423114, 0.389390886,
          0.287760437, 0.731688797, -1.25331104, 0.0952342078,
          0.408391953, -1.08712733, -0.696167588, 0.231577277,
          1.10555828, 1.66489732, 2.84799576, 1.89490438, 0.605261207,
          -0.0616686493, -0.608525574, -1.55337644, -1.12827599,
          -1.22014654 ]
      - [ -0.0715737715, 0.552564383, -0.512105882, -1.22250867,
          -0.760313928, 0.289456189, 0.784093738, 0.290876389,
          1.28584135, 0.785760462, 0.304869354, 0.44550842, -0.330348015,
          0.596529365, -0.0360153429, 0.907185078, -0.760683119,
          0.112347476, -0.182388261, 0.598697543, 0.52622366,
          0.726424515, 0.409300417, 0.0416818187, 0.35421899,
          0.394176334, -0.44120869, -0.00612872839, 0.438064128,
          0.272532642, 0.521777332, -0.600697935, -0.145014286,
          0.584133089, 0.149883538, 0.448074192, -0.0247689169,
          -0.848570168, -0.350027502, -0.707530797, -0.98688966,
          -0.779313385, -0.270306498, 0.18679814, 0.313478351,
          0.518467605, 0.461584717, 0.323333114, -1.53689945,
          -1.20637333, -1.29940426, -0.87880224, 1.09702587, 0.914035499,
          0.687037766, 0.772279263, 1.20174372, 0.674049914, 0.245173424,
          0.311465174, 1.01673996, 0.237266123, 0.220205009, -0.69394201 ]
      - [ -1.08542097, -1.11054981, -0.72513175, 0.175829828,
          0.836294234, 1.86377203, 1.48308992, 0.76668787, 0.526493549,
          0.111970685, 0.142123401, 0.147460729, 0.609604716,
          0.050800126, 0.376981497, 1.16227007, -0.528542519,
          -0.844664991, 0.783966184, 1.66191494, 1.70846927, 1.03270543,
          0.539114892, -0.805866182, -0.573871195, 0.0100597693,
          0.666434944, 1.11412632, -0.0845530629, 1.45803154,
          -0.667039514, -0.52613759, -0.806919277, 0.00785726495,
          0.0835154951, 0.643103182, 0.00966336858, -0.824421644,
          -0.838894844, -2.55993271, 0.369920135, -0.197686553,
          0.746863306, 2.53085661, 1.44305539, 0.962499619, 0.837101877,
          -1.26651609, -0.361451983, -0.736659884, 0.387947172,
          0.932375073, 1.28674924, 1.33976245, 0.823192418, -0.884144008,
          -1.95826483, -2.07231975, -0.347439319, 0.408120245,
          0.301613539, 0.837534964, 0.578831971, 0.599319279 ]
      - [ -1.10307717, -1.6590184, -1.4311142, 0.111823305, 0.594656289,
          0.574608207, 1.29176474, 0.753265858, 2.09498596, 0.703613997,
          -0.155437991, 0.593547523, 0.731449187, -1.13482165,
          0.300931752, -0.780936062, 0.500603914, 0.384432554,
          0.178658068, 1.33177221, -0.910119295, 0.465363771,
          -0.393260837, -0.132048801, 0.126824379, 0.117947206,
          -0.681629002, 0.066134572, 0.427386492, -0.138652831,
          -0.772949219, 0.0677731857, 1.21280241, 1.18287396,
          0.899620533, 0.652327597, -0.0628870949, -1.1719774,
          -2.25330257, -2.87125349, -0.858867824, -0.68084079,
          0.442183107, 0.870013416, 1.45445251, 1.94021189, 1.09857023,
          1.23958898, 0.140641451, 0.0780491903, 0.71985209, 0.082384415,
          -0.271738827, 0.323162824, 0.346540004, 0.251175612,
          -0.805549681, -0.365316361, 0.498091996, 0.709383011,
          0.677351058, -0.211292759, -0.263677388, -0.0447806343 ]
      - [ -0.579251587, -0.512500942, -0.440872878, -0.522690773,
          0.458405107, 0.952921987, 0.974755466, 1.18029392, 1.18307579,
          0.634491682, 0.443932682, 0.450432807, 0.504274011,
          0.394099414, 0.287429392, 0.0933633298, -0.0563405417,
          0.127766475, 0.064190641, 0.0508905537, 0.320994139,
          0.607153356, 0.500511169, 0.275325805, 0.641861379,
          0.546733081, -0.104337394, -0.0670513809, -0.188592345,
          -0.582574844, -0.361876965, -0.0585318916, 0.563597918,
          0.262132853, -0.06616541, -0.422769904, -0.301377803,
          -0.102432586, -0.133682638, -0.678869367, -0.542504728,
          0.448396772, 0.0581172593, 0.0158716999, 0.354683101,
          1.01758182, 0.342183083, 0.501955867, 0.449598044,
          0.0784407109, 0.39722383, 0.0871535391, 0.506744921,
          -0.0644745082, -0.565621972, -0.481339425, -0.711519659,
          -0.0501336679, -0.0721948072, -0.113900125, 0.350250542,
          0.163167715, 0.240686238, 0.680740654 ]
      - [ 0.839274287, -0.0484795198, -0.0178198405, 0.652160943,
          0.62324816, 0.382215977, 1.21216798, -0.729849637,
          -0.362329304, -0.129295707, 0.387425929, -0.534603715,
          0.108014621, -0.0459691323, 1.36350989, 1.13143361,
          -1.37810481, -1.17090797, 0.216933489, 0.270401955, 1.47182882,
          0.665076017, 1.05249345, 0.302633852, 0.780569673, 0.23911114,
          1.39378262, 1.39291048, 1.05537045, 0.254846036, 0.730603397,
          -0.871095061, 1.81923139, 0.420715094, 1.1853497, 1.43605661,
          1.06172228, -0.436595529, -1.59042168, -2.10482979,
          0.114085846, -0.321333975, 0.980406284, 0.726361513,
          0.28050074, -0.151441619, 0.146309033, 0.263844699,
          -0.135522395, 0.115901761, 0.865208507, 1.08700359,
          0.734027267, 1.45780575, 1.41174102, -0.494015902, -1.45753992,
          -0.229473025, 0.231804565, 0.0756400228, 0.59218365,
          1.82710564, 1.76980865, 1.21669364 ]
      - [ 0.428139746, -1.61111033, -1.12593365, -0.113020614,
          -0.3002882, 0.467448115, 1.15862119, 0.209625319, 2.16504717,
          2.31600976, 1.12493706, -2.01633334, -0.356941253,
          -0.651531041, -1.18820047, -0.347388238, -1.69716787,
          -2.08250403, -0.924640596, -0.473630548, -0.53788358,
          1.36676502, 1.5224874, 2.11333323, 2.61961675, 0.27436623,
          0.610325694, 0.261767447, -0.33104521, -0.42197454,
          -1.27781272, -0.418320179, 1.74668086, 0.588983953,
          -0.208971828, -0.691431463, -1.12607789, -0.693129003,
          -0.983650804, -0.795194507, -0.297906846, -0.29860875,
          -0.449046254, -0.664405406, -0.443160146, -0.524238586,
          0.188623935, 0.850274563, 0.457193166, 1.20505393, 1.18982363,
          0.326670051, 0.0090888245, 0.618976355, -1.39341712,
          -0.274830878, -0.811621308, -1.26795638, -0.670877755,
          -0.743298709, -0.827196598, -0.228869691, -0.363003343,
          0.969210804 ]
      - [ -0.602552772, -1.29091835, -1.16707551, -1.70956147,
          -0.934174955, 0.585662842, 0.817218184, 1.05552363, 1.70801544,
          1.3361249, 0.945918679, 0.929445207, 0.0292358585,
          -0.039307721, 0.0757916197, 0.873059988, -0.338385731,
          -0.237803638, -0.259453207, -0.00800339133, 0.669218719,
          0.911576807, 0.65978539, 0.409303635, 0.858227372, 0.672661901,
          -0.0101064658, -0.994849324, -0.125728652, 1.16484272,
          0.688982785, -0.322063774, 0.890400052, 0.898129582,
          1.52574992, 0.454282165, -0.522422433, -0.469149947,
          -0.507792294, -1.29679596, -1.1051265, -0.120143905,
          -0.315947533, 0.643684089, -0.196962878, 0.881859899,
          1.21262896, 0.123711757, -0.139041498, -1.33973515,
          -0.0152841285, 0.609479129, 1.53298855, 1.94727266,
          0.300836593, 0.621344626, -0.124856323, -0.418925524,
          0.0310369395, -0.26744929, 0.480566531, 0.847588301,
          0.701233149, -0.00913192611 ]
      - [ -0.720405579, -0.484321088, 0.233870193, 0.373030752,
          -0.595400214, -1.13370931, -1.54740846, -0.160778373,
          0.799704015, 0.433757812, 0.214861274, 0.360607147,
          -0.337875843, 0.199566215, -0.643787205, -1.84695792,
          0.426191002, 1.07071018, 0.435752183, -0.891627192,
          -1.12186968, 0.523355186, -0.763736606, -0.459420353,
          0.329179317, -0.365329891, -0.0275506563, -0.281401426,
          -0.283065349, -0.832793832, -0.81931299, -0.139093295,
          2.13639736, 1.45463169, 0.912180603, 1.64362741, -0.563553274,
          -0.70877701, -1.75902069, -1.04430568, -1.12030137,
          -0.977080882, -1.60931897, -0.968363941, -0.945455432,
          -0.0904589146, -0.0268302131, 1.22597158, 0.11638768,
          0.483933657, 0.492740482, -0.600037396, -2.32017851,
          -0.676458895, -0.946954787, 0.393210292, 1.99872053,
          1.06091094, -0.305975199, -1.11576748, -1.56323504,
          -1.22766292, -1.170784, -0.986949503 ]
      - [ 0.542094946, -0.294924378, -0.115633138, 0.627431691,
          1.65266526, 1.80320132, 1.44582713, 3.33652663, 1.76717257,
          1.61648643, 1.63287127, 1.00802052, 0.915401042, 0.594213426,
          0.724943817, 1.35294259, 0.0419638343, 0.244819716, 1.22433352,
          0.12828593, 0.058748927, 0.793866992, 1.26033378, 1.016083,
          1.40068758, -0.196340263, 1.46615422, 0.242961258,
          -0.532968521, -1.46326661, -1.51790833, -0.431644559,
          1.00092387, 0.278930992, -0.373282999, -0.406815708,
          0.0663885996, -0.0471231975, 0.659643233, 0.45348224,
          -1.89721215, 0.140971005, -0.693274856, -1.20834589,
          -0.517719924, 1.34727943, 0.402035117, 0.902916431, 1.30414569,
          0.338145941, 1.25283158, -1.16876543, -1.44152105,
          -0.688043773, -0.394275725, -0.918077528, -1.49426448,
          0.229902253, 0.38649255, -1.55793226, -1.24835265,
          -0.0851774812, -0.89093852, 1.92108393 ]
      - [ 1.35537088, 0.953062534, 1.34995532, 0.573164403, -0.353270531,
          -1.1707567, -1.88654923, -2.29384375, -1.65393972,
          -0.317701519, -0.72962594, -0.323617697, -0.781032622,
          1.17038667, 1.56418192, 1.78323364, -1.10640299, -0.239900365,
          -0.23699829, -1.15195286, 0.0807153061, -0.373018831,
          -0.00584486173, 0.285648286, 1.64723742, 0.302813083,
          1.66271675, 2.20115447, -0.196905136, 0.152318418, 0.146893173,
          -1.05481827, 1.01552665, 0.726887047, 0.105614863,
          -0.236453012, 0.702784836, 0.486405849, -0.446094453,
          -0.872724116, -0.502514124, -0.176943287, -1.1360631,
          -0.965236187, -1.75522268, -0.587524414, 0.757303417,
          1.0396564, 0.443322033, 1.45049214, -0.0596449003, 0.11553812,
          -0.346482366, -0.657146513, 0.052942723, 1.46985102,
          1.46265125, 0.476792157, -0.207273632, -0.465115994,
          -0.33841157, 0.653840184, 0.366931438, -0.561102629 ]
      - [ 0.762444615, 0.191040754, 0.122702397, -0.11772687,
          -0.636089146, -1.20709848, -1.83059621, -0.462357938,
          1.60859418, 0.729213297, 0.017368909, 0.126941338, -1.45793903,
          -1.77956927, -0.987678528, -0.346642613, 0.229546055,
          0.260654777, -1.1405611, -2.33457184, 0.0352343768,
          -0.130737141, 0.693042338, 1.90986323, 0.726359367,
          0.435254961, 1.02334595, 0.769850612, -1.05624568, -2.09802914,
          -1.83337688, -0.598267615, 0.957835257, 1.08181691,
          -0.190194115, -0.130541727, -0.0990951285, 0.168511838,
          -0.710038841, 0.314100742, -0.501274586, -0.740282416,
          -0.701126933, -1.4168576, -0.505872667, -0.462103903,
          -0.872433245, 0.0518834442, 0.528578281, 0.754263103,
          0.179247975, -0.269502193, -1.97792602, -0.259328812,
          -0.469825506, 0.15853925, 1.63017356, 1.34901488, 0.829057217,
          -1.08856189, -1.99776173, -0.547881663, -1.95650697,
          -0.723861575 ]
      - [ 0.313999504, 0.244096056, 0.474618703, -0.254694641,
          -2.42251229, -2.03674769, -0.713618636, -1.07843697,
          2.03060198, 0.889532804, 0.521536171, 0.946933389,
          -0.267372996, -0.226142257, 1.04232061, -0.213460624,
          -0.937007725, -0.935542941, 0.213723406, -1.2533015,
          -0.586204767, 0.144524157, 0.542909622, 0.27865392,
          0.340664208, 1.25344825, -0.101430841, 0.911279857,
          -1.51743662, -0.487356365, -0.548495054, 0.401127726,
          -0.0244072918, 1.0443325, 1.52245092, 0.404468685, 0.755382776,
          0.332848787, 0.770415664, -0.508426964, -1.55639935,
          -1.64586997, -1.72358, -2.54264355, -2.43755269, -0.976041019,
          0.041604571, 0.0451126061, -0.139965236, -0.131659687,
          0.970783114, -0.654565632, 1.62404144, -0.0907022804,
          1.58025539, 2.01411247, 2.7319262, 0.407914013, 0.272730678,
          -0.578906298, -0.19533515, -0.0844909027, -0.290930271,
          -1.3161552 ]
      - [ 0.60264194, -0.389194041, -0.392902493, 0.270653307,
          0.465260237, 0.981514931, 1.28272343, 2.0968554, 0.372597545,
          0.212716326, 0.51805526, 0.584612548, 0.755385816, 0.704699576,
          1.25598288, 1.46931982, -1.32014346, -0.605617046, 0.235538483,
          0.767265975, 0.289623499, 1.28465688, 1.85852134, 1.5204078,
          1.24302423, 0.134824887, 0.893578887, 0.355552644,
          -0.00501855882, -0.680018544, -0.517413616, -0.996197462,
          -0.600309551, 0.166557416, -0.467973262, -0.807164252,
          0.101022854, 0.815099239, 0.877833188, 1.40409064,
          -0.414557099, 1.07554078, 1.29928923, -0.0962586105,
          0.0910238773, -0.209321946, -0.230189592, 0.985992491,
          1.42440641, 0.837293029, 0.202945068, -0.870383322,
          0.743967474, -0.430566698, -1.40271735, -0.792500198,
          -2.02814555, -0.0437807888, 0.308305502, 0.691828966,
          1.25114238, 1.52556717, 0.0791391358, 1.14350092 ]
      - [ 1.46007645, 1.35968232, 1.0122658, 0.590115011, -0.221599832,
          0.48540172, 0.385070115, -1.8431679, -1.67981374, -0.167281151,
          -0.466900736, -0.68056798, -0.0356667191, 0.0771399811,
          1.10305834, 1.6219604, -0.857989728, -1.25984561, -0.640123725,
          0.511735857, 0.973131418, -0.0760593861, 0.316603065,
          0.110249192, 0.0626079291, -0.400504291, 1.24019539,
          1.64436579, 0.218283147, 0.972441971, -0.0438464396,
          -0.340393513, -0.928471148, -0.856681943, 0.784175158,
          -0.060091991, 0.616748452, 0.148564622, 0.563747108,
          0.900829136, 1.17175174, 0.27826947, -0.0129703926,
          0.721852303, 0.334957868, -0.853879035, -1.51643252,
          -0.948335588, 0.80230695, -0.135440245, -0.0713775307,
          0.160877213, 0.492665589, 1.45253408, 1.17918253, -0.218767777,
          -0.631375074, -0.0950073376, 0.11777091, -0.677852809,
          0.668906629, 0.653992176, 1.39903736, 0.316039592 ]
      - [ 0.825363874, 0.0759648979, 0.222910374, -1.04736507,
          -0.238549352, -1.34072959, -0.124514267, -0.0681475177,
          -0.0661375374, 0.566944659, -0.406259894, -0.909428,
          -1.93189931, -0.580290794, -1.28740382, 0.825666845,
          -2.59641457, -1.91344595, -1.35601723, -1.07457542,
          0.0696121082, 2.06233478, 2.08710647, 3.18709087, 1.4032129,
          0.288784385, 1.37351477, 0.486292183, -0.196106613,
          -0.129158169, -1.75041115, -1.31974971, -0.470903873,
          0.446320325, -1.08394277, -0.498033851, -1.40209091,
          0.675516069, 0.815009654, 1.64822221, 0.946051419,
          -0.139573872, -0.58649379, -1.00584269, -0.163322926,
          -0.769480884, -0.913436353, -0.130485639, 0.408581942,
          0.987284601, 0.493716121, 0.134335801, -0.340941936,
          0.213928193, -1.57188749, -0.66700989, -0.837878287,
          -0.852315903, -0.989644825, -0.548151731, 0.068918027,
          1.12750518, -0.776667058, 0.899219275 ]
      - [ 0.532371759, 1.93003142, 0.563483059, -0.694651842,
          -0.916161358, -1.736462, 0.151747495, -0.72200191, 0.396028936,
          0.411308855, 0.551030159, 0.474725783, 0.153479442, 1.22239494,
          0.780110478, 0.96159035, -1.18323541, -1.53694236,
          -0.503089666, 0.568552136, 1.16664088, 1.18766904, 0.272874236,
          -0.102133758, 0.326890707, -0.632986248, 0.709405839,
          0.0702523664, -0.753814399, 0.766378999, -0.235656753,
          -0.39253518, -1.88792634, -0.978390098, 0.367526978,
          0.0772428736, 0.0734075531, 0.595053017, 2.02264667,
          0.923777699, 0.537479997, 0.743864536, -0.0854486078,
          -0.864280939, -0.173785344, -0.921910167, -1.0366751,
          -1.18756878, -0.527707577, -1.11332536, -0.769269586,
          0.772511184, 1.63354146, 1.5658983, 0.173347205, 0.64786911,
          -0.160941973, -0.258200407, 0.854335904, 0.31638667,
          0.608344793, 1.11626077, 1.04299486, 0.726635039 ]
      - [ 0.566569626, 0.712852061, 0.339845806, 0.0567337722,
          -0.311770469, -0.337795913, -0.50542897, -1.3418206,
          -0.997116566, -0.530106544, -0.375580639, -0.388717979,
          -0.306844771, -0.216040313, -0.0312173683, 0.258835196,
          -0.479456335, -0.510430217, -0.486966789, -0.346164316,
          -0.360280186, -0.388782561, -0.299623817, -0.130477577,
          0.0365063399, -0.0344833136, 0.0519739464, 0.587867439,
          0.61172545, 0.425524414, 0.216205657, -0.227022588,
          -0.283278078, 0.325394183, 0.305094838, 0.0373540148,
          0.302367032, -0.0030811883, 0.115407474, 0.0908784643,
          0.378977865, 0.0404750705, -0.296055228, 0.190049082,
          -0.179491162, -0.717357635, -0.591736376, -0.148799613,
          -0.163247883, -0.242287666, -0.134936094, 0.477725476,
          0.196497023, 0.210374266, 0.535963655, 0.296062768,
          0.269958377, 0.0233397204, 0.189361557, 0.208178625,
          -0.155267999, -0.0625694916, 0.29885006, -0.277970433 ]
      - [ -0.17468217, 1.04543281, 0.822886109, 0.708337188, -1.13321555,
          -1.66171062, -1.76630628, -2.20306516, -0.75416404,
          -0.12269327, -0.660915673, -0.721817255, -1.51543403,
          -1.45552945, -1.52053714, 0.213161483, -0.448678851,
          -1.47849739, -0.818779349, -0.332149446, -0.627696991,
          -0.223183975, -0.414848536, 0.504325151, -0.337405533,
          0.306778431, 0.190734461, 0.806167841, 0.104729369,
          0.386203349, -0.641568542, -0.702924609, -0.325113863,
          0.13093932, 0.0937559158, 0.705047667, 0.339179188,
          -0.0872550458, -0.834275067, 0.433634371, 0.506501615,
          0.169443458, -0.474105239, -0.870831072, -0.368740469,
          -0.843990624, -0.469565481, -0.812374949, -0.088066645,
          -0.10649389, 0.423014641, 0.342332214, -0.932922721, 0.4947505,
          0.913527489, -0.0154191637, 0.662802339, 0.356137007,
          0.266990632, -0.370972663, -1.78506911, -0.298916489,
          -0.141436383, -0.624742031 ]
      - [ -0.0344908014, 0.527732909, 0.770674348, -0.447274715,
          -1.37580919, -1.07037437, -0.0571377352, -1.26245368,
          -0.228428066, 0.0120243412, -0.211021796, -0.192895845,
          -0.69013989, -0.297482669, -0.937855542, 0.0408444069,
          -0.362911046, -1.12633061, 0.197525978, -0.0414369889,
          -0.175760314, 0.0476693027, -0.37417078, -0.545560777,
          -0.0942259431, -0.259054244, 0.189579323, 0.0950835496,
          0.45321992, 0.767944574, 0.769560337, -0.526593566,
          -0.44075051, 0.0374095663, 0.7677297, 0.77913481, 0.741680205,
          -0.0421092547, -0.0139732026, 0.422520667, -0.100915849,
          -0.513001263, -0.716839254, 0.0487881601, -0.632500827,
          -0.434157133, 0.0192340612, -0.858636141, -0.74424547,
          -0.706530929, -0.402033269, 0.317662716, 0.660091281,
          0.933496475, 1.6755023, 0.746133387, 0.364202797, 0.294187665,
          0.127802387, 0.370192885, -0.0958438888, 0.201534882,
          -0.114828631, -1.27856767 ]
      - [ -0.487843424, -0.907405496, -0.642832041, -0.95461607,
          0.333731413, -0.0265361816, -0.376332015, 1.41076863,
          2.04334426, 0.673507392, 0.876638412, 0.123583242,
          -0.958566308, -1.13255, -1.31328619, -0.120563596, 0.519710422,
          0.555425406, -0.877479851, -1.11118281, -0.814061701,
          0.479478329, 0.82162869, 0.846100748, 0.564908922,
          -0.682581365, -0.739145398, -1.6590873, -1.43365729,
          -1.69861639, -1.44530702, 0.671166778, 0.471370876,
          -0.093402043, -0.77753973, -1.08176708, -0.889057994,
          0.107435152, -0.12201681, 0.314987004, -0.216632962,
          0.169484571, -0.509992003, -0.823806107, 0.182146668,
          0.42963779, 0.498067856, 0.978529155, 0.533004642, 0.320181429,
          -0.1279203, -0.750041425, -0.794491231, -1.36056566,
          -0.581241131, 0.561569393, 0.49713546, 0.236795411,
          -0.217869073, -0.104421943, -1.00248134, -1.10628808,
          -1.57982898, -1.4308362 ]
      - [ -2.04003024, -0.120122932, -1.38432193, -1.60275316,
          -1.81338048, -0.317603558, 0.68463695, 2.3078959, 3.70900416,
          0.688674748, 1.89681864, 0.933504462, -1.3338294, 0.308070004,
          -1.6305728, -1.28775918, 0.445883304, -0.578120291, 0.23692596,
          0.483014554, 0.52675575, 0.62116152, 0.666579127, 0.565963387,
          -0.711281776, -0.415470421, -2.18340802, -3.08598733,
          -0.753201127, 0.569593072, -0.303508192, 0.867629945,
          1.28449559, -0.441088468, 0.00659956317, -0.282728165,
          -0.684960842, 0.980973065, 0.0830128789, 0.658065379,
          -1.64940989, 1.24356973, -0.364735365, -1.15598559,
          -1.00760579, 1.12638283, 1.9903208, -0.354098886, -0.560527921,
          -1.68610168, -0.201669484, -0.821874201, 0.506209493,
          1.35455048, 0.130005464, 0.264889389, -0.228127137,
          -0.843133748, -0.681191564, -0.206266791, 0.432049632,
          -0.630529761, -0.0531631187, 0.867022455 ]
      - [ 0.251541317, -0.117183514, -0.552098036, -1.0971427,
          -1.57006907, -0.106205359, 1.13062191, 0.125366166,
          -0.437663972, 0.0813689977, 0.977381706, 1.27694404,
          1.35756445, 1.09109366, 1.02238131, 0.246749759, 0.546918392,
          -0.550701559, 0.180544645, 1.00173724, 0.849788666,
          -0.480029434, -0.678669989, -1.35961068, -0.723229289,
          -0.228272855, -0.731507182, -0.338662744, 0.868472219,
          1.24818397, 1.97844446, -0.17685248, -0.820997357,
          -0.347634166, 0.747698367, 1.22367764, 0.37187925, 0.189281598,
          0.121184036, -1.01049459, -0.468052089, 0.0565155633,
          0.242207333, 0.0502528138, -0.413457125, 0.0429102331,
          0.142222136, -1.1010381, -0.541109145, -1.60762537,
          -1.68836784, -0.0394594595, 1.82149971, 1.90013158, 1.23508489,
          0.327689618, 0.0294017848, -0.28933984, 0.425489604,
          0.274575293, 0.796068132, 1.03318083, 1.42895579, 1.32956135 ]
   uncompressed_sv_total: 775
   uncompressed_support_vectors:
      - [ 0.379052877, 0.379052877, 0.379052877, 0.379052877,
          0.314455926, 0.128083274, 0.089476347, 0.0990255624,
          0.0315658562, 0., 0., 0., 0., 0.00548250088, 0.379052877,
          0.379052877, 0.391302675, 0.117070556, 0.175482556,
          0.0194665939, 0., 0., 0., 0.0711240172, 0.0984735638,
          0.0660282373, 0.391302675, 0.391302675, 0.391302675,
          0.115715474, 0.391302675, 0.391302675, 0.156947404, 0.,
          0.0311659984, 0.0500522666, 0.0168082993, 0.0168229565,
          0.0314099677, 0.104345351, 0.165397868, 0.340246797,
          0.236534819, 0.248010829, 0.416744918, 0.416744918,
          0.416744918, 0.416744918, 0.414454192, 0.414454192,
          0.414454192, 0.314492911, 0.306076586, 0.23693487, 0.344156772,
          0.181777433, 0.0821842477, 0.00815004949, 0.0382574759,
          0.01025852, 0.0162229799, 0., 0.125879824, 0.236285761 ]
      - [ 0.425096661, 0.425096661, 0.425096661, 0.425096661,
          0.192423508, 0.13991785, 0.0750926808, 0.099139303,
          0.0268959273, 0., 0., 0., 0., 0., 0.246616215, 0.373243272,
          0.290906906, 0.281500459, 0.229014099, 0.000350579299, 0., 0.,
          0., 0.148814619, 0.195725724, 0.174345464, 0.332648754,
          0.340228707, 0.340228707, 0.340228707, 0.340228707,
          0.340228707, 0.331972331, 0.0222648028, 0.0264586192,
          0.0612837449, 0.0813574418, 0.0383138694, 0.152001411,
          0.237824515, 0.144954681, 0.18844372, 0.0217336919,
          0.283056855, 0.404947281, 0.404947281, 0.404947281,
          0.404947281, 0.402082831, 0.402082831, 0.402082831,
          0.402082831, 0.402082831, 0.0773890167, 0.0702153221,
          0.114773691, 0.0616488382, 0.0235504583, 0.00218359102, 0., 0.,
          0.0382350944, 0.0938636512, 0.385882884 ]
      - [ 0.0630806163, 0.019820543, 0.0588451326, 0.422179848,
          0.494461507, 0.494461507, 0.494461507, 0.193759099,
          0.0901851356, 0., 0., 0.00818545278, 0.0387146249,
          0.0189917739, 0.0551887862, 0.157690555, 0.271380395,
          0.0686025172, 0.122368194, 0.0512144826, 0., 0., 0.,
          0.109224506, 0.315110505, 0.374326795, 0.405840784,
          0.405840784, 0.405840784, 0.281431943, 0.239364639,
          0.134277195, 0.0451861061, 0.00799847487, 0., 0., 0.0121893426,
          0.0416366681, 0.0310864542, 0.129530728, 0.357256532,
          0.45227772, 0.45227772, 0.45227772, 0.45227772, 0.126572445,
          0.071125932, 0.0825686753, 0.0110955508, 0.0823019966,
          0.386710197, 0.490483731, 0.490483731, 0.490483731,
          0.308990598, 0.141432166, 0.0345901102, 0.00623895787,
          0.00637042988, 0., 0., 0., 0.00228994479, 0.013320405 ]
      - [ 0.270256847, 0.472926855, 0.472926855, 0.472926855,
          0.472926855, 0.123193435, 0.00493573444, 0.0474273413,
          0.00434251968, 0., 0., 0., 0., 0., 0.0207931362, 0.0984718874,
          0.202488035, 0.117211081, 0.0148646673, 0.00722119445, 0., 0.,
          0., 0.0065809628, 0.0770096108, 0.212396875, 0.36582315,
          0.454195321, 0.454195321, 0.454195321, 0.281178921,
          0.239991248, 0.330995053, 0.0822828114, 0.161679447,
          0.015643945, 0.0299097896, 0.0613520257, 0.148039535,
          0.114408091, 0.30087164, 0.17498526, 0.291752458, 0.341711104,
          0.395439208, 0.230415314, 0.395439208, 0.353281349,
          0.343395829, 0.343395829, 0.343395829, 0.343395829,
          0.343395829, 0.343395829, 0.148672521, 0.184782147,
          0.0731617361, 0.033587575, 0.0107971532, 0., 0.0573882237,
          0.252178252, 0.203448966, 0.343395829 ]
      - [ 0.310410529, 0.310410529, 0.310410529, 0.197075605,
          0.310410529, 0.0971449986, 0.141757339, 0.310410529,
          0.137340039, 0.118488148, 0.261652946, 0.300336927,
          0.246445194, 0.0417465083, 0.310410529, 0.310410529,
          0.0800792724, 0., 0., 0., 0., 0., 0., 0.0284752194,
          0.132154211, 0.381238788, 0.38023293, 0.381238788, 0.381238788,
          0.381238788, 0.316561162, 0.381238788, 0.248503968,
          0.0579701141, 0.0831019729, 0., 0.0112884128, 0.000769002712,
          0., 0.0463267118, 0.197429508, 0.406736106, 0.372826904,
          0.406736106, 0.406736106, 0.316745371, 0.275799274, 0.26639843,
          0.157484636, 0.429601908, 0.429601908, 0.429601908,
          0.396025151, 0.261841655, 0.29923892, 0.299043715, 0.102165334,
          0., 0., 0., 0., 0., 0., 0.0492735989 ]
      - [ 0.291515201, 0.375911832, 0.375911832, 0.375911832,
          0.375911832, 0.375911832, 0.375911832, 0.231881917,
          0.0842615142, 0.0371424332, 0.00335392961, 0.00601917785,
          0.0223207865, 0.0115744816, 0.0103712864, 0.0192109365,
          0.0869980305, 0.0285453014, 0., 0., 0., 0.00461032754,
          0.0054632281, 0.0367626026, 0.148112386, 0.304186463,
          0.426593602, 0.426593602, 0.426593602, 0.426593602,
          0.280806005, 0.254372776, 0.231874257, 0.314223021,
          0.120275147, 0.0597210974, 0.12117286, 0.314223021,
          0.314223021, 0.314223021, 0.314223021, 0.314223021,
          0.0723849013, 0.171502903, 0.314223021, 0.314223021,
          0.05557153, 0.287661403, 0.21190758, 0.379460514, 0.379460514,
          0.379460514, 0.379460514, 0.379460514, 0.177466303,
          0.379460514, 0.20880647, 0.0184527766, 0.0204034373,
          0.00778566301, 0., 0., 0.0024910823, 0.10697867 ]
      - [ 0.103089608, 0.34273687, 0.34273687, 0.34273687, 0.34273687,
          0.34273687, 0.0239972994, 0.34273687, 0.279503137, 0.230128512,
          0.34273687, 0.0705353692, 0.00360620092, 0.00601449469,
          0.150744766, 0.0652903616, 0.0406549945, 0.00595009746,
          0.00300322962, 0.00193217583, 0., 0., 0., 0.0890822336,
          0.304094225, 0.443732738, 0.443732738, 0.443732738,
          0.443732738, 0.163717031, 0.177134842, 0.218363479,
          0.0264633745, 0., 0.00841804501, 0.00551110459, 0.0398287214,
          0.0322807617, 0.0112469988, 0.151078105, 0.303130358,
          0.327150106, 0.411671549, 0.411671549, 0.411671549,
          0.411671549, 0.264525771, 0.150743559, 0.143835455,
          0.378498524, 0.378498524, 0.378498524, 0.378498524,
          0.378498524, 0.378498524, 0.30099535, 0.133386552,
          0.000659209676, 0., 0., 0.00118784292, 0.00707140146,
          0.0142249232, 0.0855491832 ]
      - [ 0.117716357, 0.41914317, 0.41914317, 0.41914317, 0.41914317,
          0.41914317, 0.132537246, 0.227044463, 0.133924082, 0.,
          0.0440386906, 0.0131507674, 0., 0., 0., 0.119948819,
          0.148233503, 0.00165657303, 0., 0., 0., 0., 0., 0.198482275,
          0.385353804, 0.385353804, 0.385353804, 0.385353804,
          0.385353804, 0.385353804, 0.165239453, 0.128411606,
          0.175588965, 0.00342432968, 0.0785347372, 0.14821358,
          0.0182627607, 0.050403133, 0.281573534, 0.270737201,
          0.275507241, 0.317689657, 0.317689657, 0.317689657,
          0.317689657, 0.317689657, 0.317689657, 0.317689657,
          0.0401396118, 0.119504273, 0.153143838, 0.491345555,
          0.491345555, 0.491345555, 0.392832726, 0.276116341,
          0.0304033943, 0., 0., 0., 0., 0., 0., 0.00190912012 ]
      - [ 0.184971288, 0.384363979, 0.328584254, 0.472701997,
          0.472701997, 0.472701997, 0.172952965, 0.0584421977,
          0.0304100681, 0., 0., 0., 0., 0., 0., 0.027683679, 0.330068588,
          0.330068588, 0.213322714, 0.314219534, 0.057960663,
          0.0775223598, 0.113726474, 0.120922424, 0.114479199,
          0.0750804693, 0.330068588, 0.330068588, 0.18487002,
          0.330068588, 0.330068588, 0.330068588, 0.183745041,
          0.101319887, 0., 0., 0.00235463493, 0.0572831072, 0.0468138158,
          0.16642946, 0.381234139, 0.381234139, 0.381234139, 0.381234139,
          0.381234139, 0.381234139, 0.199492276, 0.0845712498,
          0.307811171, 0.384302646, 0.384302646, 0.384302646,
          0.384302646, 0.384302646, 0.102678232, 0.142178282,
          0.0596639141, 0.0310140699, 0.0388479047, 0.00170104392,
          0.0426985845, 0.121293232, 0.0553874522, 0.326459795 ]
      - [ 0.278460056, 0.473667234, 0.473667234, 0.473667234,
          0.473667234, 0.129946172, 0.0454748012, 0.00824592635,
          0.000800663023, 0., 0., 0., 0., 0., 0., 0.0355473384,
          0.312204629, 0.167916566, 0.0502763577, 0., 0., 0., 0.,
          0.00290954811, 0.124310531, 0.063919656, 0.0897232741,
          0.465176493, 0.465176493, 0.465176493, 0.300655842,
          0.316226423, 0.394233525, 0., 0.0224914663, 0.0828518271,
          0.0758669004, 0.0886006355, 0.0231170096, 0.120348819,
          0.104247749, 0.118918434, 0.0503760576, 0.394233525,
          0.394233525, 0.394233525, 0.394233525, 0.394233525,
          0.486157805, 0.147915915, 0.204940081, 0.486157805,
          0.486157805, 0.168221265, 0.168533534, 0.278317183,
          0.0793008953, 0.00468436256, 0., 0.00104847725, 0.0560027547,
          0.137223706, 0.176111579, 0.169589102 ]
      - [ 0.369566649, 0.067915827, 0.369566649, 0.317666531,
          0.369566649, 0.259776413, 0.351073623, 0.0785128251,
          0.216221511, 0.0809089616, 0.00662806258, 0.0405243896,
          0.304269969, 0., 0., 0.369566649, 0.460526913, 0.460526913,
          0.192528203, 0.221815705, 0.140038297, 0., 0., 0.144173995,
          0.213059276, 0.0894220695, 0.136992097, 0.163664758,
          0.00691753067, 0.227506638, 0.285881132, 0.460526913,
          0.351882428, 0.0291495044, 0.120023847, 0.136770904,
          0.0947846174, 0.145131797, 0.0242866445, 0.0967775211,
          0.135941371, 0.345524937, 0.157498196, 0.381842285,
          0.381842285, 0.381842285, 0.229155168, 0.381842285,
          0.405069739, 0.405069739, 0.405069739, 0.405069739,
          0.405069739, 0.343405426, 0.0137756923, 0.0541644879,
          0.0521795079, 0., 0., 0., 0., 0.0845358819, 0.118688464,
          0.174754784 ]
      - [ 0.42092821, 0.42092821, 0.42092821, 0.42092821, 0.41972062,
          0.0265982579, 0.0156667754, 0.0535225123, 0.0121826967, 0., 0.,
          0., 0., 0.0343007073, 0.0315307453, 0.323683232, 0.392267317,
          0.136572063, 0.0744217187, 0., 0., 0.00454796571, 0.0399808511,
          0.0440368243, 0.284498036, 0.191587612, 0.135101944,
          0.251130402, 0.392267317, 0.392267317, 0.392267317,
          0.392267317, 0.416721493, 0.0191596299, 0.0264572371,
          0.0352971628, 0.0269886516, 0.0567059927, 0.0400499478,
          0.0536526814, 0.0320158303, 0.0846346542, 0.261394322,
          0.416721493, 0.416721493, 0.416721493, 0.200745106,
          0.416721493, 0.25273335, 0.478299856, 0.478299856, 0.478299856,
          0.478299856, 0.0421068482, 0.0812791139, 0.0475404188,
          0.00137888198, 0., 0., 0., 0.0132817598, 0.00205019512, 0.,
          0.0737819225 ]
      - [ 0.220040411, 0.427015036, 0.427015036, 0.427015036,
          0.427015036, 0.427015036, 0.145039588, 0.116359606,
          0.0174648482, 0.00569933001, 0., 0., 0., 0.00358457398,
          0.000576177787, 0.0260899141, 0.0781378224, 0.0199174006,
          0.0210238937, 0.00539404061, 0.000406307023, 0., 0.,
          0.157114714, 0.336310208, 0.235327929, 0.14193964, 0.433496088,
          0.433496088, 0.433496088, 0.433496088, 0.153964847,
          0.294770956, 0.0675407574, 0.0902033895, 0.059574198,
          0.0889331102, 0.0573356785, 0.00310995872, 0.0588561594,
          0.143792883, 0.120798551, 0.194237739, 0.120989487,
          0.444442749, 0.444442749, 0.444442749, 0.444442749, 0.40934673,
          0.40934673, 0.40934673, 0.148389608, 0.0507387072, 0.40934673,
          0.40934673, 0.241054833, 0.184137106, 0.00547697628,
          0.000603575492, 0.00210030563, 0., 0., 0.0120225698,
          0.203224033 ]
      - [ 0.308092147, 0.308092147, 0.308092147, 0.308092147,
          0.308092147, 0.308092147, 0.220295846, 0.231265992,
          0.308092147, 0.00785757229, 0.155976325, 0.308092147,
          0.118651442, 0.0665122718, 0., 0.304382414, 0.254503697,
          0.131068215, 0.0268098805, 0.00271587423, 0., 0., 0.,
          0.0399710089, 0.24634245, 0.129856691, 0.352540135,
          0.386252373, 0.386252373, 0.336557478, 0.386252373,
          0.386252373, 0.205750138, 0., 0., 0.00295969797, 0.00294964365,
          0.00139416847, 0.028218504, 0.0181810986, 0.101466678,
          0.123692848, 0.238791659, 0.417070121, 0.417070121,
          0.417070121, 0.417070121, 0.417070121, 0.402430922,
          0.402430922, 0.402430922, 0.402430922, 0.402430922,
          0.306090713, 0.100079387, 0.19124797, 0.0405972898, 0., 0., 0.,
          0., 0.0449320599, 0.124811105, 0.163396671 ]
      - [ 0.0522167012, 0.0327209756, 0.242729902, 0.528350472,
          0.528350472, 0.528350472, 0.2533485, 0.0727425963,
          0.0673942715, 0.0529792048, 0.0384805314, 0.0721208602,
          0.0184295755, 0.044046443, 0.0935527906, 0.00248046662,
          0.0909852237, 0.0581593886, 0.0443077013, 0.00875142962,
          0.019188188, 0.000694447197, 0.000679395744, 0.040619988,
          0.0842826664, 0.267852694, 0.442520708, 0.442520708,
          0.442520708, 0.442520708, 0.322456777, 0.117194623,
          0.392302305, 0.0633155853, 0.09277343, 0.232980281,
          0.0154703753, 0.0848692805, 0.0683746636, 0.1111307,
          0.0611990541, 0.395724744, 0.236381143, 0.395724744,
          0.395724744, 0.161833897, 0.395724744, 0.196415201,
          0.215432435, 0.402592748, 0.402592748, 0.402592748,
          0.402592748, 0.402592748, 0.301692188, 0.173395455,
          0.043685928, 0., 0., 0., 0.0668549761, 0.00648981845,
          0.0788731351, 0.0737375244 ]
      - [ 0.415343106, 0.415343106, 0.415343106, 0.415343106,
          0.338497758, 0.0520269163, 0.0398904234, 0.163304672,
          0.0293627661, 0.112676352, 0.0547933206, 0.088270016, 0., 0.,
          0.0826812908, 0.359271139, 0.133589372, 0.0240808837, 0., 0.,
          0., 0., 0.0578519776, 0.137152597, 0.140016064, 0.350335389,
          0.171070933, 0.398881674, 0.398881674, 0.383927971,
          0.398881674, 0.398881674, 0.346946865, 0.182545617,
          0.106390789, 0.0125978021, 0.0814577639, 0.075785771,
          0.0958640054, 0.120842457, 0.0792985559, 0.346946865,
          0.258201838, 0.346946865, 0.346946865, 0.346946865,
          0.346946865, 0.346946865, 0.290237039, 0.413466126,
          0.413466126, 0.413466126, 0.413466126, 0.379955113, 0.27016449,
          0.0635601953, 0.0326722227, 0., 0., 0., 0., 0., 0.,
          0.0731637403 ]
      - [ 0.333820254, 0.105468579, 0.0455694571, 0.48072654, 0.48072654,
          0.48072654, 0.289212346, 0.0753367096, 0.0324436761, 0.,
          0.037482582, 0.193113893, 0.100306205, 0.0174498763,
          0.127989233, 0.146462649, 0.347021312, 0.102016248,
          0.0558015741, 0., 0., 0.002844851, 0.0866427869, 0.104795195,
          0.0685069412, 0.341840297, 0.347021312, 0.347021312,
          0.347021312, 0.347021312, 0.347021312, 0.347021312,
          0.0680886358, 0.0090207858, 0.0166419055, 0.0772231445,
          0.0452625379, 0.133179665, 0.150011808, 0.259027749,
          0.132736534, 0.253482878, 0.264588505, 0.409438699,
          0.409438699, 0.409438699, 0.409438699, 0.230494872,
          0.327548772, 0.385200381, 0.385200381, 0.385200381,
          0.385200381, 0.385200381, 0.34132567, 0.134667024,
          0.0293976553, 0.00960044004, 0.0163712036, 0., 0.,
          0.0217968058, 0.0180456731, 0.101504847 ]
      - [ 0.124791965, 0.447239071, 0.353616983, 0.447239071,
          0.447239071, 0.447239071, 0.105502903, 0.192576319,
          0.0680430308, 0., 0., 0., 0., 0., 0., 0.0444634035,
          0.302630424, 0.230206981, 0.00134183548, 0., 0., 0.,
          0.0377248451, 0.207874775, 0.233459204, 0.327088386,
          0.356480002, 0.356480002, 0.356480002, 0.356480002,
          0.101691172, 0.356480002, 0.10570585, 0., 0., 0.,
          0.00491142971, 0.036323823, 0.0178732388, 0.0692654327,
          0.131760657, 0.222667918, 0.31808424, 0.428061336, 0.428061336,
          0.351585388, 0.36965993, 0.428061336, 0.42173323, 0.175285876,
          0.336859584, 0.42173323, 0.42173323, 0.42173323, 0.253024787,
          0.138763815, 0.0466524884, 0., 0., 0., 0., 0., 0.0246834774,
          0.232570738 ]
      - [ 0.095977962, 0.287663519, 0.418072671, 0.418072671,
          0.418072671, 0.418072671, 0.418072671, 0.158330053,
          0.0482135974, 0., 0., 0., 0., 0., 0., 0.050446514, 0.166931987,
          0.0541464463, 0.0118086133, 0.00326429168, 0., 0.00460066879,
          0.0159415267, 0.180526912, 0.269690096, 0.370349467,
          0.370727718, 0.370727718, 0.370727718, 0.370727718,
          0.342950702, 0.234989166, 0.233935669, 0.00212766929, 0.,
          0.0475142412, 0.0285756681, 0.1249782, 0.0128208753,
          0.064453423, 0.0903904513, 0.110906787, 0.400999457,
          0.334744036, 0.377524436, 0.400999457, 0.400999457,
          0.400999457, 0.344878823, 0.344878823, 0.344878823,
          0.344878823, 0.344878823, 0.344878823, 0.213754758,
          0.257986218, 0.14809747, 0.00153103343, 0.00952501781, 0., 0.,
          0., 0.172309265, 0.344878823 ]
      - [ 0.30979982, 0.198031262, 0.356041789, 0.356041789, 0.356041789,
          0.356041789, 0.356041789, 0.356041789, 0.248202413, 0., 0., 0.,
          0., 0., 0.0382312164, 0.193880811, 0.275078923, 0.0787482187,
          0., 0., 0., 0., 0., 0.0261920039, 0.0841586888, 0.208381265,
          0.404298216, 0.404298216, 0.404298216, 0.404298216,
          0.213575765, 0.404298216, 0.388566434, 0., 0.100292802,
          0.152182326, 0.124661252, 0.191187263, 0.0408907682,
          0.0881512538, 0.142792374, 0.198396787, 0.262530923,
          0.388566434, 0.388566434, 0.133310556, 0.388566434,
          0.388566434, 0.404635519, 0.311653405, 0.118947566,
          0.404635519, 0.404635519, 0.305074543, 0.294589221,
          0.194828525, 0.106221236, 0.0253831968, 0., 0., 0.,
          0.00262243417, 0.00403814483, 0.404635519 ]
      - [ 0.185574859, 0.368952483, 0.368952483, 0.368952483,
          0.368952483, 0.368952483, 0.368952483, 0.312951297,
          0.212013036, 0.0144506376, 0., 0.00229115412, 0.00229894626,
          0., 0., 0.0448647738, 0.0977030173, 0.0315965638, 0.040607594,
          0.000350574206, 0., 0., 0., 0.063189365, 0.18904914,
          0.403835088, 0.433699667, 0.433699667, 0.433699667,
          0.433699667, 0.124072433, 0.113505997, 0.318941623,
          0.174668089, 0.00138297444, 0.0388921387, 0.318941623,
          0.0943485796, 0.0927149728, 0.318941623, 0.132977709,
          0.318941623, 0.318941623, 0.318941623, 0.318941623,
          0.218432233, 0.260971427, 0.318941623, 0.268453151,
          0.372501105, 0.254024833, 0.372501105, 0.372501105,
          0.372501105, 0.372501105, 0.372501105, 0.137438923, 0., 0., 0.,
          0., 0.0149326567, 0.0418980792, 0.0791990682 ]
      - [ 0.0769871101, 0.180618867, 0.265392989, 0.496892452,
          0.496892452, 0.496892452, 0.245418325, 0.143170759,
          0.0159617327, 0., 0., 0.000434942805, 0.0398242548,
          0.188369051, 0.11582157, 0.117816672, 0.191455841, 0.127548471,
          0.140325367, 0.026869243, 0.0291655082, 0.00160851819,
          0.00120954984, 0.0388139226, 0.152590528, 0.317145437,
          0.400963783, 0.400963783, 0.32357794, 0.400963783, 0.400963783,
          0.220546052, 0.281778306, 0.0549543239, 0.0929646865,
          0.048900269, 0.000511544524, 0.00195729546, 0.0445757844,
          0.10485062, 0.248059705, 0.312904656, 0.361340731, 0.361340731,
          0.361340731, 0.361340731, 0.361340731, 0.278700233,
          0.395385116, 0.395385116, 0.395385116, 0.395385116,
          0.395385116, 0.306201786, 0.237053245, 0.141075373, 0.06151684,
          0.000894040859, 0., 0.00467597693, 0.00678016013, 0.0613255315,
          0.135917991, 0.135866404 ]
      - [ 0.0531480387, 0.391872019, 0.445692301, 0.445692301,
          0.445692301, 0.445692301, 0.176195353, 0.100526646,
          0.0122949276, 0., 0., 0., 0., 0., 9.63131315e-05, 0.0573713146,
          0.0265481826, 0.0234534051, 0.0968850404, 0.0161675364, 0.,
          0.0382476524, 0.000499650603, 0.0976823568, 0.362294734,
          0.362294734, 0.362294734, 0.362294734, 0.362294734,
          0.362294734, 0.263813466, 0.34253484, 0.224488288, 0.336389035,
          0.176411569, 0., 0.0126438532, 0.0326971486, 0.0936309695,
          0.224341959, 0.336389035, 0.336389035, 0.304626435,
          0.336389035, 0.252480358, 0.138956323, 0.336389035,
          0.336389035, 0.346059889, 0.346059889, 0.346059889,
          0.346059889, 0.346059889, 0.346059889, 0.346059889,
          0.289605469, 0.133353308, 0.146944821, 0.0165432207,
          0.023271706, 0.0367824361, 0.039459303, 0.111485042,
          0.137254864 ]
      - [ 0.444215268, 0.444215268, 0.444215268, 0.27914077, 0.14912878,
          0.0735602081, 0.0319265686, 0.0718204826, 0.0503820218, 0., 0.,
          0.00397783611, 0.0249919053, 0., 0.302204758, 0.444215268,
          0.414292485, 0.0731724277, 0.0472373739, 0., 0., 0.,
          0.00361851277, 0.0766351223, 0.165036231, 0.038476076,
          0.180713058, 0.280027121, 0.169485301, 0.462513208,
          0.462513208, 0.462513208, 0.424769312, 0., 0.00193896948,
          0.00134333991, 0., 0., 0., 0.0182787273, 0.0338127539,
          0.0603643693, 0.00462109316, 0.0946797878, 0.288491666,
          0.488994598, 0.488994598, 0.488994598, 0.414266258,
          0.414266258, 0.414266258, 0.322111338, 0.236799538, 0.,
          0.091378808, 0.183011785, 0.0580325797, 0., 0., 0.0078845825,
          0.00794980116, 0.0597419441, 0.317269683, 0.414266258 ]
      - [ 0.0200309623, 0.0183877144, 0.434402049, 0.52446419,
          0.52446419, 0.397802502, 0.185891598, 0.197710127, 0.138096511,
          0.0218381044, 0.0392073207, 0.0464987606, 0.00646072859, 0.,
          0., 0.00345449476, 0.127466679, 0.0454233699, 0.0388315655,
          0.0516964979, 0.0110445386, 0.00170313346, 0., 0.13418968,
          0.361292869, 0.259651929, 0.459262878, 0.47551319, 0.47551319,
          0.290013403, 0.0839020237, 0.0487903617, 0.176891491,
          0.118605636, 0.0970887169, 0.0620410517, 0.0401163548,
          0.0421987064, 0.0285465866, 0.190687031, 0.132306218,
          0.112034515, 0.151332393, 0.410789102, 0.410789102,
          0.410789102, 0.410789102, 0.410789102, 0.240050912,
          0.406358808, 0.406358808, 0.406358808, 0.272786409,
          0.0482691415, 0.301497459, 0.406358808, 0.204548448, 0., 0.,
          0., 0., 0.00440658629, 0.0787304565, 0.249209151 ]
      - [ 0.0686952844, 0.181616873, 0.554589868, 0.554589868,
          0.554589868, 0.172522515, 0.0574545711, 0.030616492,
          0.00472410861, 0., 0., 0., 0., 0., 0., 0.00486465404,
          0.14634344, 0.0711560622, 0.0550100096, 0., 0., 0., 0.,
          0.058570113, 0.303055346, 0.250564069, 0.415612757,
          0.415612757, 0.415612757, 0.34841156, 0.293716967, 0.287097692,
          0.262741655, 0.0333659761, 0.233987242, 0.0958013907, 0.,
          0.0546490289, 0.104125634, 0.299505323, 0.267585248,
          0.345236808, 0.225455105, 0.201419637, 0.345236808,
          0.345236808, 0.345236808, 0.345236808, 0.0699620396,
          0.19229731, 0.262616843, 0.525244653, 0.525244653, 0.525244653,
          0.177205369, 0.15345183, 0.0314165652, 0.00362741412, 0., 0.,
          0., 0., 0., 0.0178543646 ]
      - [ 0.153835148, 0.247429267, 0.52994293, 0.52994293, 0.52994293,
          0.21229507, 0.0771356374, 0.0906655639, 0.0629275367,
          0.00838531088, 0.00175390579, 0.00105161581, 0., 0., 0.,
          0.0634739324, 0.26352185, 0.0603391416, 0.0208617263, 0., 0.,
          0., 0., 0.0166275725, 0.0244379956, 0.13900356, 0.359715402,
          0.393182248, 0.393182248, 0.393182248, 0.393182248,
          0.393182248, 0.371408254, 0.371408254, 0.284095883, 0., 0.,
          0.013871829, 0.0658392534, 0.0368795544, 0.0956870317,
          0.135729715, 0.193077803, 0.133772999, 0.371408254,
          0.371408254, 0.370429873, 0.371408254, 0.35667485, 0.34325999,
          0.35667485, 0.35667485, 0.351033121, 0.306679398, 0.0668881387,
          0.0714985058, 0.0808866173, 0., 0., 0.00213526818,
          0.0234185997, 0.0925527886, 0.35667485, 0.35667485 ]
      - [ 0.0988072008, 0.52713114, 0.588829458, 0.588829458,
          0.0876820609, 0.022320129, 0.0218008738, 0.0273402482,
          0.00141973537, 0., 0., 0., 0., 0.00333495089, 0.0269330442,
          0.0538743176, 0.373622179, 0.274931669, 0.0947757363,
          0.0300020911, 0., 0., 0., 0.0338668153, 0.284539878,
          0.199171826, 0.3117989, 0.373622179, 0.373622179, 0.280998051,
          0.233377934, 0.373622179, 0.023320891, 0., 0.00287674833,
          0.00165725313, 0.00582016865, 0.0139677804, 0.00032737435,
          0.038772922, 0.237564221, 0.392888457, 0.408988953,
          0.408988953, 0.408988953, 0.401846886, 0.283066839,
          0.198507383, 0.0885172337, 0.114441231, 0.355205029,
          0.443233341, 0.443233341, 0.443233341, 0.406426609,
          0.295883149, 0.0382464826, 0., 0., 0.0102487113, 0.00535620097,
          0.033859171, 0.0486267954, 0.0355738886 ]
      - [ 0.354871243, 0.354871243, 0.354871243, 0.354871243,
          0.109900564, 0.354871243, 0.320890009, 0.243991777,
          0.177043319, 0.0429829061, 0.00617607543, 0., 0.00773527613,
          0.0582434162, 0.172017977, 0.354871243, 0.262822866,
          0.0106249899, 0.0165963266, 0.0867796838, 0.0524717122,
          0.0217427853, 0.0253940225, 0.185838908, 0.365353674,
          0.277391821, 0.366046309, 0.366046309, 0.366046309,
          0.366046309, 0.0237052981, 0.366046309, 0.113103457,
          0.0334146507, 0., 0., 0., 0., 0., 0.0145143932, 0.0459689721,
          0.147640005, 0.409167826, 0.430546194, 0.430546194,
          0.430546194, 0.430546194, 0.220840454, 0.385126948,
          0.385126948, 0.385126948, 0.385126948, 0.385126948,
          0.385126948, 0.245371222, 0.177263439, 0.0234444533, 0., 0.,
          0., 0., 0., 0., 0.118477076 ]
      - [ 0.287165403, 0.371192783, 0.371192783, 0.371192783,
          0.371192783, 0.371192783, 0.289186627, 0.355074108,
          0.0971785784, 0., 0., 0., 0., 0., 0., 0.0758751258,
          0.330941975, 0.282072484, 0.0165076014, 0.0128073655,
          0.00787384156, 0., 0., 0.0274054091, 0.175332412, 0.305208117,
          0.361938626, 0.361938626, 0.361938626, 0.361938626,
          0.164789736, 0.361938626, 0.0680203661, 0.0219753385,
          0.00377608836, 3.64121624e-05, 0.0438899435, 0.0469850637,
          0.0866823792, 0.241656303, 0.362155885, 0.307307243,
          0.336955547, 0.362155885, 0.362155885, 0.362155885,
          0.239689797, 0.362155885, 0.170609146, 0.27149111, 0.521333992,
          0.521333992, 0.521333992, 0.122324646, 0.190674275,
          0.144263446, 0.0449061468, 0., 0., 0., 0., 0., 0.,
          0.0496246256 ]
      - [ 0.419041693, 0.419041693, 0.419041693, 0.419041693,
          0.419041693, 0.250099242, 0.00460349675, 0.0352414995,
          0.00932948198, 0., 0., 0., 0., 0., 0., 0.232238248,
          0.188747361, 0.0195138995, 0., 0., 0., 0., 0.0303726457,
          0.023113925, 0.0753949657, 0.0424291492, 0.272609413,
          0.418701261, 0.418701261, 0.418701261, 0.418701261,
          0.418701261, 0.408771485, 0.229014575, 0.0354712643,
          0.00708925864, 0., 0.0323643945, 0.0512865409, 0.045932591,
          0.232421145, 0.0892020985, 0., 0.197295502, 0.408771485,
          0.408771485, 0.408771485, 0.408771485, 0.44543463, 0.44543463,
          0.44543463, 0.169370264, 0.348845601, 0.231199533,
          0.0625701398, 0.200091287, 0.126243114, 0.0847145692,
          0.0120671261, 0., 0., 0.00521731563, 0.0972917527, 0.346089512 ]
      - [ 0.439569324, 0.439569324, 0.439569324, 0.439569324,
          0.153959528, 0.063063167, 0.00861402601, 0.0325342901,
          0.00124858378, 0., 0., 0., 0., 0., 0.0262377057, 0.439569324,
          0.239586115, 0., 0., 0., 0., 0., 0., 0.00198823586,
          0.0488308482, 0.044922255, 0.0111967232, 0.432145804,
          0.432145804, 0.432145804, 0.432145804, 0.432145804,
          0.390957206, 0., 0., 0., 0., 0., 0., 0.00690380204,
          0.0976414159, 0.0640412271, 0.00711672194, 0.328825802,
          0.42457372, 0.42457372, 0.42457372, 0.42457372, 0.389343321,
          0.389343321, 0.389343321, 0.389343321, 0.389343321,
          0.229026705, 0.0335901827, 0.150443211, 0.0870922282, 0.,
          0.0470964089, 0.0076215528, 0.0219060276, 0.00502429111, 0.,
          0.389343321 ]
      - [ 0.0594940223, 0.161132619, 0.264784038, 0.434166431,
          0.434166431, 0.434166431, 0.264678031, 0.434166431,
          0.246391341, 0.0874106735, 0.0462498702, 0.0267880987,
          0.0207689442, 0.00521407882, 0., 0.0181198251, 0.0359571986,
          4.41822049e-05, 0., 0., 0., 0., 0.00166527147, 0.380360156,
          0.380360156, 0.380360156, 0.380360156, 0.380360156,
          0.380360156, 0.295832813, 0.173860297, 0.0954826102,
          0.0740313679, 0.0190923326, 0., 0., 0., 0., 0., 0.104008242,
          0.254440874, 0.477613121, 0.477613121, 0.477613121,
          0.477613121, 0.021627279, 0.010623618, 0.0280840658,
          0.0614279397, 0., 0., 0.460342079, 0.460342079, 0.460342079,
          0.460342079, 0.328649014, 0.157768369, 0., 0.00996432919,
          0.0038487569, 0., 0., 0., 0.104661636 ]
      - [ 0.46278879, 0.47838816, 0.47838816, 0.47838816, 0.297269553,
          0.0386808552, 7.91555212e-05, 0.0363396518, 0.0017557973, 0.,
          0., 0., 0., 0., 0.0152166737, 0.0553367101, 0.407581002,
          0.16390337, 0., 0., 0., 0., 0., 0.0161475986, 0.0496185273,
          0.0428688973, 0.324436456, 0.407581002, 0.407581002,
          0.256993443, 0.358761609, 0.407581002, 0.336793691,
          0.170951873, 0.0390353687, 0.0207606386, 0.0189845469,
          0.0239292923, 0., 0.0272788927, 0.224419534, 0.106860466,
          0.0954579264, 0.43546319, 0.43546319, 0.43546319, 0.141262919,
          0.43546319, 0.429680347, 0.312489837, 0.430137128, 0.430137128,
          0.430137128, 0.126811326, 0.172303349, 0.110196628,
          0.0817000791, 0.0269319117, 0.019833399, 0., 0.00198247633,
          0.0147011988, 0.0549724028, 0.29904151 ]
      - [ 0.270664692, 0.271711051, 0.515508294, 0.515508294,
          0.515508294, 0.178318605, 0.0934083536, 0.0788991973,
          0.00302620186, 0.0222586673, 0.0150737111, 0., 0.00303371809,
          0.0395944454, 0.0142516894, 0.0354866721, 0.327689707,
          0.0588122122, 0.0110860709, 0., 0.00440948503, 0.0565593466,
          0.0612286888, 0.0665429235, 0.277837396, 0.227541447, 0.182255,
          0.393450528, 0.393450528, 0.393450528, 0.303830564,
          0.393450528, 0.0947950706, 0., 0.0122283595, 0.121362992,
          0.0651125684, 0.147371367, 0., 0.0560446754, 0.28106904,
          0.183271319, 0.418537915, 0.418537915, 0.418537915,
          0.165226236, 0.319799393, 0.418537915, 0.217873126,
          0.499725878, 0.327217549, 0.499725878, 0.499725878,
          0.240113348, 0.0814006031, 0.050138209, 0.00698474329, 0., 0.,
          0.00514952466, 0.00760100875, 0.0114455177, 0.0504916385,
          0.147252634 ]
      - [ 0.265173286, 0.340099096, 0.340099096, 0.340099096,
          0.340099096, 0.340099096, 0.190657869, 0.101999506,
          0.340099096, 0.0967961475, 0.132878676, 0., 0., 0.185901836,
          0.189255074, 0.29685539, 0.16064018, 0.0779693648, 0.120960452,
          0.0287012216, 4.14244096e-05, 0., 0.0397721119, 0.0792816132,
          0.246166706, 0.322510004, 0.387441367, 0.387441367,
          0.387441367, 0.197037369, 0.38255772, 0.375239849,
          0.0637999848, 0.0361828506, 0.00718753366, 0., 0., 0., 0.,
          0.00975885987, 0.0819794908, 0.0902599394, 0.139442027,
          0.478529841, 0.478529841, 0.478529841, 0.478529841, 0.19854261,
          0.267307848, 0.374360621, 0.374360621, 0.358666807,
          0.175578356, 0.374360621, 0.374360621, 0.374360621,
          0.202898383, 0., 0., 0., 0., 0.0174466949, 0.0402321927,
          0.146685511 ]
      - [ 0.399681181, 0.399681181, 0.399681181, 0.399681181,
          0.399681181, 0.0609093271, 0.0429006405, 0.0361728817,
          0.0769786909, 0.120383352, 0.00174081698, 0.0150333242, 0., 0.,
          0.100156136, 0.399681181, 0.305062681, 0.109876461,
          0.0390124097, 0.13110365, 0.0108256023, 0., 0.0302496087,
          0.202343866, 0.257113606, 0.0651673004, 0.0195760131,
          0.411114305, 0.411114305, 0.411114305, 0.411114305,
          0.288572878, 0.346149385, 0.159267172, 0.021257624, 0., 0.,
          0.0169524942, 0.0969130546, 0.145744994, 0.0940587372,
          0.112562567, 0.171195164, 0.392096758, 0.392096758,
          0.392096758, 0.392096758, 0.392096758, 0.410913706,
          0.410913706, 0.410913706, 0.410913706, 0.410913706,
          0.360890508, 0.0637097433, 0.0935573503, 0.019082699, 0., 0.,
          0., 0., 0., 0., 0.0907003358 ]
      - [ 0.312339753, 0.418515891, 0.418515891, 0.418515891,
          0.418515891, 0.418515891, 0.11898458, 0.0830550939,
          0.0128961438, 0., 0., 0., 0., 0., 0., 0.0355471373,
          0.0990347862, 0.0936751291, 0.00895775855, 0., 0.,
          0.0318528749, 0.0274101626, 0.0615443662, 0.317176521,
          0.352877259, 0.352877259, 0.352877259, 0.352877259,
          0.352877259, 0.352877259, 0.352877259, 0.324401408,
          0.324401408, 0.01094341, 0.012711633, 0.210432902, 0.104765013,
          0.164629683, 0.185453057, 0.262817353, 0.121572815,
          0.243345335, 0.324401408, 0.324401408, 0.324401408,
          0.324401408, 0.324401408, 0.364105195, 0.364105195,
          0.364105195, 0.275339127, 0.364105195, 0.364105195,
          0.364105195, 0.324483365, 0.0376496203, 0., 0., 0.,
          0.00782419369, 0.0130966259, 0.0292476602, 0.131605402 ]
      - [ 0.346355021, 0.538177192, 0.538177192, 0.504415631,
          0.0130168796, 0., 0., 0., 0., 0., 0., 0., 0., 0., 0.,
          0.201964587, 0.396116287, 0.155361757, 0.0775749758,
          0.0993677974, 0.0237275902, 0.0734144002, 0., 0.0119048189,
          0.105771497, 0.0539980568, 0.110638864, 0.396116287,
          0.396116287, 0.372872829, 0.396116287, 0.396116287,
          0.359335303, 0.323964745, 0.359335303, 0.196334124,
          0.0500122346, 0.0189056676, 0.00885348208, 0.161083087,
          0.166136533, 0.0721315518, 0., 0.128411219, 0.359335303,
          0.359335303, 0.359335303, 0.359335303, 0.387711167,
          0.387711167, 0.387711167, 0.387711167, 0.387711167,
          0.144027084, 0.118268944, 0.138459966, 0.102607563,
          0.0400499851, 0., 0.00502464687, 0.0376329422, 0.182934135,
          0.10262499, 0.364765674 ]
      - [ 0.374961555, 0.374961555, 0.374961555, 0.374961555,
          0.147895753, 0.0448709391, 0.0454922765, 0.125296786,
          0.099212274, 0.0320516974, 0.369001061, 0.135253474,
          0.256887108, 0.201061755, 0.0101434682, 0.34694159, 0.38697955,
          0.242500544, 0.10831219, 0., 0., 0., 0.00230994029,
          0.055111751, 0.15353705, 0.111965001, 0.133773312, 0.34609589,
          0.38697955, 0.38697955, 0.38697955, 0.38697955, 0.183632165,
          0.00109868392, 0., 0.0246711839, 0.00579326041, 0.0122124916,
          0.0463923961, 0.0157581195, 0.0249557942, 0.016732851,
          0.091142334, 0.400964379, 0.444035053, 0.444035053,
          0.444035053, 0.444035053, 0.395554721, 0.395554721,
          0.395554721, 0.395554721, 0.395554721, 0.320385545,
          0.0562462881, 0.144824788, 0.0127137639, 0., 0., 0., 0., 0.,
          0.105223142, 0.275158733 ]
      - [ 0.319119185, 0.319119185, 0.319119185, 0.319119185,
          0.319119185, 0.319119185, 0.10830421, 0.20404163, 0.211743593,
          0.171212092, 0.0927269235, 0.22302115, 0.0340778604,
          0.0468211994, 0.319119185, 0.307814777, 0.221909583,
          0.0247945692, 0., 0., 0., 0., 0., 0.00243805023, 0.0656089932,
          0.0586447977, 0.105959095, 0.428294301, 0.449314922,
          0.449314922, 0.370929241, 0.449314922, 0.161727622, 0., 0., 0.,
          0., 0., 0., 0.000729098916, 0.0281173941, 0.0289190151,
          0.0296082981, 0.243617713, 0.476244062, 0.476244062,
          0.476244062, 0.476244062, 0.455855697, 0.455855697,
          0.455855697, 0.455855697, 0.141888365, 0.0418126322,
          0.181585684, 0.140989214, 0.0506467335, 0.0176343657, 0., 0.,
          0., 0., 0.0197698064, 0.293649465 ]
      - [ 0.414313406, 0.414313406, 0.414313406, 0.364545494,
          0.246932656, 0.260064393, 0.139515787, 0.16063191, 0.318041652,
          0.158857808, 0.00544713717, 0.0979721174, 0.135735869,
          0.0686687529, 0.00192286482, 0.122337952, 0.227920607,
          0.186441645, 0.0116810231, 0., 0., 0.00773634156, 0.188237906,
          0.311792195, 0.278616667, 0.134305656, 0.359072745,
          0.359072745, 0.359072745, 0.228124753, 0.336780041,
          0.359072745, 0.0216821302, 0.0174610019, 0., 0.0173444487,
          0.196606994, 0.148818061, 0.146843702, 0.351757675,
          0.391857028, 0.0519468226, 0.227665558, 0.391857028,
          0.391857028, 0.391857028, 0.305850327, 0.163185731,
          0.0956028178, 0.117964439, 0.474822968, 0.474822968,
          0.474822968, 0.474822968, 0.241116762, 0.104731187,
          0.0216959231, 0., 0., 0., 0., 0., 0.00385341025, 0.0279819593 ]
      - [ 0.374977738, 0.110120319, 0.374977738, 0.374977738,
          0.374977738, 0.374977738, 0.374977738, 0.277468145,
          0.139380276, 0.0331397802, 0., 0., 0., 0., 0., 0.207277328,
          0.0948977843, 0.0159554761, 0.0368292555, 0.0354310125,
          0.00980214123, 0.000749961357, 0., 0.0481389873, 0.301192939,
          0.477754653, 0.477754653, 0.477754653, 0.419935733,
          0.105409898, 0.0192224309, 0.132853374, 0.00967456028,
          0.0313786343, 0., 0., 0.00967935845, 0.0109075103,
          0.0882307068, 0.126349553, 0.284327418, 0.433537334,
          0.458542019, 0.458542019, 0.458542019, 0.258628488,
          0.0414686278, 0.0468266942, 0.150423065, 0.146643579,
          0.121701933, 0.492212921, 0.492212921, 0.492212921,
          0.241878122, 0.307712555, 0.112251632, 0.122930504,
          0.00100389298, 0., 0., 0.0169385467, 0.0953739882, 0.137956753 ]
      - [ 0.460452139, 0.460452139, 0.460452139, 0.460452139,
          0.317901671, 0.0705320835, 0., 0.0239296295, 0.0239296295,
          0.0189664215, 0.0147995204, 0., 0., 0., 0.0459437929,
          0.19355914, 0.190134466, 0.228669986, 0.145959154,
          0.0071033095, 0., 0.0462531596, 0.0589548722, 0.293661982,
          0.336720586, 0.142400682, 0.336720586, 0.336720586,
          0.336720586, 0.336720586, 0.336720586, 0.307286888,
          0.354781628, 0.1124072, 0.0960137919, 0.116620265,
          0.0489075519, 0.00800203905, 0., 0.0537336618, 0.166312441,
          0.135503575, 0.253201216, 0.379318058, 0.379318058,
          0.379318058, 0.379318058, 0.379318058, 0.136548787,
          0.135833889, 0.29560703, 0.446269274, 0.446269274, 0.446269274,
          0.446269274, 0.254639477, 0.0780332014, 0., 0., 0., 0., 0., 0.,
          0.0592197329 ]
      - [ 0.245376527, 0.310319036, 0.310319036, 0.310319036,
          0.0746465996, 0.0484617054, 0.186760232, 0.274305642,
          0.310319036, 0.310319036, 0.310319036, 0.298678756, 0.,
          0.137421265, 0.302523553, 0.203087375, 0.378218323,
          0.233993962, 0.103409253, 0.00422420586, 0., 0., 0.,
          0.0410300009, 0.192974314, 0.123084672, 0.135610074,
          0.378218323, 0.378218323, 0.378218323, 0.378218323,
          0.378218323, 0.0879189968, 0.0430421717, 0.0382814892,
          0.029735744, 0.0106794573, 0., 0.0256899092, 0.128407389,
          0.0682988167, 0.0187331904, 0.107093014, 0.480548769,
          0.480548769, 0.480548769, 0.480548769, 0.160663381,
          0.217439607, 0.427077025, 0.427077025, 0.427077025,
          0.427077025, 0.319197327, 0.0890919939, 0.167952091,
          0.0233431999, 0., 0., 0., 0., 0., 0.035936676, 0.281080365 ]
      - [ 0.255779803, 0.209590033, 0.385437638, 0.385437638,
          0.385437638, 0.385437638, 0.176335707, 0.364214033,
          0.0897111297, 0.0564867072, 0.0937927365, 0.194542617,
          0.14542143, 0.197803229, 0.014769013, 0.102122076,
          0.0958727077, 0.0693458468, 0.0079956837, 0., 0., 0., 0.,
          0.111719288, 0.270733058, 0.380452037, 0.380452037,
          0.380452037, 0.380452037, 0.380452037, 0.380452037,
          0.167016789, 0.0587435402, 0.0036585019, 0.000816940563, 0.,
          0.106306963, 0.00831335504, 0.0112334853, 0.0690026656,
          0.0617133379, 0.325825572, 0.453308731, 0.453308731,
          0.453308731, 0.453308731, 0.19686915, 0.0711758062,
          0.135012209, 0.161415264, 0.288285375, 0.424535245,
          0.424535245, 0.424535245, 0.424535245, 0.314920306,
          0.144022912, 0.00516314199, 0., 0., 0., 0., 0.0115170917,
          0.165439695 ]
      - [ 0.303744465, 0.303744465, 0.303744465, 0.303744465,
          0.231409401, 0.268308491, 0.303744465, 0.303744465,
          0.303744465, 0.303744465, 0.244622737, 0.0599855669,
          0.0723259747, 0.168916449, 0.104924314, 0.158518225,
          0.0956416577, 0.00386085012, 0., 0., 0., 0., 0., 0.061327327,
          0.116216332, 0.0760573968, 0.297057807, 0.514843822,
          0.514843822, 0.514843822, 0.234966502, 0.154915795,
          0.316422164, 0.0465520769, 0.0118876332, 0.00907476339,
          0.000952694914, 0., 0.0303841736, 0.209366381, 0.385037899,
          0.12810649, 0.385037899, 0.385037899, 0.385037899, 0.312480032,
          0.210332647, 0.312361181, 0.359412879, 0.22203359, 0.320174813,
          0.398024499, 0.398024499, 0.398024499, 0.398024499,
          0.109273925, 0.0712631717, 0., 0., 0., 0., 0., 0.0568417311,
          0.247166187 ]
      - [ 0.0216739997, 0.0271619521, 0.26907596, 0.469016612,
          0.469016612, 0.469016612, 0.371387929, 0.310456216,
          0.160066977, 0.0030932927, 0.0237172954, 0.0243277457, 0.,
          0.0107421838, 0.0237291642, 0.000637250778, 0.0707481578,
          0.0520561896, 0.0703056976, 0.00769438688, 0., 0.,
          0.0191237517, 0.396663785, 0.396663785, 0.396663785,
          0.396663785, 0.396663785, 0.396663785, 0.162698135,
          0.0400994718, 0.104031712, 0.00339093083, 0., 0., 0.,
          0.00657324027, 0.0255041961, 0.0247588847, 0.107169822,
          0.144598991, 0.459241629, 0.459241629, 0.459241629,
          0.459241629, 0.313905627, 0.0790090635, 0.115367927,
          0.140101895, 0.120270841, 0.0566008985, 0.447964877,
          0.459330231, 0.459330231, 0.459330231, 0.325802714,
          0.0970400497, 0., 0., 0., 0., 0.00189998886, 0.0251104496,
          0.0910564288 ]
      - [ 0.13705045, 0.344678849, 0.532563508, 0.532563508, 0.532563508,
          0.0549238175, 0.0373968259, 0.00117100729, 9.79140241e-05, 0.,
          0., 0., 0., 0., 0.0172139443, 0.0388668813, 0.348479599,
          0.158091992, 0.0436323434, 0., 0., 0.0158957671, 0.0498154759,
          0.0470676646, 0.348479599, 0.248283565, 0.230132297,
          0.348479599, 0.348479599, 0.348479599, 0.348479599,
          0.348479599, 0.356487483, 0.301530808, 0.133120805,
          0.0368156098, 0.0423946157, 0.0375991501, 0.0413695686,
          0.095247075, 0.187323302, 0.149280369, 0.30629167, 0.356487483,
          0.356487483, 0.356487483, 0.292985439, 0.356487483,
          0.225483522, 0.357979476, 0.262339175, 0.496136576,
          0.496136576, 0.454160213, 0.102520794, 0.151520684,
          0.0100654298, 0., 0.00621670391, 0.00505831605, 0.00811407715,
          0.0147021879, 0.05234823, 0.109587692 ]
      - [ 0.0476952009, 0.331231594, 0.446739763, 0.446739763,
          0.446739763, 0.340803534, 0.185062185, 0.341210604,
          0.109591477, 0.071538426, 0.0265194736, 0., 0., 0., 0.,
          0.0129668107, 0.0590429045, 0.0314742438, 0.00213976437, 0.,
          0., 0., 0., 0.369791597, 0.369791597, 0.369791597, 0.369791597,
          0.369791597, 0.369791597, 0.318687767, 0.210489765,
          0.159629196, 0.121230677, 0.0612394623, 0., 0.030441504,
          0.00050952594, 0., 0., 0.16381669, 0.427493483, 0.427493483,
          0.427493483, 0.427493483, 0.427493483, 0.185181141, 0.,
          0.0383948423, 0.0180930924, 0.0819994658, 0.150182307,
          0.443365335, 0.443365335, 0.443365335, 0.443365335,
          0.417648792, 0.0710699782, 0., 0., 0., 0., 0., 0.,
          0.0138733601 ]
      - [ 0.00579856709, 0.0428621657, 0.154007658, 0.461377382,
          0.461377382, 0.461377382, 0.3815099, 0.38498649, 0.19136788,
          0., 0.0146606173, 0.0238155574, 0., 0., 0., 0.0052022473,
          0.0584326833, 0.0380910337, 0.0301435664, 0.00628346996, 0.,
          0., 0.0425192937, 0.148207933, 0.441972464, 0.463669747,
          0.253192663, 0.463669747, 0.463669747, 0.158741966,
          0.174249783, 0.0761896148, 0.0249572415, 0., 0.0213916674,
          0.00160115224, 0., 0.00208531483, 0.020466214, 0.21797967,
          0.429480404, 0.429480404, 0.429480404, 0.429480404,
          0.429480404, 0.127419353, 0.0777836889, 0.0462101288,
          0.0278812349, 0.0778532252, 0.275658637, 0.416066676,
          0.442388117, 0.442388117, 0.442388117, 0.29598248, 0.251458257,
          0.0299793463, 0.00422259839, 0., 0., 0., 0.00163008086,
          0.027668545 ]
      - [ 0.333482087, 0.333482087, 0.0254052244, 0.17551443, 0.11430236,
          0.159882441, 0.0728998408, 0.333482087, 0.333482087,
          0.311743766, 0.165522635, 0.333482087, 0.256249636,
          0.0939552709, 0.333482087, 0.234393567, 0.128187105,
          0.0217606388, 0.00381719251, 0.00100117328, 0., 0., 0.,
          0.0463653691, 0.111628778, 0.270185232, 0.354510605,
          0.481045336, 0.481045336, 0.481045336, 0.235580698,
          0.123586647, 0.0529539138, 0.0190956742, 0., 0., 0., 0., 0.,
          0.0203423966, 0.0293847062, 0.0253460333, 0.464767218,
          0.464767218, 0.464767218, 0.464767218, 0.307231545,
          0.178448245, 0.25012663, 0.381098688, 0.381098688, 0.381098688,
          0.381098688, 0.263951421, 0.381098688, 0.29319647, 0.177345678,
          0.126378506, 0.00243616803, 0., 0., 4.37373055e-05,
          0.0331414193, 0.0573281571 ]
      - [ 0.340719998, 0.340719998, 0.340719998, 0.340719998,
          0.176961765, 0.164070889, 0.31316039, 0.340719998, 0.340719998,
          0.126574978, 0.0764143839, 0.000166838945, 0.176279217,
          0.128100425, 0.141232952, 0.233365968, 0.116522722,
          0.0432631485, 0.157813102, 0.0341361091, 0., 0.00274837343,
          0.0527342856, 0.368186444, 0.368186444, 0.368186444,
          0.368186444, 0.368186444, 0.368186444, 0.243933275,
          0.233636141, 0.156705752, 0.0252831187, 0., 0., 0., 0., 0., 0.,
          0.0348844901, 0.174492747, 0.234389573, 0.541341484,
          0.541341484, 0.541341484, 0.165432334, 0.0138867721,
          0.0252831187, 0.0533592217, 0.0443846956, 0.0555457659,
          0.366478562, 0.459542036, 0.459542036, 0.459542036,
          0.459542036, 0.0849868879, 0., 0., 0., 0., 0., 0.,
          0.0355320014 ]
      - [ 0.344266981, 0.344266981, 0.344266981, 0.344266981,
          0.344266981, 0.344266981, 0.344266981, 0.344266981,
          0.0869100168, 0.0200297479, 0.129070044, 4.40815493e-05,
          0.0559927896, 0.0282220896, 0.0163989291, 0.13995716,
          0.118523002, 0.0719010979, 0.256306231, 0.170763135,
          0.343189746, 0.343189746, 0.343189746, 0.242095917,
          0.343189746, 0.102500506, 0.0408349261, 0.251998276,
          0.261017203, 0.036702238, 0.299733818, 0.343189746,
          0.516926169, 0.26486212, 0., 0.0029663546, 0.0523811728,
          0.028489884, 0.0185668953, 0.0176941827, 0.0763489604,
          0.00458593108, 0.012452458, 0.14682138, 0.0745607764,
          0.292753279, 0.516926169, 0.516926169, 0.0913748816,
          0.284461439, 0.0535240285, 0.233042166, 0.271299064,
          0.0254028253, 0.417096287, 0.417096287, 0.417096287,
          0.179725885, 0.026230514, 0.346292734, 0.102541119,
          0.0629589334, 0.235676825, 0.174085274 ]
      - [ 0.329405397, 0.329405397, 0.329405397, 0.0907323882, 0.,
          0.224680096, 0.205178127, 0.302514106, 0.329405397, 0.29576543,
          0.181355029, 0.329405397, 0.146411285, 0., 0.107385613,
          0.329405397, 0.561828792, 0.122733377, 0., 0., 0., 0., 0.,
          0.0418788195, 0.0418788195, 0.0292373542, 0.167358741, 0., 0.,
          0., 0.561828792, 0.561828792, 0.358459026, 0.214060828,
          0.134339005, 0.27485463, 0.167581603, 0.211087599, 0.193939775,
          0.162716106, 0.264241636, 0.115839146, 0.358459026,
          0.0619930625, 0.312391341, 0.358459026, 0.147065982,
          0.358459026, 0.43622905, 0.43622905, 0.0995289087,
          0.0227460191, 0.0762476102, 0.183733672, 0.0519863926,
          0.12037506, 0.43622905, 0.216932163, 0.109006397, 0.0251290221,
          0.0647746548, 0.273257732, 0.169801608, 0.43622905 ]
      - [ 0.259139031, 0.349268317, 0.363856584, 0.363856584,
          0.363856584, 0.0551759899, 0.00503246579, 0.0907602459,
          0.363856584, 0.142972335, 0.113156207, 0.105002373,
          0.108997062, 0.259160936, 0.103162266, 0.363856584, 0.36616829,
          0.189650223, 0.36616829, 0.36616829, 0., 0., 0.105584063,
          0.36616829, 0.206330463, 0.36616829, 0.172472566, 0.,
          0.250757009, 0.0441882275, 0.0871802792, 0.36616829,
          0.519854367, 0.519854367, 0.251542509, 0.018219294,
          0.0970657095, 0.0497091301, 0., 0.0321091674, 0.11862129,
          0.0406869128, 0., 0.009224982, 0.22804375, 0.0970243961,
          0.174080417, 0.519854367, 0.311366141, 0.31505391, 0.26202476,
          0.359692723, 0.359692723, 0.359692723, 0.359692723,
          0.298649341, 0.142805308, 0., 0.0181793589, 0.0308989864,
          0.197128072, 0.0830276385, 0.0112965927, 0.239322692 ]
      - [ 0.435237229, 0.377510935, 0.0227447804, 0., 0., 0.,
          0.0318916887, 0.1445425, 0.115667827, 0.118948892,
          0.0824640542, 0., 0.196613476, 0.435237229, 0.435237229,
          0.435237229, 0.486276597, 0.486276597, 0.0830570608, 0., 0.,
          0., 0., 0.0110065695, 0.264747143, 0.266640067, 0.00904511288,
          0., 0.105655856, 0.355381489, 0., 0.486276597, 0.395866781,
          0.00722083589, 0., 0., 0., 0., 0., 0.00142351608,
          0.00142351608, 0.0146863721, 0.10393063, 0.220931724,
          0.381974995, 0.459315628, 0.459315628, 0.459315628,
          0.498193413, 0.498193413, 0.498193413, 0.237189248,
          0.168113723, 0.10262081, 0.0583061092, 0.0633570552,
          0.0192636345, 0.000126516941, 0.000787099765, 0., 0., 0., 0.,
          0.384183377 ]
      - [ 0.519067228, 0.0852580145, 0.318483859, 0.131580815, 0., 0.,
          0., 0.180260986, 0.167110071, 0., 0., 0., 0., 0.00946030021,
          0.519067228, 0.519067228, 0.521330774, 0.521330774,
          0.027247576, 0., 0., 0., 0., 0.0519335903, 0.0519335903, 0.,
          0.0746815354, 0.167852104, 0., 0.0372582711, 0.37169832,
          0.521330774, 0.491492599, 0., 0., 0., 0., 0., 0.,
          0.00622101594, 0.055701673, 0.0865410417, 0.260589153,
          0.0650708228, 0.369767398, 0.22560294, 0.491492599,
          0.491492599, 0.477343529, 0.477343529, 0.477343529,
          0.217907459, 0.108807661, 0., 0., 0.0194636732, 0.0194636732,
          0., 0., 0., 0., 0.0114525128, 0.153601512, 0.477343529 ]
      - [ 0.437681109, 0.367879957, 0., 0.229423881, 0.126134172, 0.,
          0.0561570674, 0.0646466389, 0.179096103, 0.0250590462, 0., 0.,
          0., 0.420733631, 0.437681109, 0.437681109, 0.37279886,
          0.37279886, 0.316746473, 0.0323031768, 0., 0., 0., 0.184825599,
          0.174615115, 0.0682806298, 0., 0., 0.361518085, 0.37279886,
          0.37279886, 0.37279886, 0.526915491, 0., 0., 0., 0., 0., 0.,
          0.000465696503, 0.0188507829, 0.0508264787, 0., 0.0821225792,
          0.149878964, 0.360099077, 0.526915491, 0.526915491,
          0.522713363, 0.522713363, 0.522713363, 0.20326224, 0., 0.,
          0.0456648953, 0.0405919477, 0.00397101138, 0., 0., 0., 0.,
          0.000516505679, 0.00135047245, 0.360590726 ]
      - [ 0.523601055, 0.158916414, 0.0660133809, 0., 0.325278044,
          0.0221589766, 0.0023568566, 0.343345433, 0.0329730138, 0., 0.,
          0., 0.302237511, 0.233997062, 0.213224649, 0.523601055,
          0.535929084, 0.221721321, 0.535929084, 0., 0., 0., 0.,
          0.0724887699, 0.0724887699, 0.203765914, 0.0519244224, 0., 0.,
          0.121687092, 0.119557939, 0.535929084, 0.504099309, 0., 0., 0.,
          0., 0., 0., 0.0109065799, 0.0109065799, 0.0728971809,
          0.0940103605, 0.0148571832, 0.0409403183, 0.465113342,
          0.504099309, 0.504099309, 0.464839756, 0.464839756,
          0.445073098, 0.220315278, 0.052555494, 0., 0., 0.0316972286,
          0.0316972286, 0., 0.0354810096, 0.028851239, 0.0758472532,
          0.0103470571, 0.296272755, 0.464839756 ]
      - [ 0.472975314, 0.296734273, 0.418411613, 0.0707811192,
          0.408870488, 0.138102442, 0.00376951112, 0.0294407643,
          0.00297657168, 0., 0., 0., 0., 0.0856526792, 0.291995883,
          0.472975314, 0.501908362, 0.501908362, 0., 0., 0., 0., 0.,
          0.0583123192, 0.132531837, 0.147745296, 0.0988670141,
          0.123026602, 0., 0.00631246017, 0.414134562, 0.501908362,
          0.545994461, 0.0973356813, 0.00089127355, 0., 0., 0.0401934274,
          0.0435002483, 0.0839076117, 0.0484813154, 0.00994783733,
          0.0602953844, 0.191113308, 0., 0.193868831, 0.545994461,
          0.545994461, 0.439796835, 0.439796835, 0.439796835,
          0.439796835, 3.51372473e-05, 0.0470858626, 0.0965506285,
          0.117870592, 0.0033577818, 0., 0., 0., 0., 0., 0.0552873202,
          0.439796835 ]
      - [ 0.532254934, 0.532254934, 0.279872835, 0., 0.0787756145,
          0.112771548, 0., 0.0401473641, 0.0401473641, 0., 0., 0., 0.,
          0., 0.210530356, 0.532254934, 0.431769341, 0.256156325,
          0.0804262906, 0.0257511213, 0.000321538653, 0., 0.0289904643,
          0.220607758, 0.306245953, 0.0347028859, 0.00487081194,
          0.0462920107, 0.293096781, 0.362068385, 0.431769341,
          0.431769341, 0.528926492, 0.0379880667, 0., 0., 0., 0.,
          0.0729519054, 0.0380770676, 0.0918097198, 1.47414612e-05,
          0.166195393, 0.30841729, 0.126656711, 0., 0.528926492,
          0.528926492, 0.423252881, 0.413894355, 0.266683877,
          0.0356469005, 8.9727655e-05, 0., 0., 0.22884427, 0.0837886482,
          0., 0.0236550942, 0.185893744, 0.0219914056, 0.345909804,
          0.423252881, 0.423252881 ]
      - [ 0.0457580201, 0.0246726274, 0.145927966, 0.569604695,
          0.569604695, 0.562491655, 0.0372302495, 0.026487682,
          0.0223404672, 0.0283549093, 0.000116711912, 0.0176033489,
          0.0267478246, 0., 0., 0.0245487187, 0.413442582, 0.00539188692,
          0., 0.310176939, 0.14146094, 0.0291252248, 0.0912761614,
          0.413442582, 0.413442582, 0.233086199, 0.0987052545,
          0.23663345, 0.413442582, 0.156822532, 0.000366677734,
          0.205037639, 0.256050557, 0.298651248, 0.319728673,
          0.319728673, 0.0643884763, 0.0933337435, 0.0268747862,
          0.0787548795, 0.112793282, 0.108583495, 0.319728673,
          0.319728673, 0.319728673, 0.286655694, 0.319728673,
          0.319728673, 0.326875716, 0.326875716, 0.326875716,
          0.0320894644, 0.1687776, 0.326875716, 0.132726565, 0.326875716,
          0.326875716, 0.0170811713, 0.118402123, 0.326875716,
          0.114424877, 0.0588448532, 0.252890348, 0.326875716 ]
      - [ 0.544264257, 0.241364747, 0.101045154, 0.0187080353,
          0.00849378575, 0., 0.0863198712, 0.0449858345, 0.102764495,
          0.130265921, 0., 0., 0., 0., 0.544264257, 0.544264257,
          0.368082583, 0.331961095, 0.368082583, 0.368082583,
          0.206783146, 0.189523816, 0.108717054, 0.152675107,
          0.277609617, 0.112691134, 0.0612859838, 0., 0., 0.368082583,
          0.0370202884, 0.368082583, 0.488624573, 0., 0., 0., 0., 0., 0.,
          0.000620577484, 0.000620577484, 0.0027662809, 0.0275081713,
          0.0049067107, 0.1982795, 0.488624573, 0.488624573, 0.488624573,
          0.445356578, 0.445356578, 0.445356578, 0.441882372,
          0.0488118045, 0., 0.0588937514, 0.0232025068, 0.00565533154,
          0., 0., 0., 0., 0., 0.0223629158, 0.445356578 ]
      - [ 0.525535226, 0.525535226, 0.525535226, 0., 0.00625021989,
          0.0184688233, 0.0173551086, 0.0029623541, 0.0029623541, 0., 0.,
          0., 0., 0., 0., 0.406805813, 0.431346864, 0.168642104,
          0.0216550194, 0.000528299133, 0., 0., 0., 0.000230838108,
          0.0178021137, 0.0136445537, 0.00316744833, 0.189652696,
          0.431346864, 0.431346864, 0.431346864, 0.431346864,
          0.519080579, 0.519080579, 0.329399258, 0.00579653028,
          0.088920176, 0.0825713128, 0.013901663, 0.116587967,
          0.119055279, 0., 0.0557293184, 0.0369935036, 0.129739121,
          0.117916293, 0.00699431868, 0.519080579, 0.331656992,
          0.331656992, 0.198015958, 0., 0., 0.0699468479, 0.00428555766,
          0.331656992, 0.288267732, 0.203910127, 0.331656992,
          0.331656992, 0.331656992, 0.110322416, 0.331656992,
          0.213873267 ]
      - [ 0.630173326, 0.102740154, 0.281729013, 0.066049628,
          0.0288835354, 0., 0.167603865, 0.138502896, 0.0509054251, 0.,
          0., 0., 0., 0., 0.233414397, 0.630173326, 0.38484177,
          0.38484177, 0.345933914, 0., 0., 0., 0., 0.012081828,
          0.122691482, 0.118634365, 0.139497757, 0., 0.38484177,
          0.38484177, 0.295357525, 0.38484177, 0.669037104, 0., 0., 0.,
          0., 0., 0., 0.00195953296, 0.0303359367, 0.0638371408,
          0.0279476047, 0.0533515699, 0.124119624, 0., 0.272152871,
          0.669037104, 0.541080952, 0.541080952, 0.224117368,
          0.226013184, 0., 0., 0., 0.121730864, 0.012717274, 0., 0., 0.,
          0., 0., 0., 0.541080952 ]
      - [ 0.359516025, 0.359516025, 0.359516025, 0.359516025,
          0.359516025, 0.00825365633, 0.0181489196, 0.126439646,
          0.101155587, 0.218842551, 0.0924326405, 0.242516875,
          0.247582912, 0.116567142, 0.0643823147, 0.359516025,
          0.325705677, 0.325705677, 0.0918351114, 0., 0., 0.325705677,
          0.288826555, 0.325705677, 0.325705677, 0.218144566, 0.10335739,
          0.325705677, 0.322540104, 0., 0., 0.325705677, 0.47653085,
          0.47653085, 0.47653085, 0., 0.108143203, 0.0304308999,
          0.0170027222, 0.104793422, 0.12533325, 0.0257670917,
          0.0907189995, 0.0903640389, 0.173721969, 0.0085427044,
          0.00128053059, 0.47653085, 0.319387197, 0.308139771,
          0.0158848166, 0.319387197, 0.0670476183, 0.150899544,
          0.119001314, 0.319387197, 0.0693811327, 0.0954103991,
          0.173771665, 0.319387197, 0.319387197, 0.319387197,
          0.319387197, 0.319387197 ]
      - [ 0.668917298, 0.127540305, 0.0759782642, 0.258362532, 0., 0.,
          0.0277843624, 0.0940982699, 0.00212311884, 0., 0., 0., 0., 0.,
          0., 0.668917298, 0.424189955, 0.382700115, 0.0776958317, 0.,
          0., 0., 0., 0.00298700668, 0.0322497562, 0.0906443, 0., 0.,
          0.338013113, 0.424189955, 0.424189955, 0.424189955,
          0.455925792, 0.435063422, 0., 0., 0., 0., 0., 0.0180109534,
          0.0567899719, 0., 0.144096106, 0.0280848872, 0.0574230701,
          0.392634004, 0.455925792, 0.455925792, 0.35078004, 0.104854919,
          0.35078004, 0.35078004, 0.169689834, 0.0518500395,
          0.0986759961, 0.191005558, 0.300941199, 0.249342233,
          0.35078004, 0.35078004, 0., 0.0846150592, 0.0980859175,
          0.35078004 ]
      - [ 0.420487255, 0., 0., 0., 0., 0., 0.0717329606, 0.24793683,
          0.363752574, 0.00674295146, 0.0479596667, 0.197734192,
          0.420487255, 0.420487255, 0.219505981, 0.420487255,
          0.381599635, 0.381599635, 0.381599635, 0.381599635,
          0.304177135, 0.181090489, 0.111294575, 0.185157195,
          0.226960406, 0.109902419, 0.0284586661, 0.0814694166, 0., 0.,
          0.158342659, 0.381599635, 0.436843872, 0.0617839508, 0., 0.,
          0., 0., 0., 0.00070056523, 0.00070056523, 0.000466255966,
          0.0043828818, 0.193999529, 0.436843872, 0.436843872,
          0.436843872, 0.436843872, 0.461164773, 0.461164773,
          0.461164773, 0.362686664, 0.0947704539, 0.0569566786,
          0.0266245082, 0.000855423568, 0.000855423568, 0., 0., 0., 0.,
          0., 0.0149864322, 0.461164773 ]
      - [ 0.4336209, 0.406058043, 0., 0., 0., 0., 0.0754782334,
          0.234089717, 0.127025902, 0., 0., 0., 0.0452392027, 0.4336209,
          0.4336209, 0.4336209, 0.450009078, 0.450009078, 0.400010169,
          0., 0., 0.0385110006, 0.106993996, 0.0812948719, 0.218105271,
          0.169596598, 0.0974327847, 0.298594385, 0., 0., 0.182888225,
          0.450009078, 0.46798107, 0.0839237794, 0., 0.000475274166,
          0.00386978663, 0., 0., 0.000547373551, 0.0212643202,
          0.0211651716, 0., 0.0442710556, 0.330729395, 0.46798107,
          0.46798107, 0.46798107, 0.375775814, 0.375775814, 0.375775814,
          0.059050113, 0.0125178806, 0., 0.0334975049, 0.375775814,
          0.375775814, 0.195621029, 0.239291012, 0.0197102483, 0.,
          0.185943007, 0.117235601, 0.375775814 ]
      - [ 0.213215292, 0.550477922, 0.550477922, 0.550477922,
          0.166085541, 0., 0., 0.0106614139, 0.0106614139, 0.0411764681,
          0.0179236513, 0., 0., 0., 0., 0.100676388, 0.234146714,
          0.0160074644, 0.114411682, 0.209744439, 0.335238993,
          0.335238993, 0.335238993, 0.335238993, 0.335238993,
          0.146318719, 0.150904834, 0.119668096, 0.198213503, 0.,
          0.335238993, 0.335238993, 0.401173174, 0.401173174,
          0.401173174, 0.111192256, 0.00530054141, 0.0301349368,
          0.0214111861, 0.0947043747, 0.340565175, 0.0187085606,
          0.142342836, 0., 0., 0.178799614, 0.401173174, 0.401173174,
          0.467057765, 0.0702939406, 0., 0.0359811895, 0.0135051608, 0.,
          0.216157302, 0.10466551, 0.10368894, 0., 0.164357036,
          0.135004431, 0.0517215841, 0.467057765, 0.467057765,
          0.467057765 ]
      - [ 0.509096384, 0.509096384, 0.329023212, 0., 0., 0.0312623121,
          0.181267858, 0.0647691265, 0.0466787033, 0., 0., 0., 0., 0.,
          0.262511849, 0.509096384, 0.401320368, 0.401320368,
          0.0342292227, 0., 0., 0., 0., 0.00234251795, 0.125065967,
          0.0601207726, 0.0759905353, 0.249967173, 0.382509738,
          0.341692358, 0.401320368, 0.401320368, 0.414383173,
          0.414383173, 0.0376894474, 0., 0., 0., 0., 0.00115239515,
          0.0522113442, 0.0438909046, 0.0539629385, 0.348603487,
          0.414383173, 0.0823582932, 0.414383173, 0.414383173,
          0.465123266, 0.416330904, 0.0739583746, 0.0456412844,
          0.254546523, 0.0285257101, 0.1249559, 0.232660741, 0.1541287,
          0., 0., 0., 0., 0.0796402916, 0.465123266, 0.465123266 ]
      - [ 0.491210759, 0.491210759, 0., 0., 0.124481, 0.136124209,
          0.0698375404, 0.048119761, 0.201378062, 0.00436580367, 0., 0.,
          0., 0., 0.435246736, 0.491210759, 0.351539433, 0.404897153,
          0.207558081, 0.0426646918, 0., 0., 0., 0.0373211987,
          0.0783324912, 0.0673250481, 0., 0.0913705528, 0.111197874,
          0.458339274, 0.458339274, 0.458339274, 0.451654971,
          0.187736124, 0.171668306, 0., 0., 0., 0., 0.0394659862,
          0.0394659862, 0.0022601448, 0.0824196562, 0.292419493,
          0.451654971, 0.451654971, 0.13922137, 0.451654971, 0.492090553,
          0.492090553, 0.492090553, 0., 0.271542698, 0.260906786,
          0.0581537932, 0.0449040569, 0.0110214185, 0., 0., 0., 0.,
          0.0409554355, 0.199762329, 0.282340288 ]
      - [ 0.410634965, 0.410634965, 0.410634965, 0.410634965,
          0.208361849, 0.0450257175, 0.0046454994, 0., 0., 0., 0., 0.,
          0., 0.00327940541, 0.327594519, 0.410634965, 0.520367563,
          0.273831576, 0., 0., 0., 0., 0., 0.010686947, 0.155892104,
          0.0229907203, 0., 0.0699194148, 0.263077378, 0.0918082297,
          0.520367563, 0.520367563, 0.430889457, 0.430889457,
          0.410115212, 0.00993688032, 0.120846584, 0.0285209101,
          0.00589981396, 0.101150066, 0.0593771562, 0.0567699149,
          0.195519432, 0.0157862771, 0., 0.117603302, 0.430889457,
          0.430889457, 0.432233632, 0.432233632, 0.432233632,
          0.432233632, 0.0602913238, 0.0200065784, 0.165209979,
          0.0955705866, 0.01334072, 0., 0., 0., 0.00961496495,
          0.0626850799, 0.129960164, 0.432233632 ]
      - [ 0.45478797, 0.45478797, 0.45478797, 0.340890974, 0.0580183044,
          0.0606064014, 0.108159997, 0.012975012, 0.012975012, 0., 0.,
          0., 0.110491462, 0.0128652882, 0.143086299, 0.45478797,
          0.408281535, 0.408281535, 0.408281535, 0.081618093, 0., 0., 0.,
          0.0226898976, 0.0226898976, 0., 0.0812121779, 0.16659908,
          0.408281535, 0.27308923, 0.214085862, 0.408281535, 0.487532526,
          0.449741602, 0., 0., 0., 0., 0., 0.0230915621, 0.129397348,
          0.0373883285, 0.238398224, 0.0744815692, 0.11314553,
          0.446593463, 0.155510709, 0.487532526, 0.56473273, 0.318427682,
          0.126110852, 0.291723907, 0.04560709, 0., 0.0591502488,
          0.103244841, 0.0404167734, 0., 0., 0., 0., 0., 0.36910671,
          0.56473273 ]
      - [ 0.242661729, 0.362554163, 0.239004686, 0.362554163,
          0.362554163, 0.209645912, 0.169257149, 0.165951997,
          0.269692034, 0.251994789, 0.285354465, 0., 0., 0.00692511071,
          0.191671744, 0.362554163, 0.343864113, 0.343864113,
          0.154356971, 0.209801316, 0.232585192, 0.343864113,
          0.343864113, 0.343864113, 0.343864113, 0.153626099, 0.,
          0.152718186, 0.00203698245, 0., 0., 0.343864113, 0.611768782,
          0.196521804, 0.134478658, 0.0332271792, 0.0014068943, 0.,
          0.0609817617, 0.166335762, 0.128538415, 0.0641181022, 0., 0.,
          0.0303345751, 0.301519543, 0.209055692, 0.611768782,
          0.349705189, 0.349705189, 0.153843194, 0.349705189,
          0.115978509, 0.0797855109, 0.118062593, 0.275943339,
          0.0752760544, 0., 0., 0.0348668024, 0.349705189, 0.349705189,
          0.349705189, 0.349705189 ]
      - [ 0.414221108, 0., 0.0937342793, 0.414221108, 0.367485523, 0.,
          0.0944737196, 0.109140508, 0.017955279, 0., 0., 0.023723105,
          0.414221108, 0.341816545, 0.164782494, 0.414221108,
          0.364687204, 0.364687204, 0.364687204, 0.089296639,
          0.000438611401, 0., 0., 0.0789022744, 0.255785286, 0.14086625,
          0.0120804626, 0.345714778, 0.0139301373, 0.33473134,
          0.364687204, 0.364687204, 0.442459077, 0., 0., 0., 0., 0., 0.,
          0.00803677086, 0.0480185002, 0.0282992702, 0.0529475398,
          0.17197752, 0.420653522, 0.442459077, 0.442459077, 0.442459077,
          0.441116244, 0.441116244, 0.441116244, 0.441116244,
          0.126148418, 0.028108662, 0.0502549894, 0.0585024841,
          0.0048904838, 0., 0., 0., 0., 9.75486037e-05, 0.000604269153,
          0.441116244 ]
      - [ 0.57485348, 0.183631852, 0., 0.0175537802, 0.186017141,
          0.135015771, 0.0911452174, 0.122404955, 0.153791919, 0., 0.,
          0., 0., 0., 0.446703345, 0.57485348, 0.534292281, 0.534292281,
          0.09600842, 0., 0., 0., 0., 0.0616035089, 0.131768957,
          0.126107752, 0., 0., 0.121243432, 0.263239712, 0.0893618166,
          0.534292281, 0.42196852, 0.42196852, 0.176204056, 0.0973243639,
          0., 0., 0., 0.0075506228, 0.0075506228, 0.0401566923,
          0.0906354263, 0.119722955, 0.314668179, 0.346040756,
          0.42196852, 0.42196852, 0.518992543, 0.518992543, 0.400617301,
          0.0118163731, 0.134723306, 0.012452241, 0., 0.0266320221,
          0.0266320221, 0., 0., 0., 0., 0.0139399348, 0.0787710175,
          0.518992543 ]
      - [ 0.502123415, 0.502123415, 0.502123415, 0.0249016695, 0.,
          0.0179936811, 0.0230598282, 0.000503195974, 0.000503195974, 0.,
          0., 0., 0., 0., 0.00139391352, 0.486952931, 0.491345882,
          0.000215746506, 0., 0., 0., 0., 0., 0., 0.029387325,
          0.00762563525, 0., 0.208067596, 0.433705002, 0.491345882,
          0.19625546, 0.491345882, 0.425204337, 0.425204337, 0.425204337,
          0.14996323, 0.0287521519, 0.116157845, 0., 0.0530722104,
          0.136550784, 0.0968769565, 0., 0.174404532, 0.0928269774,
          0.0636440516, 0.402265131, 0.425204337, 0.334778488,
          0.334778488, 0.103673168, 0., 0.00232163537, 0.0798608959,
          0.305066377, 0.228464916, 0.18842715, 0.0102155916,
          0.118812539, 0.334778488, 0.334778488, 0.334778488,
          0.334778488, 0.334778488 ]
      - [ 0.525560498, 0.525560498, 0.312543988, 0., 0., 0., 0.187178567,
          0.0574575923, 0.0464815497, 0., 0., 0., 0., 0., 0.167117909,
          0.525560498, 0.377585322, 0.292811692, 0.00679200096,
          0.0946210027, 0.245768845, 0.0601843819, 0.214476824,
          0.193185568, 0.00931009185, 0.0308657456, 0.0474286452,
          0.372472942, 0.377585322, 0.204540461, 0.377585322,
          0.377585322, 0.436322898, 0.0533454977, 0.00380824972, 0., 0.,
          0., 0.0107966736, 0.0607761219, 0.0459333174, 0.112930305,
          0.131421164, 0.205302596, 0.436322898, 0.391377747,
          0.436322898, 0.436322898, 0.378067821, 0.187405646, 0.15047431,
          0.217418298, 0.378067821, 0.221898466, 0.065233767,
          0.173640758, 0.378067821, 0.00327714928, 0.0614557043,
          0.149717599, 0.189580709, 0.175280824, 0.378067821,
          0.378067821 ]
      - [ 0.445772648, 0.445772648, 0.445772648, 0.445772648,
          0.0333469734, 0.0230675656, 0., 0., 0., 0., 0., 0., 0.,
          0.0178015698, 0.00446506636, 0.445772648, 0.407075197, 0.,
          0.000833257334, 0.00081369956, 0., 0., 0., 0.00129439496,
          0.00129439496, 0.0367274396, 0.0267828759, 0.072083056,
          0.324804485, 0.4887546, 0.4887546, 0.4887546, 0.464778751,
          0.464778751, 0.464778751, 0.175072655, 0.132986665,
          0.0374390744, 0.00910770055, 0.114526674, 0.139043614,
          0.0187325682, 0.0807171911, 0., 0.183325171, 0.0886095315,
          0.0261598881, 0.464778751, 0.41783008, 0., 0.286314905,
          0.0301349442, 0., 0.118278936, 0.071696125, 0.29184562,
          0.160206735, 0.0105791995, 0.0412680283, 0.251667231,
          0.41783008, 0.41783008, 0.139614373, 0.41783008 ]
      - [ 0.381342798, 0.365327477, 0.381342798, 0.381342798,
          0.356179833, 0.0413663089, 0., 0.0593266375, 0.0593266375, 0.,
          0., 0., 0., 0., 0.381342798, 0.381342798, 0.375508368,
          0.14515242, 0.306107908, 0., 0., 0., 0.0758917481, 0.375508368,
          0.375508368, 0., 0.120343342, 0.123223715, 0.375508368,
          0.375508368, 0.00344405649, 0.375508368, 0.475198269,
          0.0115037635, 0., 0., 0., 0., 0., 0.0820056647, 0.224785686,
          0.0832905024, 0., 0.351259857, 0.214113846, 0.475198269,
          0.290279388, 0.475198269, 0.398228049, 0.398228049,
          0.0482002422, 0., 0., 0., 0.209122464, 0.188814268,
          0.188157454, 0.248682857, 0.0832024962, 0.0990321189,
          0.0860872641, 0.398228049, 0.398228049, 0.398228049 ]
      - [ 0.408067197, 0.406738013, 0.202470362, 0.33962065, 0.,
          0.127607211, 0.206557855, 0.102857821, 0.108059675, 0., 0., 0.,
          0., 0.3055951, 0.408067197, 0.408067197, 0.423194408,
          0.0896651074, 0.161822841, 0.0370669067, 0.280044585,
          0.0155715095, 0., 0.0409644954, 0.0409644954, 0.00362983532,
          0.153714448, 0.276633263, 0.248208016, 0.423194408,
          0.423194408, 0.423194408, 0.453628033, 0., 0., 0., 0., 0., 0.,
          0.0113835381, 0.0171217211, 0.154819086, 0.140053943,
          0.174123645, 0.313096613, 0.453628033, 0.453628033,
          0.453628033, 0.393852413, 0.393852413, 0.348649174,
          0.393170446, 0.255749434, 0., 0., 0.137273476, 0.123236381,
          0.002894948, 0., 0., 0., 0., 0.393852413, 0.393852413 ]
      - [ 0.394483835, 0.394483835, 0.15869008, 0.394483835, 0.185429156,
          0., 0.159369722, 0.122341417, 0.332704574, 0.0166754872,
          0.114000656, 0., 0., 0.33536163, 0.192931309, 0.394483835,
          0.318645805, 0.318645805, 0.314549178, 0.318645805,
          0.229019403, 0.318645805, 0.043499399, 0.0380613506,
          0.247412339, 0.0804889128, 0.225637391, 0.318645805,
          0.0280517098, 0.154889971, 0.299152076, 0.318645805,
          0.505655825, 0.393016428, 0.102353968, 0.0237989947, 0.,
          0.061143551, 0.0283739138, 0.0434065163, 0.119604968,
          0.0342761204, 0.0891599357, 0.196191639, 0.00121918006,
          0.11610055, 0.48604548, 0.505655825, 0.337875158, 0.337875158,
          0.0405494012, 0., 0.0324279182, 0.0815939233, 0.127327472,
          0.337875158, 0.197280526, 0.0491973497, 0.337875158,
          0.333596468, 0.337875158, 0.337875158, 0.138976499,
          0.337875158 ]
      - [ 0.412902415, 0.412902415, 0.412902415, 0.412902415,
          0.412902415, 0.28786698, 0., 0.0129547315, 0.0129547315, 0.,
          0., 0., 0., 0.0051648831, 0.00433249027, 0.245325655,
          0.47954461, 0., 0., 0.000146862498, 0.0059718797, 0., 0.,
          0.0100134229, 0.0100134229, 0.0907347202, 0.184240982,
          0.121254511, 0.319018394, 0.382664382, 0.47954461, 0.47954461,
          0.394840896, 0.394840896, 0.394840896, 0.00409473944,
          0.0425858907, 0.0791849941, 0., 0.0960566401, 0.0236951206,
          0.160347089, 0.0632799268, 0.383437008, 0.0275520328,
          0.378527135, 0.183814868, 0.394840896, 0.542681873,
          0.221229538, 0., 0., 0.0966643617, 0.119232081, 0.,
          0.0922488719, 0.0922488719, 0.0142361512, 0.13708733,
          0.0395921692, 0., 0.0313690826, 0.542681873, 0.542681873 ]
      - [ 0.495161831, 0.495161831, 0.495161831, 0.240039662,
          0.00399571378, 0., 0.0278922562, 0.0236510448, 0.000677186996,
          0., 0., 0., 0., 0., 0.1956947, 0.402777493, 0.578573585, 0.,
          0., 0., 0., 0., 0., 0.00735404249, 0.119117133, 0.0900000185,
          0.0324701369, 0.200264499, 0.0521546602, 0.146309957,
          0.486927152, 0.578573585, 0.667745709, 0., 0., 0., 0., 0., 0.,
          0.122361682, 0.0937347487, 0.0620890558, 0.00754384231,
          0.00592008652, 0.0572054684, 0.218408629, 0.151276901,
          0.667745709, 0.487470448, 0.487470448, 0.487470448,
          0.0992282778, 0., 0.142398402, 0.089067556, 0.0688830838,
          0.0366446152, 0., 0., 0., 0., 0., 0.0218472499, 0.487470448 ]
      - [ 0.488779306, 0.488779306, 0.302644819, 0.148693398, 0., 0.,
          0.0438051, 0.183918267, 0.0366456546, 0., 0., 0., 0., 0.,
          0.357227176, 0.488779306, 0.44596234, 0.030426478, 0., 0., 0.,
          0., 0., 0.00728131272, 0.00728131272, 0., 0., 0.0100798681,
          0.44596234, 0.44596234, 0.44596234, 0.44596234, 0.403983086,
          0.346741349, 0., 0., 0.00397275249, 0.011791761, 0.,
          0.00743925432, 0.0205406863, 0.0759915709, 0.286722243,
          0.111511901, 0.403983086, 0.349104732, 0.403983086,
          0.403983086, 0.494120836, 0.494120836, 0.494120836,
          0.0728557482, 0., 0., 0., 0.0511186831, 0.0751693323,
          0.0675650612, 0.000247053365, 0., 0., 0., 0.0175110567,
          0.494120836 ]
      - [ 0.404334694, 0.404334694, 0.356181383, 0.404334694, 0.22619243,
          0., 0., 0.0214821566, 0.00618609972, 0., 0., 0., 0., 0.,
          0.404334694, 0.404334694, 0.511648476, 0.10730575, 0., 0., 0.,
          0., 0., 0.00390743371, 0.0651116073, 0.0715859979,
          0.0103547005, 0.0531021617, 0.262604535, 0.341695368,
          0.511648476, 0.511648476, 0.402654499, 0.402654499,
          0.402654499, 0.307460904, 0., 0., 0.153370291, 0.151460633,
          0.0511936545, 0.058950007, 0.112974428, 0.159238279, 0.,
          0.0106437001, 0.402654499, 0.402654499, 0.43167454,
          0.185802102, 0.337233871, 0., 0.0296118334, 0.0604834445,
          0.0923073068, 0.253981531, 0.15652661, 0., 0., 0.,
          0.0020679126, 0.43167454, 0.43167454, 0.43167454 ]
      - [ 0.528078258, 0.15471226, 0.146978289, 0.139866918, 0.,
          0.0113740712, 0.257856578, 0.145725444, 0.0178569313, 0., 0.,
          0., 0., 0.0696490332, 0.528078258, 0.528078258, 0.465771735,
          0.373203814, 0.0158581417, 0., 0., 0., 0., 0.0113315871,
          0.203212798, 0.155857831, 0.105013572, 0.00678541232,
          0.108611889, 0.3411735, 0.465771735, 0.465771735, 0.42337209,
          0.42337209, 0.390196115, 0.00758359535, 0., 0., 0.,
          0.00463107089, 0.061836943, 0.0590075552, 0.0903253332,
          0.0485379957, 0.201959178, 0.260490507, 0.42337209, 0.42337209,
          0.408496112, 0.408496112, 0.408496112, 0.355896056,
          0.157115296, 0.0433044098, 0.0203926321, 0.0868922174,
          0.0194629747, 0.00257068523, 0., 0., 0., 0., 0.408496112,
          0.408496112 ]
      - [ 0.520968258, 0.295167714, 0., 0., 0., 0., 0.188675523,
          0.178808063, 0.154005796, 0., 0., 0., 0., 0.046483919,
          0.520968258, 0.520968258, 0.452756703, 0.452756703,
          0.0361376889, 0., 0., 0., 0., 0.12883985, 0.263030916,
          0.196454599, 0.223243818, 0., 0., 0., 0.452756703, 0.452756703,
          0.563041747, 0.360344559, 0.0139542529, 0.00805031694,
          0.135038897, 0.0232021082, 0., 0.0217587184, 0.129199758,
          0.10518112, 0.00839252025, 0., 0., 0.361373454, 0.229289681,
          0.563041747, 0.451491922, 0.451491922, 0.451491922,
          0.117310435, 0.012620626, 0., 0.038343668, 0.27662161,
          0.22262688, 0.0382117033, 0.102003828, 0., 0., 0., 0.163621545,
          0.451491922 ]
      - [ 0.49426958, 0.49426958, 0.49426958, 0.109034911, 0., 0., 0.,
          0.0698988587, 0.019270746, 0., 0., 0., 0., 0., 0.0266073551,
          0.49426958, 0.466673285, 0.12142425, 0., 0., 0., 0., 0.,
          0.00228955341, 0.0578936338, 0.0372542106, 0., 0.160438359,
          0.281022817, 0.466673285, 0.466673285, 0.466673285,
          0.402231991, 0.402231991, 0.117729053, 0., 0., 0., 0.,
          0.00254448364, 0.0667916089, 0.0820869058, 0.012994336,
          0.00188795314, 0.402231991, 0.402231991, 0.402231991,
          0.402231991, 0.576368392, 0.409431458, 0.048662331,
          0.00580746541, 0.251940459, 0.140911222, 0.0310383011,
          0.160444707, 0.074757725, 0.103151202, 0.0283605196,
          0.0206790101, 0., 0., 0.179752931, 0.576368392 ]
      - [ 0.546989381, 0.546989381, 0.546989381, 0.00541495346,
          0.0111899087, 0.0114588449, 0., 0., 0., 0., 0., 0., 0., 0., 0.,
          0.310901165, 0.44273591, 0.0317894071, 0., 0., 0., 0., 0.,
          0.00175772258, 0.00175772258, 0., 0., 0.120355003, 0.44273591,
          0.44273591, 0.44273591, 0.44273591, 0.459204435, 0.459204435,
          0.459204435, 0.122378208, 0.0257349107, 0., 0.0162439011,
          0.186916158, 0.19530718, 0.0712062046, 0., 0., 0.026299648,
          0.363219351, 0.0534918755, 0.365061998, 0.388159394,
          0.0340106599, 0.195163041, 0.0447340831, 0., 0.122243792,
          0.0196489226, 0.122894265, 0.327999771, 0.0487169437,
          0.0645400807, 0.336563677, 0.388159394, 0.388159394,
          0.307204306, 0.388159394 ]
      - [ 0.443975508, 0.443975508, 0.443975508, 0.443975508,
          0.0989435241, 0., 0., 0.0101052383, 0.0101052383, 0., 0., 0.,
          0., 0., 0., 0.443975508, 0.337462902, 0.011169333, 0.205760896,
          0.337462902, 0.109146044, 0.337462902, 0.0121385399,
          0.337462902, 0.337462902, 0.337462902, 0.0679773241,
          0.00315383007, 0.337462902, 0.0814827606, 0.140661478,
          0.337462902, 0.47058183, 0.47058183, 0.0748501495,
          0.00294591067, 0.00293590361, 0.0250515863, 0.0261016525,
          0.0280774776, 0.111065611, 0.249038339, 0.121296033,
          0.0918025672, 0.148309276, 0.40700984, 0.195172176, 0.47058183,
          0.47201705, 0.0167616978, 0.123612456, 0.0566982292, 0.,
          0.15149948, 0.0146682952, 0.119095996, 0.1968624, 0.0154066393,
          0.0087043792, 0.0835063308, 0.0437837392, 0.47201705,
          0.47201705, 0.47201705 ]
      - [ 0.471924931, 0.471924931, 0.471924931, 0.432555884, 0., 0.,
          0.0174307339, 0.0242704283, 0.000424641679, 0., 0., 0., 0., 0.,
          0., 0.373027265, 0.497870356, 0., 0., 0., 0., 0., 0.,
          0.00517406873, 0.0375635438, 0.0858103484, 0.00542047014,
          0.153360933, 0.125073448, 0.451009363, 0.497870356,
          0.497870356, 0.643699229, 0.0386872962, 0., 0., 0., 0.,
          0.0610606186, 0.131547302, 0.131004319, 0.00424534874,
          0.0357789844, 0.00989161432, 0.247710943, 0., 0.249854431,
          0.643699229, 0.590397537, 0.221171021, 0.258441329,
          0.236043677, 0., 0., 0.090385735, 0.139625683, 0.209374458,
          0.00654218532, 0., 0.000167192324, 0.00418691663, 0.0140332077,
          0.231908277, 0.590397537 ]
      - [ 0.405212402, 0.405212402, 0.192638457, 0.336006492, 0.,
          0.0663147941, 0.174989253, 0.0797843561, 0.274077475,
          0.175204918, 0.250999749, 0.0601426661, 0.00977248792,
          0.275014251, 0.252596021, 0.405212402, 0.43224898, 0.43224898,
          0.0764963254, 0.00489107473, 0.00487450231, 0., 0.,
          0.0448848568, 0.0448848568, 0.0295061227, 0.128673926,
          0.0783334598, 0.16731362, 0.43224898, 0.43224898, 0.43224898,
          0.440610796, 0.0712663382, 0.00344675081, 0.00511697773, 0.,
          0., 0., 0.00753327925, 0.00753327925, 0.0216047689,
          0.0927926749, 0.102964111, 0.440610796, 0.440610796,
          0.440610796, 0.440610796, 0.557323933, 0.557323933,
          0.194264084, 4.31844237e-05, 0.102259859, 0.0518576168, 0.,
          0.0573007986, 0.0573007986, 0., 0., 0., 0., 0., 0.0717849508,
          0.557323933 ]
      - [ 0.425319821, 0.215128437, 0.277230859, 0.100572526, 0., 0., 0.,
          0.0915314332, 0.212115526, 0.00830909237, 0.00511898752,
          0.263221145, 0.425319821, 0.425319821, 0.127121985,
          0.425319821, 0.458249778, 0.384324938, 0.0823561847,
          0.00742781069, 0., 0., 0., 0.00320142927, 0.128712222,
          0.286492318, 0.0229728613, 0., 0.11033079, 0.315508157,
          0.458249778, 0.458249778, 0.442623824, 0.0696070939,
          0.0213988293, 0.000575988204, 0., 0.00401332602, 0.00194890145,
          0., 0., 0.0496790595, 0.0233513843, 0.264058679, 0.365857512,
          0.442623824, 0.442623824, 0.442623824, 0.388789058,
          0.388789058, 0.267835021, 0.388789058, 0.174011484, 0.,
          0.00481089205, 0.0805811733, 0.00530910119, 0., 0., 0.,
          0.0699240789, 0.35620442, 0.388789058, 0.388789058 ]
      - [ 0.492033958, 0.492033958, 0.457424432, 0.208748296,
          0.120165743, 0.038240023, 0., 0.00626269262, 0.00626269262, 0.,
          0., 0., 0., 0., 0., 0.492033958, 0.492940724, 0.006559656, 0.,
          0., 0., 0., 0., 0.0172352307, 0.0172352307, 0., 0., 0.,
          0.149924546, 0.492940724, 0.492940724, 0.492940724,
          0.475750446, 0.475750446, 0.3244147, 0.0435210466, 0., 0.,
          0.0182110257, 0.277383029, 0.159698471, 0., 0.0811350942,
          0.181727648, 0., 0., 0.258281291, 0.475750446, 0.499762833,
          0.372217149, 0.251318425, 0.000967686821, 0., 0., 0.,
          0.0754665136, 0.193936929, 0.0201305039, 0., 0., 0.,
          0.0173382238, 0.499762833, 0.499762833 ]
      - [ 0.472875208, 0.472875208, 0.472875208, 0.294286042,
          0.0180056877, 0.116610065, 0., 0.0123811122, 0.0123811122, 0.,
          0., 0., 0., 0., 0., 0.472875208, 0.565312088, 0., 0., 0., 0.,
          0., 0., 0.0171103962, 0.0171103962, 0., 0., 0.0468959771,
          0.179368496, 0.0257694684, 0.565312088, 0.565312088,
          0.331137776, 0.331137776, 0.331137776, 0.21320267, 0.331137776,
          0.0490444042, 0.205156431, 0.0524282604, 0.141503379,
          0.154302374, 0.0782662034, 0., 0.294056445, 0.331137776,
          0.331137776, 0.331137776, 0.538226306, 0.271585673,
          0.044950664, 0.0693733692, 0., 0., 0., 0.0671986192,
          0.191045269, 0.026273489, 0., 0., 0., 0.0571515635,
          0.538226306, 0.538226306 ]
      - [ 0.232619137, 0.220737398, 0.505040824, 0.505040824,
          0.505040824, 0.26583752, 0.0674669817, 0.0332328863,
          0.0853022784, 0.148589209, 0.00403998652, 0., 0., 0.040465381,
          0.069377549, 0.121542737, 0.307299972, 0.307299972,
          0.307299972, 0.307299972, 0.307299972, 0.209736392,
          0.307299972, 0.307299972, 0.256370634, 0., 0., 0.177175164,
          0.162616238, 0., 0.271868974, 0.307299972, 0.51059258,
          0.0251770914, 0.0234966949, 0.0123469625, 0., 0., 0.,
          0.0738439709, 0.158903807, 0.0639439896, 0.133608952, 0.,
          0.0840859786, 0.389530391, 0.51059258, 0.51059258, 0.442178458,
          0.232388422, 0.00461000623, 0.384418637, 0.0687822178,
          0.141634077, 0.320940524, 0.0726598203, 0.0196669921, 0., 0.,
          0., 0.024463525, 0.270473212, 0.442178458, 0.442178458 ]
      - [ 0.147160396, 0.235787228, 0.352887809, 0.33032617, 0.352887809,
          0.254589707, 0.352887809, 0.352887809, 0.352887809,
          0.201758221, 0.0735249594, 0.046281971, 0.236818224,
          0.00192241266, 0.000309005001, 0.135281861, 0.327897042,
          0.327897042, 0.186920807, 0.327897042, 0.324054658,
          0.246506482, 0.00664348155, 0.0759021416, 0.151243314,
          0.327897042, 0.327481627, 0.313867778, 0.103111468, 0.,
          0.1155691, 0.327897042, 0.264200002, 0.0300697256, 0.15108119,
          0.206066415, 0.0283050984, 0.00145003921, 0., 0.223489031,
          0.346142709, 0.346142709, 0.346142709, 0.346142709,
          0.346142709, 0.298397988, 0.13729614, 0.320672631, 0.122033857,
          0.0517791249, 0.0121339941, 0.184451535, 0.349009454,
          0.349009454, 0.298855186, 0.349009454, 0.349009454,
          0.349009454, 0.349009454, 0., 0.004553976, 0.0506148152,
          0.0148233995, 0.349009454 ]
      - [ 0.238280565, 0.331857085, 0.331857085, 0.264639735,
          0.219145298, 0.331857085, 0.331857085, 0.331857085,
          0.276920795, 0.331857085, 0., 0., 0., 0., 0.00173062261,
          0.290490627, 0.101372711, 0.109752767, 0.0300928447,
          0.168519348, 0.139027089, 0.0199999772, 0.147353247,
          0.354311824, 0.354311824, 0.354311824, 0.354311824,
          0.354311824, 0.338811189, 0.243587881, 0.2749632, 0.161167309,
          0.323395342, 0.323395342, 0.323395342, 0.197656095,
          0.106517591, 0.046438545, 0.00398631021, 0.305113435,
          0.205700547, 0.323395342, 0.323395342, 0.0568492189,
          0.0567120239, 0.265019864, 0.323395342, 0.323395342, 0.,
          0.0795946717, 0.0288512465, 0.00111897953, 0.00991966296,
          0.496861994, 0.496861994, 0.496861994, 0.496861994,
          0.0167992786, 0.000823619659, 0., 0., 0., 0., 0. ]
      - [ 0.105348729, 0.400490969, 0.0450013541, 0.161583364,
          0.328133315, 0.400490969, 0.400490969, 0.400490969,
          0.400490969, 0.0411087275, 0.183217138, 0.000324880792,
          0.00168642087, 0., 0.0262799468, 0.105725892, 0.387912363,
          0.169947982, 0.387912363, 0.387912363, 0.387912363,
          0.230820343, 0.250546485, 0.246003345, 0.179942846,
          0.121120833, 0.159168169, 0.0683413148, 0.189482003,
          0.175768822, 0.0651022643, 0.201687589, 0.334035546,
          0.0818200037, 0.105190136, 0.014363314, 0., 0., 0.,
          0.179404587, 0.277122766, 0.358945519, 0.358945519, 0.33492142,
          0.358945519, 0.0387729667, 0.358945519, 0.358945519,
          0.101963207, 0.124196164, 0.281531692, 0.376342714,
          0.376342714, 0.376342714, 0.267840594, 0.376342714,
          0.376342714, 0.0509959832, 0.126271576, 0.233313426, 0.,
          0.0676319599, 0.141762152, 0.116619892 ]
      - [ 0.300236911, 0.300236911, 0.287379295, 0.300236911,
          0.300236911, 0.300236911, 0.300236911, 0.24215278, 0.300236911,
          0.153503835, 0.077628389, 0.300236911, 0.0184090063,
          0.0197510049, 0.11906559, 0.300236911, 0.059970364, 0.03030633,
          0., 0.0187061857, 0.00694043608, 0.0787562132, 0.0103008198,
          0.14592725, 0.370314181, 0.32572642, 0.39027676, 0.39027676,
          0.39027676, 0.39027676, 0.289863884, 0.164527789, 0.18040736,
          0., 0., 0., 0., 0., 0., 0.0116891479, 0.0730242059,
          0.0820978954, 0.0375761613, 0.464181632, 0.464181632,
          0.464181632, 0.464181632, 0.295528859, 0.351097375,
          0.351097375, 0.351097375, 0.351097375, 0.351097375,
          0.351097375, 0.322588384, 0.113817088, 0.048196692,
          0.00373865315, 0.0133803766, 0.0143576981, 0.00251653697,
          0.000872392557, 0.127216786, 0.347771436 ]
      - [ 0.452533782, 0.0306464843, 0.147505879, 0.152852356, 0., 0.,
          0.069439888, 0.158715576, 0.0545377694, 0., 0., 0.,
          0.452533782, 0.452533782, 0.311904877, 0.452533782,
          0.329354614, 0.161055505, 0.329354614, 0.329354614,
          0.230397105, 0., 0., 0.100530006, 0.326455593, 0.319735855,
          0.121234588, 0.221516967, 0.244019791, 0.281417936,
          0.249739543, 0.329354614, 0.44421497, 0.0675139278,
          0.0525051504, 0., 0., 0., 0., 0.00773397461, 0.00773397461, 0.,
          0., 0.0386443809, 0.44421497, 0.44421497, 0.44421497,
          0.44421497, 0.361441851, 0.210931689, 0.270605832,
          0.0681793541, 0.00682236301, 0.361441851, 0.361441851,
          0.361441851, 0.361441851, 0.0984045342, 0.315780163,
          0.134909868, 0., 0.0525698848, 0.236051753, 0.186247081 ]
      - [ 0.377828896, 0.377828896, 0.106666714, 0.234107688,
          0.0700103119, 0.0779658407, 0.0340656303, 0.00419928972,
          0.0662010759, 0.0588731058, 0.259185135, 0.306898803,
          0.186807647, 0.377828896, 0.377828896, 0.377828896,
          0.0654214099, 0.127456218, 0.112415656, 0.127819076,
          0.107152939, 0.0924516618, 0.139490217, 0.43139711, 0.43139711,
          0.43139711, 0.341441303, 0.355673939, 0.242085189, 0.,
          0.199313238, 0.0835264698, 0.571106076, 0.438924432,
          0.0695144385, 0.0461242422, 0.0139780929, 0.0163647775,
          0.170367464, 0.129625484, 0.19873482, 0.0948411673,
          0.0727916136, 0., 0., 0.149193153, 0.141491458, 0.571106076,
          0.227518022, 0.310000956, 0.367578536, 0.367578536,
          0.367578536, 0.367578536, 0.223043486, 0.367578536,
          0.326982886, 0.091752775, 0.0651083961, 0.0116377724, 0.,
          0.00316374865, 0.0154190175, 0.056441877 ]
      - [ 0.14056091, 0.0848267376, 0.145446777, 0.51769042, 0.51769042,
          0.51769042, 0.233166337, 0.100080319, 0.0488452874, 0., 0.,
          0.13285248, 0.133153245, 0.030555021, 0.0826825351,
          0.181090847, 0.19795385, 0.157806218, 0.129460067, 0.153411433,
          0.0993988365, 0.166345716, 0.321391165, 0.321391165,
          0.321391165, 0.321391165, 0.321391165, 0.273421496,
          0.321391165, 0.321391165, 0.111398213, 0.211280212,
          0.341115206, 0.341115206, 0.341115206, 0.341115206,
          0.341115206, 0.0467561893, 0.0158978906, 0.0242782328,
          0.029807752, 0.0280968584, 0.0327589996, 0.341115206,
          0.230717167, 0.341115206, 0.0818848461, 0.341115206,
          0.0729444772, 0.109438717, 0., 0., 0., 0.2008975, 0.166770995,
          0.419590235, 0.419590235, 0.419590235, 0.419590235, 0.,
          0.0843872428, 0.370470911, 0.246846095, 0.0284924638 ]
      - [ 0.0151240267, 0.101960719, 0., 0.442423314, 0.442423314,
          0.442423314, 0.442423314, 0.427465677, 0.120835252,
          0.0486802384, 0.0194497183, 0., 0., 0., 0.0389479101,
          0.020230595, 0.32728824, 0.162252083, 0.32728824, 0.32728824,
          0.32728824, 0.105321139, 0.185106754, 0.32728824, 0.304031849,
          0.32728824, 0.0257886387, 0.0683493242, 0.0969269723,
          0.32728824, 0., 0.260877281, 0.326411605, 0.2703439,
          0.113884389, 0.0331393592, 0., 0.0272437558, 0.0801339075,
          0.305891514, 0.320155054, 0.246829227, 0.326411605,
          0.0784874111, 0.326411605, 0.326411605, 0.326411605,
          0.326411605, 0.023149265, 0.0184997097, 0.162739187,
          0.389286846, 0.334662557, 0.126091421, 0.389286846,
          0.389286846, 0.389286846, 0.389286846, 0.200277984,
          0.161652699, 0.0653331578, 0., 0.109218761, 0.0262560509 ]
      - [ 0.375331372, 0.15157105, 0.257814854, 0.375331372,
          0.0682119876, 0.375331372, 0.0775018409, 0.162042722,
          0.054726664, 0.0267883632, 0.12011987, 0.0396890379,
          0.221802384, 0.375331372, 0.310821086, 0.375331372,
          0.349567473, 0.349567473, 0.349567473, 0.349567473,
          0.349567473, 0.0360037461, 0.270106524, 0.172250435,
          0.183507964, 0.0718969777, 0.00682232017, 0.0355490074,
          0.320349187, 0.108205333, 0.0700869262, 0.349567473,
          0.347715557, 0.347715557, 0.347715557, 0.23177208,
          0.0176960435, 0.0232472997, 0.0300702117, 0.0758735389,
          0.0997374803, 0.119826861, 0.0839668661, 0.347715557,
          0.347715557, 0.326068848, 0.268661708, 0.347715557,
          0.312197745, 0.312197745, 0.225578144, 0.312197745,
          0.149936482, 0.312197745, 0.159341291, 0.312197745,
          0.254312843, 0.00393218547, 0.236993358, 0.170187578,
          0.312197745, 0.122047491, 0.312197745, 0.226133868 ]
      - [ 0.132913798, 0.282178909, 0.355190456, 0.245386317,
          0.320200562, 0.355190456, 0.158167034, 0.355190456,
          0.355190456, 0.0528119691, 0.101166397, 0.0557506271,
          0.0402251109, 0., 0.276710749, 0.335321814, 0.337625235,
          0.0397671647, 0.0401427969, 0.0269179437, 0., 0., 0.0173538178,
          0.337625235, 0.337625235, 0.0681398213, 0.337625235,
          0.275388092, 0.337625235, 0.337625235, 0.337625235,
          0.337625235, 0.406729937, 0.371725738, 0.0545611307,
          7.06808496e-05, 0., 0., 0., 0.0136066191, 0.0136066191,
          0.0129685318, 0.0836813599, 0.141748115, 0.406729937,
          0.406729937, 0.406729937, 0.406729937, 0.297298253,
          0.0502941124, 0.0977199972, 0.310470819, 0.379045099,
          0.206118092, 0.379045099, 0.379045099, 0.379045099,
          0.131386846, 0.214345142, 0.0836677477, 0., 0., 0.0181744453,
          0.334116161 ]
      - [ 0.413691312, 0.259673089, 0.251032889, 0.436882317,
          0.436882317, 0.0508895293, 0.265336782, 0.27283299, 0.19092986,
          0., 0.0645148903, 0.216904581, 0.0563969947, 0., 0.00387064274,
          0.272075206, 0.358878642, 0.0963482037, 0.387718707,
          0.387718707, 0.387718707, 0.387718707, 0.0800980628,
          0.235842273, 0.162711501, 0.168468863, 0.14982371,
          0.0438079573, 0.0319747217, 0., 0., 0.338325113, 0.411705822,
          0.411705822, 0.178377137, 0.120867766, 0.00630452717, 0., 0.,
          0.0492114387, 0.234387413, 0.0472474881, 0.027503049,
          0.0681107864, 0.375179231, 0.411705822, 0.256255358,
          0.411705822, 0.211380407, 0.227210328, 0.0114397267,
          0.0351705998, 0.0294537358, 0.364245147, 0.0343349092,
          0.364245147, 0.364245147, 0.364245147, 0.305502474, 0., 0.,
          0.364245147, 0.364245147, 0.0852142423 ]
      - [ 0.142012268, 0., 0.331410646, 0.372187853, 0.372187853,
          0.372187853, 0.286172599, 0.280877024, 0.144156009, 0.,
          0.122111, 0.204017654, 0.197415397, 0.0227296688, 0.185996041,
          0.372187853, 0.107292846, 0.101861671, 0.0768833682,
          0.00727639766, 0.0771994367, 0.212285355, 0.247034475,
          0.143755943, 0.332782298, 0.342629671, 0.212969095,
          0.342629671, 0.342629671, 0.342629671, 0.304849237,
          0.342629671, 0.392034173, 0.0865446553, 0.022307096,
          0.0159750618, 0.00116829819, 0.0105746808, 0.0339272469,
          0.0571281314, 0.0766887888, 0.226932839, 0.162966534,
          0.361830413, 0.392034173, 0.392034173, 0.392034173,
          0.392034173, 0.188002244, 0.300437033, 0.363705993,
          0.363705993, 0.363705993, 0.363705993, 0.363705993,
          0.363705993, 0.103423521, 0.0234357845, 0.0727496892,
          0.00706485892, 0.0690251812, 0.0456420146, 0.0715443194,
          0.220254943 ]
      - [ 0.408687264, 0.408687264, 0.408687264, 0.408687264,
          0.175044745, 0.0258082729, 0.198746949, 0.188726813,
          0.146499693, 0.053118322, 0., 0., 0.126307741, 0.0510888956,
          0.262886405, 0.330808997, 0.0881655738, 0.0902420953,
          0.206686586, 0.0985283107, 0.253959894, 0.274795622,
          0.147164583, 0.307275385, 0.307275385, 0.107585594,
          0.307275385, 0.307275385, 0.307275385, 0.307275385,
          0.307275385, 0.307275385, 0.450914145, 0.114906467,
          0.269177377, 0.171253875, 0.0980149284, 0.148795858,
          0.00646678684, 0.0431370772, 0.105846435, 0.0358477682,
          0.011949135, 0.0016278245, 0.144672662, 0.450914145,
          0.450914145, 0.450914145, 0.335146397, 0.235643327,
          0.0272900853, 0.127268553, 0.0306137558, 0.165928796,
          0.12483038, 0.182418481, 0.335146397, 0.107839391, 0.221272886,
          0.335146397, 0.335146397, 0.335146397, 0.335146397,
          0.335146397 ]
      - [ 0.344865292, 0.0712834746, 0.0549274124, 0.223862693,
          0.148936987, 0., 0., 0.344865292, 0.344865292, 0.344865292,
          0.344865292, 0.134236649, 0.250203162, 0.0548983067,
          0.344865292, 0.344865292, 0.339124113, 0.339124113,
          0.339124113, 0.26965031, 0.339124113, 0.289129436, 0.126631528,
          0.130381495, 0.182364628, 0.121633634, 0., 0., 0.254183382,
          0.0676602051, 0.339124113, 0.339124113, 0.307195336,
          0.116136864, 0.236365974, 0.0508528352, 0.307195336,
          0.157289326, 0.307195336, 0.307195336, 0.307195336, 0.19002445,
          0.188364416, 0.232241169, 0.297046125, 0.160941869,
          0.307195336, 0.307195336, 0.0127733741, 0.00838257931,
          0.444579601, 0.444579601, 0.444579601, 0.444579601,
          0.444579601, 0.0774176866, 0.0243753791, 0.0139130615,
          0.00831493549, 0., 0., 0., 0.000330201699, 0.0148384674 ]
      - [ 0.307733595, 0.307733595, 0.0747078359, 0.307733595,
          0.307733595, 0.307733595, 0.307733595, 0.307733595,
          0.307733595, 0.193048954, 0., 0., 0.307733595, 0.0841213092,
          0., 0.307733595, 0.225660473, 0.271116823, 0.0612003542,
          0.103719473, 0.136640117, 0.127793014, 0.223552048,
          0.347460568, 0.347460568, 0.347460568, 0.347460568,
          0.347460568, 0.347460568, 0.119265042, 0.178040788,
          0.0482225418, 0.381731629, 0.202815562, 0.0821627527,
          0.0218491536, 0., 0., 0., 0.0219247192, 0.131523758,
          0.168254539, 0.165592894, 0.381731629, 0.381731629,
          0.381731629, 0.381731629, 0.381731629, 0.287585229,
          0.287585229, 0.287585229, 0.12466725, 0.287585229, 0.139716759,
          0.135142863, 0.287585229, 0.287585229, 0.0687354431,
          0.171223685, 0.287585229, 0.287585229, 0.287585229,
          0.287585229, 0.287585229 ]
      - [ 0.342866302, 0.100796171, 0.342866302, 0.342866302,
          0.342866302, 0.342866302, 0.342866302, 0.25808233, 0.243076399,
          0.019002175, 0.0045100539, 0.135021403, 0.175476477,
          0.0335027203, 0.307503492, 0.101454586, 0.339761227,
          0.305349112, 0.0648491308, 0.0171027575, 0.159798846,
          0.0860091597, 0.0958607942, 0.189641193, 0.321739763,
          0.21012792, 0.339761227, 0.237966344, 0.339761227, 0.339761227,
          0.198232532, 0.339761227, 0.355729073, 0.303686559,
          0.355729073, 0.355729073, 0.138917759, 0.0262850579, 0.,
          0.145721227, 0.259331495, 0.0008495035, 0.00238128216,
          0.0460449308, 0.319953054, 0.308053583, 0.30029577,
          0.355729073, 0.180980861, 0.0309281256, 0.143773779,
          0.0968358889, 0.00275883358, 0.0513095185, 0.0204310026,
          0.0740943626, 0.376748234, 0.376748234, 0.114829414,
          0.376748234, 0.376748234, 0.258161128, 0.376748234,
          0.366606861 ]
      - [ 0.318246067, 0.318246067, 0.318246067, 0.173171446,
          0.316372931, 0.0769599602, 0.125384539, 0.318246067,
          0.318246067, 0.109057471, 0.318246067, 0.143660441,
          0.048161447, 0., 0.318246067, 0.318246067, 0.336827993,
          0.332415998, 0.182492405, 0.28482011, 0.0350065269,
          0.00811125338, 0.0103949886, 0.00364014343, 0.128282055,
          0.0750757009, 0.0656692833, 0.362406939, 0.362406939,
          0.323769927, 0.362406939, 0.362406939, 0.291822284,
          0.324372858, 0.190060258, 0.324372858, 0.324372858,
          0.027551759, 0.00134409138, 0.0133206034, 0.0441064872,
          0.136925638, 0.324372858, 0.324372858, 0.324372858,
          0.324372858, 0.110006653, 0.324372858, 0.0600497201,
          0.389443517, 0.274056137, 0.416436732, 0.416436732,
          0.416436732, 0.16105406, 0.416436732, 0.171762511,
          0.0456437021, 0.00177292409, 0.00670543546, 0.00672823982, 0.,
          0.083581917, 0.0847303718 ]
      - [ 0.325248778, 0.325248778, 0.325248778, 0.161494672,
          0.325248778, 0.0797053427, 0.255777627, 0.325248778,
          0.325248778, 0.0593063384, 0., 0.158963591, 0.325248778, 0.,
          0.154316902, 0.325248778, 0.103021353, 0.194554836,
          0.154570028, 0.08678855, 0.166604966, 0.15809311, 0.0743196905,
          0.206630185, 0.180378526, 0.350228339, 0.350228339,
          0.350228339, 0.350228339, 0.350228339, 0.350228339,
          0.217130706, 0.238525063, 0., 0.0156528745, 0.0306025464, 0.,
          0.0208415203, 0.0391705818, 0.0298183765, 0.0155154113, 0.,
          0.0384333208, 0.431979954, 0.431979954, 0.431979954,
          0.431979954, 0.431979954, 0.27501139, 0.411950886, 0.411950886,
          0.411950886, 0.411950886, 0.411950886, 0.0310555529,
          0.181904212, 0.118615627, 0.0107266409, 0.018412862,
          0.0440912023, 0.0583479851, 0.1109972, 0.0493115298,
          0.0552988537 ]
      - [ 0.231701657, 0.0995239317, 0.367992401, 0.462678879,
          0.462678879, 0.462678879, 0.0846062377, 0.263272494,
          0.126101777, 0.0458866619, 0.0657941177, 0., 0., 0.00749198766,
          0.0273491833, 0.233545706, 0.0858342424, 0.262579441,
          0.0729819611, 0.140338808, 0.0969102457, 0.355003417,
          0.355003417, 0.355003417, 0.355003417, 0.355003417,
          0.355003417, 0.150237933, 0.244588837, 0.158999652,
          0.131662637, 0.0674475506, 0.335854977, 0.251829386,
          0.335854977, 0.335854977, 0.156443417, 0.292206585, 0.10102433,
          0.25196299, 0.28724283, 0.166367084, 0.335854977, 0.0741785839,
          0., 0.228972629, 0.132535025, 0.335854977, 0.151963994,
          0.176079258, 0.00429263338, 0.0190647487, 0.00556940539,
          0.00236386177, 0.00255655707, 0.172033206, 0.279828787,
          0.243283927, 0.383437842, 0.535270035, 0.535270035,
          0.105635747, 0.0231190231, 0.203223854 ]
      - [ 0.277255774, 0.33316043, 0.33316043, 0.33316043, 0.33316043,
          0.33316043, 0.33316043, 0.33316043, 0.194927856, 0.0182886813,
          0.00325005502, 0.118095607, 0.00291439961, 0., 0.0184636842,
          0.300318867, 0.288553953, 0.262375325, 0.02169271, 0.116939187,
          0.225347131, 0.140281647, 0.213457599, 0.236429825,
          0.288553953, 0.288553953, 0.275861979, 0.288553953,
          0.288553953, 0.288553953, 0.288553953, 0.288553953,
          0.273404807, 0.304562449, 0.0915423706, 0.0506069995,
          0.0582385398, 0.00111809815, 0.0258452166, 0.148165911,
          0.181772411, 0.19675827, 0.221717104, 0.366323113, 0.366323113,
          0.366323113, 0.366323113, 0.366323113, 0.355715722,
          0.355715722, 0.253815413, 0.109096535, 0.261698633,
          0.209990501, 0.122940257, 0.11586497, 0.198123798, 0.282151282,
          0.0807022229, 0.000758345937, 0.14476335, 0.355715722,
          0.355715722, 0.355715722 ]
      - [ 0.130327895, 0.0481358804, 0.290264726, 0.136708468,
          0.342553347, 0.342553347, 0.342553347, 0.342553347,
          0.342553347, 0.0306698699, 0.342553347, 0., 0., 0.241297767,
          0.258943498, 0.209901169, 0.336262763, 0.303989589,
          0.333334744, 0.21522361, 0.0611763969, 0., 0., 0.00867644418,
          0.175371513, 0.243986487, 0.144250751, 0.336262763,
          0.336262763, 0.257921159, 0.336262763, 0.336262763,
          0.302261919, 0.302261919, 0.208166763, 0.13883099, 0.302261919,
          0.302261919, 0.302261919, 0.302261919, 0.302261919,
          0.174332634, 0.263041556, 0.00764219882, 0., 0.111672409,
          0.302261919, 0.302261919, 0.275964975, 0.178042069,
          0.392894715, 0.0559026003, 0.27748993, 0.0382245854,
          0.202080816, 0.392894715, 0.392894715, 0.244758636, 0., 0.,
          0.392894715, 0.111197941, 0.174052671, 0.213926494 ]
      - [ 0.34331581, 0.34331581, 0.34331581, 0.339322507, 0.197237268,
          0.0372795612, 0.222336113, 0.34331581, 0.34331581,
          0.0230424926, 0.0271273758, 0.103030011, 0.241755277,
          0.039183069, 0.112458557, 0.34331581, 0.295702904, 0.217727467,
          0.150748849, 0.310029238, 0.125637293, 0.243493006,
          0.194915608, 0.169281393, 0.296105057, 0.310029238,
          0.245925084, 0.310029238, 0.310029238, 0.0104099549,
          0.262208283, 0.310029238, 0.326003194, 0.326003194,
          0.326003194, 0.326003194, 0.326003194, 0.149923876,
          0.276324481, 0.170342356, 0.137017459, 0.184869602,
          0.000997066498, 0.118723996, 0.240102068, 0.326003194,
          0.0158522781, 0.326003194, 0.123309031, 0.148774907,
          0.0168254394, 0.146179393, 0.324771225, 0.165876061,
          0.274980009, 0.105075985, 0.324771225, 0.24564454, 0.324771225,
          0.324771225, 0.324771225, 0.310307652, 0.184673473,
          0.324771225 ]
      - [ 0.379444748, 0.0364761092, 0.242157549, 0.379444748,
          0.379444748, 0.379444748, 0.121991403, 0.130161837,
          0.326536298, 0.0651296824, 0.0958445743, 0.379444748,
          0.000294352911, 0.153017238, 0.165164009, 0.117368408,
          0.303170413, 0.0779831111, 0.204458237, 0.19061327,
          0.272208005, 0.156786025, 0.248282954, 0.303170413,
          0.303170413, 0.147160038, 0.291953683, 0.303170413,
          0.303170413, 0.303170413, 0.0463701077, 0.303170413,
          0.444247812, 0.444247812, 0.444247812, 0.391138375, 0.15420492,
          0., 0.0266227014, 0.000767080288, 0.000544027949, 0.0116667561,
          0.0245794039, 0.0784998238, 0.0861630142, 0.0947341323,
          0.0732046515, 0.444247812, 0.174715802, 0.042374257,
          0.0367641635, 0.136233151, 0.211608216, 0.217249513,
          0.0805066079, 0.295043141, 0.333811969, 0.242674425,
          0.333811969, 0.333811969, 0.333811969, 0.333811969,
          0.333811969, 0.177346677 ]
      - [ 0.339705586, 0.339705586, 0.339705586, 0.339705586,
          0.339705586, 0.298075587, 0.192468092, 0.0272325985,
          0.0730793253, 0.00353782182, 0.23638007, 0., 0., 0.257467806,
          0.223726571, 0.339705586, 0.330316663, 0.174246386,
          0.0435752533, 0.296495855, 0.330316663, 0.330316663,
          0.330316663, 0.330316663, 0.200920656, 0.263780653, 0.,
          0.000907952606, 0.258356005, 0.203903228, 0.0600013919,
          0.330316663, 0.435271561, 0.435271561, 0.0630577877,
          0.0118313907, 0.0101005854, 0.00833627116, 0.0070261904,
          0.0677729025, 0.040435791, 0.0130969277, 0.217643023,
          0.230536565, 0.0529071167, 0.351788372, 0.435271561,
          0.435271561, 0.293229401, 0.329009473, 0.105517492,
          0.329009473, 0.0231869537, 0.176559761, 0.319360703,
          0.329009473, 0.329009473, 0.329009473, 0.329009473,
          0.207144126, 0.0842426196, 0.0305345692, 0.193615451,
          0.167285949 ]
      - [ 0.32247597, 0.32247597, 0.32247597, 0.0315298997, 0.32247597,
          0.32247597, 0.0781478807, 0.32247597, 0.32247597, 0.202810809,
          0.32247597, 0., 0., 0., 0.112373576, 0.32247597, 0.3574467,
          0.3574467, 0.3574467, 0.317995578, 0.135827303, 0., 0.,
          0.0616613962, 0.3574467, 0.140454873, 0.141879499, 0.178916126,
          0.306020439, 0.275363356, 0.237318709, 0.253617704,
          0.441755503, 0.218416065, 0.0902557299, 0., 0.00261713145,
          0.0481048338, 0., 0.0126532428, 0.0552087799, 0.0420289114,
          0.0944986343, 0.0889125168, 0.367441326, 0.441755503,
          0.441755503, 0.441755503, 0.22924298, 0.352420181, 0.352420181,
          0.352420181, 0.352420181, 0.352420181, 0.352420181,
          0.352420181, 0.119864233, 0.0492547005, 0.0540087372,
          0.210132837, 0., 0., 0.0446270443, 0.0931075364 ]
      - [ 0.342802644, 0.250121474, 0.00712181954, 0.0745334029,
          0.189815536, 0.225961953, 0.103413619, 0.324677229,
          0.342802644, 0.294942081, 0.342802644, 0.342802644,
          0.342802644, 0.0194977503, 0.174526602, 0.140751153,
          0.322004288, 0.313910574, 0.255075008, 0.0962582156,
          0.0112657612, 0.0438893214, 0., 0.0168009363, 0.322004288,
          0.322004288, 0.023654297, 0.322004288, 0.322004288,
          0.322004288, 0.322004288, 0.308563441, 0.334369957,
          0.0574322194, 0.268837899, 0.183542982, 0.259964406,
          0.290996015, 0.090503864, 0.0290313419, 0.0513261855,
          0.117154501, 0.334369957, 0.334369957, 0.263578922,
          0.334369957, 0.285052717, 0.334369957, 0.197956294,
          0.00259903329, 0.000489929749, 0.288172334, 0.237810656,
          0.253506035, 0.28805536, 0.353182942, 0.353182942, 0.353182942,
          0.104152642, 0., 0., 0.353182942, 0.341219753, 0.2102561 ]
      - [ 0.36379227, 0.36379227, 0.0208623018, 0.158605635, 0.36379227,
          0.36379227, 0.36379227, 0.36379227, 0.199880645, 0.311092496,
          0.0539644472, 0., 0., 0.000298739382, 0.0527132303,
          0.185158089, 0.371329159, 0.371329159, 0.130384326,
          0.371329159, 0.371329159, 0.302002877, 0.0506131239,
          0.27517885, 0.371329159, 0.164129406, 0.0166066512,
          0.0135548394, 0.18979387, 0.204893231, 0.00813294668,
          0.122087568, 0.393036693, 0.277975142, 0.393036693,
          0.277695119, 0.0198163781, 0.0395692177, 0.0470263474,
          0.108087853, 0.156270862, 0.136753365, 0.0644536838,
          0.174496233, 0.0604478382, 0.355732113, 0.393036693,
          0.393036693, 0.211454749, 0.143360674, 0.145632759, 0.30939126,
          0.242952049, 0.285194755, 0.126458526, 0.30939126, 0.30939126,
          0.30939126, 0.134994924, 0.30939126, 0.297908187, 0.269759238,
          0., 0.30939126 ]
      - [ 0.32082054, 0.32082054, 0.32082054, 0.32082054, 0.,
          0.0134040788, 0.265708119, 0.304331243, 0.128425017,
          0.170752928, 0.0478834137, 0.280798912, 0.196814656,
          0.250307471, 0.301414788, 0.320409119, 0.333054632,
          0.222839788, 0.227940917, 0.0950410143, 0.138326585,
          0.298609495, 0.204700798, 0.320295483, 0.333054632,
          0.0687842891, 0.333054632, 0.228555873, 0.147089556,
          0.333054632, 0., 0.333054632, 0.354629725, 0.143873036,
          0.179557294, 0.0760162026, 0.0130301611, 0.0730377734,
          0.0226225853, 0.121180996, 0.321961313, 0.226769879,
          0.354629725, 0.0859074369, 0.354629725, 0.354629725,
          0.354629725, 0.354629725, 0.218854129, 0.0695979297,
          0.348841667, 0.0766592473, 0., 0.118311867, 0.331467688,
          0.199547872, 0.237130359, 0.0529117696, 0.0855870843,
          0.370165437, 0.370165437, 0.370165437, 0.280752957,
          0.309936196 ]
      - [ 0.182863936, 0.451934576, 0.266430467, 0.3703942, 0.114927031,
          0., 0.0400150158, 0.451934576, 0.451934576, 0.235236466,
          0.0174899399, 0., 0.121170454, 0.211438015, 0., 0.10627801,
          0.319989294, 0.0933333635, 0.319989294, 0.319989294,
          0.224405959, 0.031622231, 0., 0.124912672, 0.319989294,
          0.23405306, 0.301790863, 0.319989294, 0.160547212, 0.180954397,
          0.319989294, 0.319989294, 0.21063, 0.268101782, 0.28595081,
          0.225217298, 0.314577103, 0.00560810464, 0., 0.256754071,
          0.314577103, 0.253200501, 0.314577103, 0.314577103,
          0.155691028, 0.0081059346, 0.314577103, 0.314577103,
          0.215120792, 0., 0.00330073759, 0.0497344546, 0.231000617,
          0.422840208, 0.422840208, 0.422840208, 0.422840208, 0., 0., 0.,
          0., 0., 0.350123465, 0.236413807 ]
      - [ 0.212092414, 0.32030049, 0.32030049, 0.0637754574, 0.32030049,
          0.159497738, 0.32030049, 0.32030049, 0.32030049, 0.0871538147,
          0.046407707, 0.163376823, 0.255213976, 0.320292294, 0.,
          0.32030049, 0.377369493, 0.122321159, 0.126258105,
          0.0592275523, 0.0376075804, 0.0241104607, 0., 0.0721023828,
          0.1447175, 0.102272756, 0.345245063, 0.377369493, 0.377369493,
          0.377369493, 0.377369493, 0.303295553, 0.0232827086, 0., 0.,
          0., 0., 0., 0., 0.00497826049, 0.00497826049, 0.,
          0.00541115319, 0.394744784, 0.560739756, 0.560739756,
          0.363204539, 0.277813584, 0.373640031, 0.373640031,
          0.373640031, 0.373640031, 0.373640031, 0.145735413,
          0.306443334, 0.340480477, 0.016206786, 8.03254516e-05,
          0.0177828316, 0.0932807848, 0.046232231, 0.00331460219,
          0.020532446, 0.23517938 ]
      - [ 0.399096847, 0., 0., 0.0974945724, 0.0980774239, 0.0124449162,
          0.0570368543, 0.0352534428, 0.126738802, 0.0146908443, 0., 0.,
          0.450369447, 0.450369447, 0.433210582, 0.450369447,
          0.367351294, 0.00899437815, 0.367351294, 0.132088721,
          0.0395740308, 0.0597200729, 0.126651764, 0.347858936,
          0.304341644, 0., 0.305776954, 0.179114163, 0.367351294,
          0.280409247, 0., 0.367351294, 0.477835387, 0.02284858, 0., 0.,
          0., 0., 0., 0.00608704472, 0.00608704472, 0., 0.00042086863,
          0.092267774, 0.269835621, 0.477835387, 0.477835387,
          0.477835387, 0.347065777, 0.108949758, 0.250263393,
          0.319989145, 0.347065777, 0.225954592, 0.000374920433,
          0.347065777, 0.347065777, 0.10135825, 0.258140683, 0.272745579,
          0.115378976, 0.0265249461, 0.0315067209, 0.347065777 ]
      - [ 0.305502385, 0.305502385, 0.305502385, 0.305502385,
          0.305502385, 0.305502385, 0.272232413, 0.305502385,
          0.249162063, 0.305502385, 0.0817476511, 0.0119214188,
          0.0183181148, 0., 0.305502385, 0.116659209, 0.306604952,
          0.306604952, 0.260921776, 0.0107441396, 0.306604952,
          0.306604952, 0.117364071, 0.152281955, 0.118639797,
          0.176611066, 0.306604952, 0.306604952, 0.021221254,
          0.306604952, 0.306604952, 0.306604952, 0.412716925,
          0.121818885, 0.0720890686, 8.51126533e-05, 0.00736504281,
          0.0400239006, 0., 0.00259837927, 0.0368825756, 0.067711778,
          0.141410306, 0.412716925, 0.412716925, 0.310739726,
          0.412716925, 0.412716925, 0.328539938, 0.318870544,
          0.314875722, 0.105601676, 0.09230683, 0.0140900025,
          0.0782342851, 0.153023258, 0.249571025, 0.174555093,
          0.306038052, 0.142750189, 0.328539938, 0.328539938,
          0.328539938, 0.328539938 ]
      - [ 0.229949176, 0., 0.0183855426, 0.218622386, 0., 0.,
          0.0754643232, 0.377806813, 0.377806813, 0.377806813,
          0.377806813, 0.203109995, 0.328280628, 0., 0.163732439,
          0.377806813, 0.0720649436, 0.167884693, 0.155325294,
          0.0713638514, 0.00215963041, 0.152633667, 0.191499248,
          0.422550589, 0.422550589, 0.422550589, 0.422550589,
          0.315549225, 0.00341835967, 0.237598985, 0., 0.0545501299,
          0.205987453, 0.0784777552, 0.0933947042, 0.00352045777, 0., 0.,
          0., 0.00962873269, 0.0869549289, 0.104894474, 0.447093457,
          0.457720369, 0.457720369, 0.457720369, 0.248125821,
          0.171650842, 0.280295968, 0.114351794, 0.166846693,
          0.200297385, 0.325255841, 0.162881032, 0.355438203,
          0.355438203, 0.355438203, 0.355438203, 0.26567331,
          0.0396336727, 0.0319660753, 0.0530143529, 0.0588321462,
          0.346029222 ]
      - [ 0.323053718, 0.323053718, 0.323053718, 0.323053718,
          0.255317569, 0.295806795, 0.323053718, 0.323053718,
          0.167116106, 0.313410312, 0.168068394, 0.0388108045, 0., 0.,
          0.00809315126, 0.248854503, 0.362355947, 0.362355947,
          0.362355947, 0.103790917, 0.123134561, 0.0102817705,
          0.00966025796, 0.362355947, 0.362355947, 0.309543759,
          0.236313179, 0.0866065994, 0.320710331, 0.151870862,
          0.148996189, 0.0803435221, 0.371614009, 0.371614009,
          0.371614009, 0.251388848, 0.047960598, 0.000879501633, 0.,
          0.0923285559, 0.119054012, 0.0602501668, 0.0389528498,
          0.134077519, 0.337573737, 0.28377223, 0.371614009, 0.371614009,
          0.140918732, 0.111946769, 0.143596947, 0.2133957, 0.389665365,
          0.416695595, 0.416695595, 0.416695595, 0.416695595,
          0.0104698567, 0.000880563573, 0.0364329219, 0.0452581085,
          0.00217025517, 0.0415973738, 0.2137485 ]
      - [ 0.0914428905, 0., 0.332864314, 0.423657149, 0.423657149,
          0.410493016, 0.320169866, 0.185609803, 0.27717647,
          0.0421352275, 0.125220567, 0.201785877, 0., 0., 0.123573795,
          0.248801112, 0.138903692, 0.242447108, 0.30578509, 0.30578509,
          0.30578509, 0.30578509, 0.100809634, 0.30578509, 0.30578509,
          0.236075118, 0.0492004827, 0.30578509, 0.0108982306,
          0.30578509, 0.30578509, 0.0943165049, 0.379384249, 0.28964451,
          0.0290707741, 0., 0.000201506919, 5.79079024e-05, 0.033674676,
          0.0430309772, 0.142247066, 0.102492727, 0.31366995,
          0.244325846, 0.379384249, 0.379384249, 0.379384249,
          0.379384249, 0.236715063, 0.18867816, 0.122806221, 0.335968047,
          0.335968047, 0.139364824, 0.28190276, 0.204453662, 0.128430307,
          0.141535655, 0.0898619071, 0.332431793, 0.335968047,
          0.335968047, 0.306069165, 0.221237779 ]
      - [ 0.330403149, 0.330403149, 0.330403149, 0.330403149,
          0.330403149, 0.019643195, 0.0634063408, 0.317114115,
          0.243917391, 0.163325667, 0.330403149, 0.0742968321,
          0.0547512397, 0.330403149, 0.00167927495, 0.181317225,
          0.364803106, 0.168257311, 0.0813780129, 0.073718518,
          0.00200521597, 0., 0., 0.00703855371, 0.127191499,
          0.0904854685, 0.364803106, 0.364803106, 0.364803106,
          0.364803106, 0.364803106, 0.364803106, 0.320161015,
          0.320161015, 0.320161015, 0.320161015, 0.320161015,
          0.0762246847, 0., 0.02230593, 0.154861882, 0.0658301935,
          0.0574312657, 0.320161015, 0.272237509, 0.320161015,
          0.254442751, 0.320161015, 0.19205676, 0.391855687,
          0.0860281736, 0.391855687, 0.391855687, 0.391855687,
          0.391855687, 0.391855687, 0.149619684, 0.0445249043,
          0.00211240444, 0.0281425398, 0.0619853772, 0., 0.,
          0.0385524258 ]
      - [ 0.322987944, 0.0282051899, 0.212040037, 0.351810873,
          0.351810873, 0.351810873, 0.351810873, 0.351810873,
          0.236178517, 0., 0.112046577, 0.0529294871, 0.154283077,
          0.0940339193, 0., 0.351810873, 0.220609814, 0.0590631329, 0.,
          0.0454544611, 0.28325519, 0.2066845, 0.23602201, 0.588899374,
          0.588899374, 0.0165157579, 0.0406508483, 0.128783062, 0., 0.,
          0.0464502722, 0.216714293, 0.388154596, 0.388154596,
          0.140959427, 0.0324258842, 0., 0.049752634, 0.0747725293,
          0.100662015, 0.213304311, 0.157939419, 0.203765735,
          0.0645394102, 0.388154596, 0.363029867, 0.326230139,
          0.388154596, 0.0423084833, 0.00792378839, 0.033140298,
          0.140386432, 0.43844676, 0.43844676, 0.43844676, 0.43844676,
          0.43844676, 0.0554480068, 0.0194763634, 0.0456230491,
          0.00519459322, 0., 0.0473015048, 0.0631147623 ]
      - [ 0.168682128, 0., 0.193717837, 0.189170986, 0.367578954,
          0.367578954, 0.367578954, 0.367578954, 0.367578954,
          0.303994685, 0., 0., 0., 0.0952284038, 0.310287416,
          0.145708248, 0.312250108, 0.241603538, 0.312250108,
          0.312250108, 0.312250108, 0.0302190613, 0.0211566184,
          0.0533081628, 0.0438398384, 0.192054361, 0.312250108,
          0.312250108, 0.134152919, 0.312250108, 0.312250108,
          0.312250108, 0.16452007, 0.224279165, 0.341614902, 0.341614902,
          0.185299024, 0.00727833621, 0.0310632847, 0.0773997232,
          0.174922377, 0.341614902, 0.0834340379, 0.341614902,
          0.341614902, 0.341614902, 0.341614902, 0.153003916,
          0.212337464, 0.347637624, 0.295877635, 0.347637624,
          0.347637624, 0.347637624, 0.347637624, 0.347637624,
          0.244407013, 0.00503391633, 0.0542607494, 0.165758416, 0., 0.,
          0., 0.22046347 ]
      - [ 0.357880682, 0.317210346, 0.0509249084, 0.456562907,
          0.456562907, 0.456562907, 0.139998436, 0.246334121,
          0.189328194, 0.0276888441, 0., 0., 0., 0.123098604,
          0.0668169484, 0.0478191152, 0.312145144, 0.312145144,
          0.0371859409, 0.261856288, 0.312145144, 0.312145144,
          0.167292282, 0.312145144, 0.312145144, 0.312145144, 0.,
          0.0233890824, 0.312145144, 0.146575987, 0., 0.312145144,
          0.355113298, 0.265542597, 0.145199075, 0.131885886,
          0.00716280611, 0.0104649169, 0.0534571484, 0.115316473,
          0.178788558, 0.180057064, 0.250893712, 0.355113298,
          0.355113298, 0.336578578, 0.355113298, 0.355113298,
          0.186424389, 0.365224004, 0.163805485, 0.0526208729,
          0.0205164216, 0.0344309919, 0.0229862351, 0.313779414,
          0.112474203, 0.0492417514, 0.176532984, 0.195635796,
          0.391548127, 0.391548127, 0.391548127, 0.391548127 ]
      - [ 0.333283365, 0.388715148, 0.124708891, 0.388715148,
          0.388715148, 0.148194224, 0.189885437, 0.388715148,
          0.203324035, 0.00195383443, 0.030268373, 0.326474398,
          0.0535900071, 0., 0.00465500914, 0.235225409, 0.340565681,
          0.143746972, 0.0364275351, 0.27922383, 0.252526432,
          0.340565681, 0.242430419, 0.143287212, 0.260240376,
          0.0304293912, 0.297152013, 0.340565681, 0.340565681,
          0.129200175, 0., 0.340565681, 0.244602621, 0., 0.0169194862,
          0.00680782553, 0., 0., 0., 0.0112359878, 0.0760372877,
          0.0657053143, 0.103900589, 0.427678436, 0.427678436,
          0.427678436, 0.427678436, 0.427678436, 0.14272733, 0.168581858,
          0.154087439, 0.440278977, 0.440278977, 0.440278977,
          0.0858407095, 0.285538793, 0.026786074, 0.0150836641,
          0.0786634088, 0.0642168447, 0., 0.112267651, 0.363250494,
          0.311157137 ]
      - [ 0.318895131, 0.173060894, 0.0666399002, 0.339415997,
          0.136539862, 0.142971203, 0.0679538473, 0.339415997,
          0.339415997, 0.339415997, 0.339415997, 0.339415997,
          0.339415997, 0.00470415922, 0.0759572834, 0.0678825676,
          0.259818524, 0.098155424, 0.112793975, 0.164975077,
          0.0896078125, 0.0881069005, 0.0311605986, 0.185094655,
          0.392355651, 0.15229027, 0.2633093, 0.0424985588, 0.392355651,
          0.392355651, 0.392355651, 0.343330085, 0.418368071,
          0.119783685, 0.0298421886, 0.0146103418, 0., 0., 0.,
          0.00202327385, 0.00202327385, 0.0379719175, 0.0659938604,
          0.418368071, 0.418368071, 0.418368071, 0.418368071,
          0.315284461, 0.308021814, 0.308021814, 0.308021814,
          0.081263043, 0.199704602, 0.296038717, 0.0164413061,
          0.308021814, 0.308021814, 0.254275262, 0.210336745,
          0.0148721086, 0.0486961864, 0.308021814, 0.294780225,
          0.308021814 ]
      - [ 0.314129382, 0.314129382, 0.314129382, 0.314129382,
          0.314129382, 0.314129382, 0.172956243, 0.299648643,
          0.184834614, 0.153436527, 0., 0., 0.314129382, 0.0389769562,
          0.168861181, 0.314129382, 0.308858365, 0.272204459,
          0.308858365, 0.308858365, 0.308858365, 0.0679707676,
          0.214213058, 0.174109146, 0.158596694, 0.115970962,
          0.119255058, 0.308858365, 0.308858365, 0.16132395, 0.308858365,
          0.308858365, 0.396231085, 0.0889075249, 0.0230952706,
          0.0198889244, 0., 0.00481695682, 0.00413913606, 0.0137993274,
          0.0561332256, 0.0389642529, 0.200783253, 0.396231085,
          0.396231085, 0.396231085, 0.396231085, 0.396231085,
          0.294914901, 0.282515377, 0.367520183, 0.367520183,
          0.295963526, 0.0751940757, 0.0251513459, 0.367520183,
          0.367520183, 0.00433195196, 0.095960699, 0.367520183,
          0.111545272, 0.0575850159, 0.0565256625, 0.17922394 ]
      - [ 0.266269445, 0.322181702, 0.322181702, 0.322181702,
          0.322181702, 0.317380607, 0.155891135, 0.170344576,
          0.322181702, 0.135563657, 0.00621188618, 0., 0., 0.322181702,
          0.166009158, 0.321014136, 0.295799464, 0.221925303,
          0.295799464, 0.295799464, 0.287946135, 0.0792817473,
          0.22082305, 0.248653799, 0.100840569, 0., 0.194566429,
          0.295799464, 0.295799464, 0.295799464, 0.295799464,
          0.295799464, 0.205736205, 0.092615433, 0.0165608097,
          0.00747681875, 0., 0., 0., 0.0288197994, 0.109358534,
          0.135072604, 0.400087982, 0.400087982, 0.400087982,
          0.400087982, 0.336721599, 0.400087982, 0.0949316025,
          0.308156222, 0.420928627, 0.420928627, 0.420928627,
          0.420928627, 0.0378155932, 0.269480318, 0.0340961553,
          0.000926644076, 0.0588044561, 0.0204269476, 0.033158768,
          0.250160128, 0.166921943, 0.11166127 ]
      - [ 0.120004207, 0.279040068, 0.476507336, 0.476507336,
          0.476507336, 0.11743629, 0.0925407037, 0.307063788,
          0.141525239, 0.0929591879, 0.0715578422, 0.016319802,
          0.0520530716, 0.0816051513, 0.196486041, 0.152058572,
          0.282275766, 0.262375951, 0.254609644, 0.282275766,
          0.282275766, 0.282275766, 0.197611794, 0.143596441,
          0.282275766, 0.0708765239, 0.0449666493, 0.282275766,
          0.282275766, 0.282275766, 0.282275766, 0.282275766,
          0.249869287, 0.0021696873, 0.000350255752, 0.0121952649,
          0.00389387738, 0., 0., 0.0404769555, 0.099214904, 0.129940107,
          0.208713695, 0.415047646, 0.415047646, 0.415047646,
          0.415047646, 0.415047646, 0.22896558, 0.049403768, 0.237544596,
          0.368632376, 0.368632376, 0.368632376, 0.368632376,
          0.232318699, 0.175126553, 0., 0., 0.0438716561, 0.0582599305,
          0.316514432, 0.368632376, 0.12422996 ]
      - [ 0.459985346, 0.112947963, 0., 0., 0., 0., 0.098466143,
          0.19627656, 0.185276151, 0., 0.0647903159, 0.214874521,
          0.459985346, 0.459985346, 0.0581892133, 0.459985346,
          0.245036766, 0.0187687073, 0.215147138, 0.0983138159,
          0.224165797, 0.150472283, 0.0393165164, 0.263030916,
          0.348868847, 0.0177343413, 0.0772695243, 0.348868847,
          0.348868847, 0.348868847, 0.348868847, 0.348868847,
          0.419823647, 0.0348299034, 0.00653703418, 0.0198941585,
          0.0108600101, 0., 0., 0.105428427, 0.00652876124, 0.,
          0.0861836076, 0.366494924, 0.36895138, 0.419823647,
          0.419823647, 0.419823647, 0.251656204, 0.23473385,
          0.0012740707, 0.19064264, 0.164819375, 0.0979903638,
          0.254120767, 0.319756657, 0.319756657, 0.319756657,
          0.217625007, 0.319756657, 0.319756657, 0.0962583423,
          0.265689194, 0.319756657 ]
      - [ 0.201925889, 0.332735807, 0.308340073, 0.400874704,
          0.400874704, 0.400874704, 0.139821678, 0.349773139,
          0.162416786, 0.0116506694, 0.0386031866, 0.257422566,
          0.0256065447, 0., 0., 0.174683824, 0.297294945, 0.297294945,
          0.297294945, 0.297294945, 0.192597434, 0.115562268,
          0.0778274536, 0.269094378, 0.297294945, 0.200819284,
          0.161366835, 0.297294945, 0.23830308, 0.288055241, 0.20806323,
          0.297294945, 0.336280674, 0.336280674, 0.24865742, 0.336280674,
          0.336280674, 0.0057545118, 0.00548109692, 0.088502191,
          0.204870164, 0.188970581, 0.18421036, 0.336280674, 0.336280674,
          0.137481868, 0.0693149641, 0.336280674, 0.088904053,
          0.187458411, 0.372960657, 0.429687411, 0.429687411,
          0.429687411, 0.429687411, 0.232994393, 0.139500782,
          0.0116114905, 0., 0., 0., 0., 0.018112218, 0.0287868641 ]
      - [ 0.360681981, 0.360681981, 0.14462769, 0.100420229, 0.360681981,
          0.360681981, 0.360681981, 0.360681981, 0.360681981, 0., 0., 0.,
          0., 0., 0.210464135, 0.10227146, 0.317482084, 0.317482084,
          0.317482084, 0.317482084, 0.313495398, 0.0374238119,
          0.0892775282, 0.304230094, 0.276091725, 0.0921947435,
          0.31342417, 0.0344339386, 0.218488052, 0.317482084, 0.1865073,
          0.161177039, 0.258860499, 0.340717882, 0.340717882,
          0.340717882, 0.0616624504, 0., 0., 0.0161607247, 0.126311719,
          0.0772629827, 0.110912986, 0.340717882, 0.340717882,
          0.280494034, 0.340717882, 0.340717882, 0.123667963,
          0.381806433, 0.26726979, 0.381806433, 0.381806433, 0.381806433,
          0.381806433, 0.381806433, 0.148303926, 0., 0., 0.,
          0.0227490533, 0.089952141, 0.0172090828, 0.0624704286 ]
      - [ 0.360597789, 0.0747237131, 0., 0.360597789, 0.360597789,
          0.275502533, 0.359881997, 0.360597789, 0.360597789,
          0.0662633628, 0.0188517272, 0., 0., 0., 0.0215938799,
          0.360597789, 0.320512533, 0.320512533, 0.169738159,
          0.00942156371, 0.00123509369, 0.0644371584, 0.0324278884,
          0.320512533, 0.320512533, 0.172829822, 0.238314912,
          0.265389383, 0.320512533, 0.320512533, 0.320512533,
          0.294106424, 0.466795653, 0.359370798, 0.0235717949,
          0.0147921033, 0.0542746894, 0.0446423143, 0.116856635,
          0.0743827298, 0.0627886504, 0.169244364, 0.0696253851,
          0.016253354, 0.0701965317, 0.466795653, 0.380747706,
          0.466795653, 0.361497223, 0.124887563, 0.239222988,
          0.107707627, 0.0677736104, 0.0144310705, 0., 0.278687596,
          0.259657025, 0.0293478817, 0.161886483, 0.285662293,
          0.361497223, 0.361497223, 0.361497223, 0.361497223 ]
      - [ 0.380474001, 0.380474001, 0.380474001, 0.380474001,
          0.0832086876, 0.0496159792, 0.0721360296, 0.154820085,
          0.254983664, 0.0938127562, 0.0410541147, 0.0672217458, 0.,
          0.14516972, 0.36433816, 0.380474001, 0.229777262, 0.273666322,
          0.273201972, 0.204249471, 0.15124023, 0.13117525, 0.169463217,
          0.196508288, 0.311139613, 0.100627095, 0.311139613,
          0.311139613, 0.311139613, 0.311139613, 0.233358309,
          0.311139613, 0.379476875, 0.379476875, 0.0532130972, 0., 0.,
          0., 0., 0.0451376215, 0.112488784, 0.0200162847, 0.208390787,
          0.379476875, 0.379476875, 0.266162395, 0.379476875,
          0.379476875, 0.34140119, 0.147650018, 0.34140119, 0.0629788116,
          0.0986535102, 0.0141200237, 0.0720941126, 0.320495605,
          0.199394912, 0.0675546899, 0.34140119, 0.34140119, 0.34140119,
          0.34140119, 0.145870194, 0.296726286 ]
      - [ 0.258951157, 0., 0., 0., 0., 0., 0.269499153, 0.32727921,
          0.32727921, 0.32727921, 0.32727921, 0.32727921, 0.32727921,
          0.0122868931, 0.32727921, 0.32727921, 0.161678195, 0.,
          0.0607911125, 0.150701568, 0.139836788, 0.273839355,
          0.0667622238, 0.231431678, 0.356602162, 0.356602162,
          0.356602162, 0.356602162, 0.00122146669, 0.356602162,
          0.279439658, 0.278239131, 0.115637474, 0., 0.00974287931,
          0.000215997483, 0.0349564031, 0.00244554877, 0.0781504214,
          0.3751643, 0.263115644, 0.3751643, 0.3751643, 0.3751643,
          0.3751643, 0.3751643, 0.104429737, 0.225443035, 0.329807281,
          0.363620996, 0.315331519, 0.363620996, 0.363620996,
          0.363620996, 0.25121969, 0.362902224, 0.237405017, 0.017502822,
          0.00334575702, 0.0305987671, 0.00913951825, 0., 0.,
          0.0822894797 ]
      - [ 0.182466194, 0., 0.00169906009, 0.257627994, 0.0624781623,
          0.212654486, 0.251614779, 0.334356308, 0.334356308,
          0.306237489, 0.328853279, 0.259791613, 0.22606875, 0.334356308,
          0.334356308, 0.129820928, 0.146135017, 0.147300676, 0.11250139,
          0.242562786, 0.27314046, 0.125791475, 0.0151765775,
          0.0277171172, 0.168752804, 0.138783231, 0.37821725,
          0.165129304, 0.37821725, 0.37821725, 0.37821725, 0.37821725,
          0.307213396, 0.278791964, 0.297583193, 0.307213396,
          0.0699265003, 0., 0., 0.0288202837, 0.164285451, 0.288957089,
          0.307213396, 0.307213396, 0.307213396, 0.231910884,
          0.307213396, 0.307213396, 0.195458457, 0.102660351,
          0.345276594, 0.243163064, 0.346408546, 0.346408546,
          0.346408546, 0.346408546, 0.21219632, 0.0492566824,
          0.346408546, 0.00921260752, 0., 0.0273644105, 0.0342241153,
          0.346408546 ]
      - [ 0.17909804, 0.288692802, 0.293104351, 0.135581702,
          0.00502445037, 0.111497015, 0., 0.421317726, 0.421317726,
          0.176264659, 0.34859398, 0.214598894, 0.407469243, 0.108894274,
          0., 0.17909804, 0.177461848, 0.0769289508, 0.199300259,
          0.191092789, 0.036726851, 0.0109681142, 0.124567516,
          0.0973996967, 0.18137072, 0.417407125, 0.268959939,
          0.417407125, 0.417407125, 0.270710528, 0.391464531,
          0.0354968272, 0.0933737084, 0., 0.00749356905, 0.00393773289,
          0.00166931178, 0.00170943176, 0., 0.0115875863, 0.0199272074,
          0.0291139856, 0.041229438, 0.483854681, 0.483854681,
          0.483854681, 0.483854681, 0.216405004, 0.363503546,
          0.363503546, 0.363503546, 0.363503546, 0.363503546,
          0.363503546, 0.224675849, 0.192666978, 0.18120791,
          0.0329204239, 0.0348689631, 0.0156865045, 0.072274141,
          0.00940795895, 0.00526480423, 0.274294943 ]
      - [ 0.183468744, 0.225787401, 0.00525893411, 0.329233319,
          0.329233319, 0.329233319, 0.27943331, 0.329233319, 0.307531059,
          0.242924631, 0., 0., 0.0400538296, 0.329233319, 0.168521538,
          0.329233319, 0.0846420228, 0.010881681, 0.0924256369,
          0.311506063, 0.321462125, 0.321462125, 0.321462125,
          0.321462125, 0.308292955, 0.147745833, 0.298847497,
          0.187270418, 0.321462125, 0.321462125, 0.143546164,
          0.045171231, 0.412415743, 0.0572946183, 0.0169038251,
          0.0225686748, 0.00720184157, 0., 0., 0.0192570761,
          0.0773967877, 0.13387388, 0.224411875, 0.412415743,
          0.258210838, 0.412415743, 0.412415743, 0.412415743,
          0.342195094, 0.342195094, 0.342195094, 0.245746553,
          0.342195094, 0.271031827, 0.0224217139, 0.19353269,
          0.180952862, 0.0161505863, 0.172241062, 0.295244187,
          0.120123632, 0.229321748, 0.149757504, 0.342195094 ]
      - [ 0.185099259, 0., 0.271959722, 0.0862365067, 0.226030663,
          0.298839658, 0.298839658, 0.298839658, 0.298839658,
          0.298839658, 0.298839658, 0.298839658, 0., 0.298839658,
          0.298839658, 0.162840709, 0.281846493, 0.281846493,
          0.281846493, 0.281846493, 0.281846493, 0.281846493,
          0.254231304, 0.281846493, 0.175394356, 0.281846493,
          0.281846493, 0.119502611, 0.281846493, 0.281846493,
          0.0505198464, 0.10555391, 0.377837777, 0.269620895,
          0.105719618, 0.0188343786, 0.00197398756, 0.00314230006, 0.,
          0.00317675527, 0.00880634133, 0.0793856233, 0.221419558,
          0.377837777, 0.377837777, 0.377837777, 0.377837777,
          0.377837777, 0.267128885, 0.304225773, 0.304225773,
          0.0107998885, 0.304225773, 0.267602891, 0.304225773,
          0.0900431201, 0.161120176, 0.269140005, 0.000460824056,
          0.0833289176, 0.304225773, 0.304225773, 0.304225773,
          0.304225773 ]
      - [ 0.355055362, 0.355055362, 0.355055362, 0.0558712222,
          0.00968552101, 0.328707784, 0.355055362, 0.355055362,
          0.355055362, 0.100275166, 0.0137686953, 0., 0., 0.319529086,
          0.0733897462, 0.105228759, 0.320498794, 0.320498794,
          0.320498794, 0.320498794, 0.216518536, 0.00506322086,
          0.144270316, 0.320498794, 0.267460287, 0.320498794,
          0.0457558297, 0.0178048722, 0.0539491922, 0.20131667,
          0.304395884, 0.320498794, 0.347801834, 0.233135626,
          0.347801834, 0.347801834, 0.0962487236, 0.0223437902,
          0.0165986028, 0.0901046917, 0.139850259, 0.114646502,
          0.271057397, 0.2723369, 0.347801834, 0.347801834, 0.133705959,
          0.347801834, 0.0830804557, 0.19244951, 0.159650773,
          0.312850833, 0.107214212, 0.447432995, 0.447432995,
          0.447432995, 0.345588237, 0.236209303, 0.0514823124, 0.,
          0.0160518903, 0.178407505, 0., 0.0786153898 ]
      - [ 0.397890449, 0.397890449, 0.397890449, 0.397890449,
          0.397890449, 0.127499431, 0.0258158259, 0.00968578644,
          0.00968578644, 0.0794984996, 0.0140008358, 0., 0., 0.,
          0.14999342, 0.397890449, 0.292076856, 0.10900531, 0.292076856,
          0.292076856, 0.292076856, 0.292076856, 0.214513317,
          0.292076856, 0.200064361, 0.27088207, 0.292076856, 0.200283155,
          0.292076856, 0.120613024, 0.292076856, 0.0577886291,
          0.358673453, 0.358673453, 0.358673453, 0.210212857,
          0.0447974242, 0.0124659184, 0.0728039816, 0.0408463962,
          0.0326623879, 0.0628625453, 0.0890966207, 0.17208375,
          0.358673453, 0.358673453, 0.358673453, 0.358673453,
          0.249682903, 0.0326038562, 0.022779623, 0.0359857045,
          0.116527259, 0.0200027321, 0.0608068444, 0.374997348,
          0.232359752, 0.465946764, 0.465946764, 0.465946764,
          0.150401399, 0.0330906734, 0.0138878832, 0.206420869 ]
      - [ 0.0701728538, 0.00961629581, 0., 0., 0., 0.189421445,
          0.0711128935, 0.259077579, 0.406580448, 0.406580448,
          0.131679848, 0.393971145, 0.231903851, 0.288518786,
          0.406580448, 0.278144807, 0.126984537, 0.23576434,
          0.0479456261, 0.100080863, 0.0608283468, 0.0784439743,
          0.112868406, 0.359923184, 0.359923184, 0.359923184,
          0.123268828, 0.337572098, 0.359923184, 0.359923184, 0.19600372,
          0.272937953, 0.0187399574, 0.0929061696, 0.0391937234,
          0.16577588, 0.163879246, 0.418642908, 0.418642908, 0.418642908,
          0.418642908, 0.256728262, 0.288739741, 0.0729121566,
          0.055000741, 0.263581455, 0.0375983454, 0.0374632031,
          0.0186944623, 0.333369017, 0.381751925, 0.381751925,
          0.381751925, 0.381751925, 0.381751925, 0.381751925,
          0.0988262668, 0.00359845045, 0.0127102491, 0.00197288673, 0.,
          0., 0., 0.0186944623 ]
      - [ 0.178518608, 0., 0., 0., 0., 0.0258919671, 0.0134943184,
          0.337532759, 0.337532759, 0.337532759, 0.337532759,
          0.337532759, 0.337532759, 0.286909014, 0.309765697,
          0.319475234, 0.124905594, 0.157141611, 0.259837449,
          0.0534014069, 0., 0.0166572258, 0.00305668474, 0.34218213,
          0.34218213, 0.254145414, 0.34218213, 0.34218213, 0.34218213,
          0.34218213, 0.0377116129, 0.34218213, 0.116375007,
          0.0137116173, 0.213933468, 0.143029094, 0.162704483,
          0.108459912, 0.392861396, 0.392861396, 0.392861396,
          0.392861396, 0.0987875238, 0., 0.332905233, 0.359675825,
          0.10137105, 0.0171753205, 0.346710771, 0.12649174, 0.147350118,
          0.32918641, 0.346710771, 0.346710771, 0.346710771, 0.346710771,
          0.346710771, 0.0882941857, 0.00636370853, 0.000243062997, 0.,
          0., 0.0341326445, 0.346710771 ]
      - [ 0.192367122, 0.202983096, 0.0936471447, 0., 0.00493044592,
          0.201330632, 0.143820286, 0.368323177, 0.368323177,
          0.368323177, 0.368323177, 0.368323177, 0.368323177,
          0.0772155225, 0.138328657, 0.0950348303, 0.0363909118,
          0.022392042, 0.0548938178, 0., 0.112065405, 0.241835296,
          0.19951199, 0.357966483, 0.357966483, 0.231922761, 0.357966483,
          0.357966483, 0.357966483, 0.200686216, 0.340716809,
          0.172874257, 0.0384836681, 0.0124386763, 0.0908548757,
          0.0144018251, 0.000770348008, 0.0151004959, 0.00257443823,
          0.0372717008, 0.371074557, 0.371074557, 0.371074557,
          0.371074557, 0.371074557, 0.371074557, 0.371074557,
          0.143862113, 0.170779765, 0.409837961, 0.409837961,
          0.409837961, 0.409837961, 0.409837961, 0.236319914,
          0.225277409, 0.12763986, 0.000913604279, 0.000712880865, 0.,
          0., 0.0183253232, 0.0140106417, 0.0590072311 ]
      - [ 0.0966316164, 0.177599937, 0.12250486, 0., 0., 0., 0.,
          0.357700348, 0.357700348, 0.357700348, 0.357700348,
          0.314368427, 0.357700348, 0.357700348, 0.205554038,
          0.178219005, 0.0482069626, 0.0623993948, 0.035719879, 0.,
          0.0392994769, 0.23438561, 0.150223583, 0.294739097,
          0.361765683, 0.361765683, 0.226539552, 0.361765683,
          0.361765683, 0., 0.34246245, 0.361765683, 0.215520859,
          0.315225393, 0.315225393, 0.225014731, 0.315225393,
          0.129827842, 0.00140736834, 0.315225393, 0.315225393,
          0.0190267544, 0.315225393, 0.231582806, 0.315225393, 0.,
          0.184344992, 0.315225393, 0.291952997, 0.414173335,
          0.414173335, 0.414173335, 0.414173335, 0.075862065,
          0.180574834, 0.254316628, 0.27040872, 0.000340446481,
          0.0076694265, 0., 0., 0., 0., 0.219655931 ]
      - [ 0.391849011, 0.391849011, 0.391849011, 0.391849011,
          0.391849011, 0.391849011, 0.14711386, 0.194930628,
          0.0356827676, 0., 0., 0.0539045744, 0.00599352736,
          0.0524801612, 0.016435599, 0.0890612751, 0.368955106,
          0.368955106, 0.184764445, 0.141070798, 0.0638926849,
          0.00303906621, 0., 0.122186914, 0.096723184, 0.0901956558,
          0.00439159805, 0.368955106, 0.368955106, 0.298289746,
          0.368955106, 0.368955106, 0.375266016, 0.274515212,
          0.232669801, 0.375266016, 0.353876233, 0.0193539169,
          0.00334635726, 0.121183597, 0.249052763, 0.199135527,
          0.0363065749, 0.211305544, 0.109649353, 0.0590393543,
          0.375266016, 0.375266016, 0.246130869, 0.00607167417,
          0.0131726572, 0.344599366, 0.344599366, 0.344599366,
          0.188952461, 0.344599366, 0.344599366, 0.0606315881,
          0.0877011716, 0.262144476, 0.131041408, 0., 0.344599366,
          0.300518841 ]
      - [ 0.111429445, 0., 0., 0., 0.355668247, 0.121431105, 0.355668247,
          0.355668247, 0.355668247, 0.355668247, 0.233970881,
          0.0397993624, 0.042821601, 0.160078436, 0.355668247,
          0.355668247, 0.0824573115, 0., 0.0603823997, 0.03832376, 0.,
          0.00989365578, 0.109687656, 0.381585926, 0.381585926,
          0.381585926, 0.295278579, 0.381585926, 0.381585926,
          0.0276915301, 0.381585926, 0.102670968, 0.0952099711, 0., 0.,
          0., 0., 0.405507177, 0.405507177, 0.405507177, 0.405507177,
          0.0499072671, 0.37943548, 0.29345423, 0.289081961,
          0.0754138753, 0.0540757999, 0.066201821, 0., 8.26728647e-05,
          0.0415566079, 0.197286621, 0.466530412, 0.466530412,
          0.466530412, 0.466530412, 0.281607062, 0.0287245214,
          0.0616810173, 0.00152517681, 0.0124180811, 0., 0., 0. ]
      - [ 0.299878836, 0.0778479129, 0.193371594, 0.260950536,
          0.248767287, 0.076216802, 0.0783755332, 0.299878836,
          0.299878836, 0.299878836, 0.299878836, 0.299878836,
          0.299878836, 0.0657860637, 0.296432614, 0.299878836,
          0.355672657, 0.355672657, 0.355672657, 0.355672657,
          0.0866626352, 0.211638168, 0.0868579224, 0.249615908,
          0.355672657, 0.143346801, 0.0268275719, 0.000531671452,
          0.355672657, 0.00386853912, 0.25671804, 0.167592376,
          0.46126014, 0.241412252, 0.165256411, 0., 0., 0., 0.,
          0.0320461765, 0.13587527, 0.0693153366, 0.139934018,
          0.224348038, 0.189059451, 0.46126014, 0.37625742, 0.46126014,
          0.37153393, 0.0848448202, 0.0252062716, 0.37153393, 0.,
          0.37153393, 0.37153393, 0.37153393, 0.332439929, 0.0393442437,
          0.0030768523, 0.105234608, 0.191923663, 0., 0.015702242,
          0.37153393 ]
      - [ 0.409372538, 0., 0.175918072, 0.409372538, 0.409372538,
          0.0154157747, 0.179811612, 0.409372538, 0.409372538, 0.,
          0.0694619417, 0.0416483469, 0., 0.0736745819, 0.218989626,
          0.185796142, 0.343412429, 0.166979358, 0.343412429,
          0.343412429, 0.144403532, 0.0474111363, 0., 0.343412429,
          0.343412429, 0.157126859, 0.343412429, 0.0043027075, 0.,
          0.187458813, 0.343412429, 0.245384887, 0.284798771,
          0.295814008, 0.173730761, 0.295814008, 0.0721022487,
          0.00900902133, 0.000462622585, 0.166000202, 0.295814008,
          0.255659699, 0.295814008, 0.295814008, 0.295814008,
          0.295814008, 0.295814008, 0.295814008, 0.114856295,
          0.109400004, 0.0712415949, 0.403706551, 0.144906938,
          0.403706551, 0.399848282, 0.403706551, 0.403706551,
          0.130954623, 0.211088017, 0., 0., 0.145810395, 0.18662788,
          0.12304803 ]
      - [ 0.17331782, 0.137488544, 0.233949542, 0.36709556, 0.36709556,
          0.36709556, 0.36709556, 0.248905316, 0.206697121, 0.23759827,
          0.0322871916, 0.18593511, 0.124836773, 0., 0.08082629,
          0.36709556, 0.41612187, 0.27303946, 0.41612187, 0.41612187,
          0.0321359783, 0.0624089912, 0.156968415, 0.175871819,
          0.167166069, 0.00565877464, 0.236216933, 0.06092963,
          0.119500682, 0.238894224, 0.0965778008, 0.41612187,
          0.258709371, 0.33208552, 0.344804406, 0.0676453933,
          0.00180759572, 0.0244508553, 0.00896575302, 0.122179881,
          0.0956731439, 0.29737699, 0.172528133, 0.214756429,
          0.365295649, 0.352220207, 0.340073615, 0.365295649,
          0.375433564, 0.152454734, 0.118731208, 0.375433564,
          0.375433564, 0.375433564, 0.375433564, 0.375433564,
          0.175781667, 0.22194691, 0., 0., 0.061795678, 0.0538204238,
          0.0637547746, 0.149223551 ]
      - [ 0.386312991, 0.221402332, 0.386312991, 0.386312991,
          0.386312991, 0.386312991, 0.0986453369, 0.0683257654,
          0.0678088218, 0., 0., 0.0142719187, 0.0530842394, 0.145309001,
          0.0925286338, 0.386312991, 0.348730057, 0.348730057,
          0.348730057, 0.348730057, 0.0173955541, 0., 0., 0.050714694,
          0.050714694, 0., 0.0724052191, 0.348730057, 0.339502662,
          0.138837755, 0.348730057, 0.348730057, 0.347953856,
          0.347953856, 0.241544038, 0.131836876, 0.0111487135,
          0.0103879562, 0.0814131051, 0.0606198236, 0.0807887837,
          0.135792628, 0.291949362, 0.271351725, 0.347953856,
          0.347953856, 0.347953856, 0.347953856, 0.353645712,
          0.073282361, 0.101800606, 0.353645712, 0.353645712,
          0.212918982, 0.0538732857, 0.353645712, 0.353645712,
          0.353645712, 0.0135867465, 0.0856424794, 0.221824348,
          0.0177192576, 0., 0.353645712 ]
      - [ 0.273763567, 0.190739185, 0.213726848, 0.349392176,
          0.349392176, 0.176658317, 0.0111383228, 0.23007974,
          0.349392176, 0.303936332, 0.0728560388, 0.0123097142,
          0.0528409481, 0.349392176, 0.210308656, 0.349392176,
          0.0417741723, 0.0341437757, 0.0174408965, 0.0335938036,
          0.00109943422, 0.0543436147, 0.0757455081, 0.36868149,
          0.439771235, 0.439771235, 0.439771235, 0.439771235,
          0.202764899, 0.12567617, 0.108572036, 0.0659902096,
          0.236181319, 0.0825575292, 0.155833364, 0.056542255,
          0.00100808335, 0.0108272079, 0.135622665, 0.296747774,
          0.15467681, 0.0895127133, 0.376413792, 0.376413792,
          0.376413792, 0.376413792, 0.376413792, 0.243343174,
          0.153544515, 0.332156926, 0.416671664, 0.416671664,
          0.416671664, 0.416671664, 0.290522933, 0.195059597,
          0.196576342, 0.0136052482, 0.011180927, 0.00323653943,
          0.0032475465, 0.026298102, 0.00354402559, 0.0730961114 ]
      - [ 0.0843898952, 0.304425597, 0.19942762, 0.388431728,
          0.388431728, 0.388431728, 0.388431728, 0.388431728,
          0.245420411, 0.0267979372, 0., 0.0149885342, 0.0052237371,
          0.17612493, 0.00625886815, 0.0994737372, 0.273814619,
          0.273814619, 0.273814619, 0.273814619, 0.14553684, 0.273814619,
          0.273814619, 0.273814619, 0.273814619, 0.0376172438,
          0.273814619, 0.273814619, 0., 0.273814619, 0.273814619,
          0.273814619, 0.240164876, 0.0456182286, 0.0539465696, 0., 0.,
          6.34693497e-05, 0.000393166789, 0.0705330819, 0.11469131,
          0.292549103, 0.275623053, 0.38827011, 0.38827011, 0.38827011,
          0.38827011, 0.38827011, 0.255763024, 0.0632359311, 0.38154608,
          0.170786083, 0.38154608, 0.0395249575, 0.232770905, 0.38154608,
          0.356073886, 0.00205054879, 0.0290197618, 0.0950870365,
          0.220612228, 0.305571288, 0.250659794, 0.252150089 ]
      - [ 0.412983865, 0.129509419, 0., 0., 0., 0.126137659,
          0.0278872009, 0.336065114, 0.412983865, 0.00953408238,
          0.412983865, 0.412983865, 0.325001657, 0.09573026,
          0.0108573465, 0.228586644, 0.360378802, 0.0323818512,
          0.255992562, 0.183279365, 0.316168427, 0.0870906115,
          0.0720074102, 0.197333843, 0.136379838, 0.122449912,
          0.360378802, 0.360378802, 0.360378802, 0.199913442,
          0.147075683, 0.360378802, 0.088238433, 0.0145050706, 0., 0.,
          0., 0., 0.00346103567, 0.0176982917, 0.0729812905, 0.154269114,
          0.164949909, 0.479588747, 0.479588747, 0.479588747,
          0.479588747, 0.10263072, 0.208660781, 0.440753222, 0.440753222,
          0.440753222, 0.440753222, 0.333568156, 0.10266909,
          0.0924795941, 0.0810106248, 0.0442831777, 0.0172646213,
          0.0211191848, 0.035980653, 0.082152009, 0.0912464783,
          0.137862414 ]
      - [ 0.0812994614, 0.104521841, 0.137524515, 0.221334592,
          0.0017635508, 0.246506467, 0.115527749, 0.369187802,
          0.369187802, 0.369187802, 0.369187802, 0.201626748, 0.,
          0.343714416, 0.226466283, 0.285449684, 0.309874177,
          0.309874177, 0.309874177, 0.309874177, 0.309874177,
          0.0151321944, 0., 0.182595819, 0.309874177, 0.309874177,
          0.177214667, 0.309874177, 0., 0.0432947725, 0.309874177,
          0.256623715, 0.332159817, 0.301429152, 0.229300559,
          0.0244115107, 0.00219443836, 0., 0., 0.0345037282,
          0.0495681614, 0.0808057711, 0.131566763, 0.258340389,
          0.423948616, 0.423948616, 0.32859093, 0.423948616, 0.322685957,
          0.330117881, 0.344041854, 0.344041854, 0.344041854,
          0.344041854, 0.344041854, 0.333998859, 0.0964284986,
          0.0568972751, 0.0613888428, 0.231933981, 0., 0., 0.00736077735,
          0.0996364504 ]
      - [ 0.453634888, 0.453634888, 0.453634888, 0.233702287,
          0.260783464, 0., 0.0213895906, 0.00932371803, 0.026755752,
          0.290589452, 0.0482817069, 0.00209809374, 0.0602726266,
          0.179965094, 0.105133832, 0.346956551, 0.191977113,
          0.301090062, 0.0409726724, 0.0966168419, 0.151054263,
          0.301090062, 0.301090062, 0.301090062, 0.264803618,
          0.0923572481, 0.301090062, 0.301090062, 0.301090062,
          0.17820619, 0.301090062, 0.301090062, 0.622355342, 0.010425644,
          0.0760579705, 0.0117897354, 0.0165487044, 0.00390034704, 0.,
          0.150183767, 0.0842453539, 0.0465427153, 0.0177487973, 0.,
          0.134716004, 0.244642362, 0.320437998, 0.622355342, 0.32451871,
          0.32451871, 0.32451871, 0.298748255, 0.32451871, 0.32451871,
          0.301524967, 0.176818609, 0.32451871, 0.160536483, 0.015821401,
          0.0667987987, 0.224307537, 0.0236979742, 0.0149987368,
          0.268077612 ]
      - [ 0.0633447021, 0.0458793417, 0.0607209168, 0.451889426,
          0.207829878, 0.0800546184, 0.451889426, 0.451889426,
          0.451889426, 0.00175574701, 0., 0.0233686324, 0.271822125, 0.,
          0., 0.211724386, 0.151248306, 0.105549246, 0.309292316,
          0.383628041, 0.383628041, 0.164698571, 0.0149989882,
          0.383628041, 0.383628041, 0.102495566, 0.0837107301,
          0.0103744334, 0.187908188, 0.220763415, 0.0402457193,
          0.383628041, 0.334912747, 0.334912747, 0.334912747,
          0.202979833, 0.0866904706, 0.037841782, 0.0526684113,
          0.0357283987, 0.188294798, 0.0552052632, 0.0813648179,
          0.334912747, 0.334912747, 0.334912747, 0.334912747,
          0.334912747, 0.171702206, 0.00865661353, 0.0318138264,
          0.266447127, 0.308690727, 0.361396939, 0.361396939,
          0.361396939, 0.361396939, 0., 0.0328703448, 0.251584053, 0.,
          0.00642222818, 0.332124382, 0.319973022 ]
      - [ 0.320422947, 0.280140638, 0.356099248, 0.0245516021,
          0.0345204584, 0.201908827, 0.261612177, 0.370393246,
          0.370393246, 0.113977648, 0.07648018, 0.370393246,
          0.0802434981, 0., 0.0574191697, 0.370393246, 0.301592827,
          0.144449115, 0.146765783, 0.0723143443, 0.0986220613,
          0.0254785661, 0.0605210178, 0.244467482, 0.316386491,
          0.316386491, 0.316386491, 0.316386491, 0.316386491,
          0.289378226, 0.316386491, 0.316386491, 0.0874645263,
          0.0435819663, 0.00473276619, 0.00142763485, 0., 0.0107279271,
          0.019477183, 0.00439210283, 0.0264787488, 0.0318925641,
          0.0878513232, 0.515569746, 0.515569746, 0.515569746,
          0.406372517, 0.112925418, 0.254227936, 0.146963254,
          0.192427814, 0.199502826, 0.421943277, 0.421943277,
          0.421943277, 0.248205751, 0.172554195, 0.0181019008,
          0.000979500823, 0.00722089829, 0.0148166409, 0.0675434023,
          0.155039221, 0.421943277 ]
      - [ 0.291097283, 0.297020644, 0.125546902, 0.00517107407,
          0.00154039275, 0.369154096, 0.367046297, 0.369154096,
          0.369154096, 0.215391621, 0., 0.369154096, 0.15059346,
          0.214673162, 0.0471819453, 0.101770654, 0.130552053,
          0.345514387, 0.345514387, 0.345514387, 0.215405822,
          0.293108374, 0.345514387, 0.277786195, 0.15329878, 0.11129605,
          0.345514387, 0.10647323, 0.0795814916, 0.013723623, 0.,
          0.345514387, 0.376319766, 0.210713446, 0.376319766,
          0.376319766, 0.147969514, 0., 0., 0.0163784437, 0.218219429,
          0.0700160339, 0.038279973, 0.376319766, 0.376319766,
          0.0199236069, 0.159979299, 0.376319766, 0.395261973,
          0.348615915, 0.155656189, 0.0269746017, 0.00481484132,
          0.360762328, 0.395261973, 0.395261973, 0.395261973,
          0.180523306, 0.15672192, 0.105860814, 0., 0., 0.00151948084,
          0.161560267 ]
      - [ 0.189899921, 0., 0.0151887843, 0.0492716953, 0.23757048,
          0.249009684, 0.372526228, 0.372526228, 0.372526228,
          0.372526228, 0.171115384, 0.340518773, 0., 0., 0., 0.372526228,
          0.279802948, 0.244567662, 0.20700933, 0.272115052, 0.162393868,
          0.132002354, 0.124918252, 0.285529077, 0.258352816,
          0.265118241, 0.278077066, 0.279879302, 0.285529077,
          0.285529077, 0.25286907, 0.285529077, 0.0416236781,
          0.0269908085, 0.0340073928, 0., 0.0229273047, 0.0515576191,
          0.0188009236, 0.020185085, 0.181475803, 0.283892781,
          0.472657949, 0.518936753, 0.518936753, 0.113722146,
          0.114946112, 0.292548805, 0.0924716666, 0.353565991,
          0.449587882, 0.449587882, 0.449587882, 0.434319615,
          0.121455781, 0.198953316, 0.0763664916, 0.0487854593, 0.,
          0.00100752478, 0.0364247374, 0.0176990703, 0.0327510722,
          0.0408464596 ]
      - [ 0.287023127, 0.233358532, 0.0949523747, 0.125087157,
          0.343884826, 0.0777253807, 0.160800859, 0.281391501,
          0.143225074, 0.0323811956, 0., 0.333373249, 0.343884826,
          0.343884826, 0.343884826, 0.343884826, 0.279165208,
          0.180532172, 0.109780587, 0.00995415542, 0.0755103081,
          0.0547655225, 0.175799638, 0.313406974, 0.370231867,
          0.298113078, 0.370231867, 0.370231867, 0.370231867,
          0.293984681, 0.0328734331, 0.105494939, 0.4492836, 0.009372334,
          0.00196468341, 0., 0., 0., 0., 0.00404983992, 0.0437734798,
          0.0120195327, 0.0545078479, 0.408076584, 0.26208517,
          0.386768699, 0.4492836, 0.4492836, 0.441327065, 0.441327065,
          0.441327065, 0.441327065, 0.208368853, 0.0345165804,
          0.0804840624, 0.141028687, 0.0315704755, 0.0198176745,
          0.00272750226, 0., 0.0317000337, 0.0426887199, 0.251421511,
          0.279465288 ]
      - [ 0.226951823, 0.0296895653, 0.0141534191, 0.423431009,
          0.285657883, 0.423431009, 0.423431009, 0.423431009, 0.33212468,
          0., 0., 0., 0., 0.157639459, 0.042198725, 0.0864156261,
          0.297844261, 0.297844261, 0.273984492, 0.241465673,
          0.197691798, 0.138605475, 0.0101166759, 0.167075381,
          0.297844261, 0.297844261, 0.297844261, 0.256731004,
          0.297844261, 0.297844261, 0.214237139, 0.211077943,
          0.331047088, 0.331047088, 0.318188071, 0.331047088,
          0.073820889, 0.140817046, 0.0240229685, 0.331047088,
          0.331047088, 0.208585218, 0.238608375, 0.331047088, 0.,
          0.194750369, 0.231975392, 0.140916243, 0.265975028, 0.38419643,
          0.38419643, 0.38419643, 0.38419643, 0.334431976, 0.324289024,
          0.211132064, 0.0850022435, 0.0426124781, 0.0443492197,
          0.0065992563, 0.0605426058, 0.0486319251, 0.0719188601,
          0.226168171 ]
      - [ 0.25708732, 0.0167933386, 0.00430926401, 0.257446557,
          0.201382071, 0.0111574251, 0.035723526, 0.381506413,
          0.381506413, 0.381506413, 0.307284534, 0., 0., 0.123995394,
          0.381506413, 0.359962136, 0.273189366, 0.0421014018,
          0.318190306, 0.318190306, 0.318190306, 0.318190306,
          0.318190306, 0.262856901, 0.291172534, 0.254916966,
          0.0527468771, 0.0710452944, 0.293537915, 0.00667666085,
          0.00696927495, 0.318190306, 0.3366445, 0.3366445, 0.0839955583,
          0.3366445, 0.221641093, 0.0385180339, 0.0840125233,
          0.103599541, 0.3366445, 0.3366445, 0.196436703, 0.291694492,
          0.3366445, 0., 0.0648233145, 0.3366445, 0.333895713,
          0.373030961, 0.410090685, 0.410090685, 0.410090685,
          0.0912310258, 0.0377302356, 0.0404208601, 0.102494597,
          0.0852505937, 0.114291526, 0.0794741213, 0.138583794,
          0.0175573323, 0.0672429949, 0.410090685 ]
      - [ 0.191209748, 0.151792601, 0.303689271, 0.159007549,
          0.303689271, 0.303689271, 0.303689271, 0.303689271,
          0.117851205, 0.233687237, 0.275771916, 0.303689271,
          0.151855141, 0.0815704912, 0.303689271, 0.303689271,
          0.254142642, 0.00182682311, 0.181088686, 0.298466176, 0.,
          0.123849183, 0.158681154, 0.35081318, 0.35081318, 0.0602703802,
          0.35081318, 0.35081318, 0.35081318, 0.0902492255, 0.138970613,
          0.35081318, 0.317703247, 0.199131727, 0.317703247, 0.317703247,
          0.317703247, 0.208386898, 0.0252814554, 0.109374464,
          0.212932318, 0.247016609, 0.317703247, 0.317703247,
          0.00794816297, 0.140810907, 0.261436701, 0.317703247,
          0.327792495, 0.327792495, 0.327792495, 0.327792495,
          0.327792495, 0.327792495, 0.210810274, 0.177432507,
          0.0344689935, 0.00626576878, 0.0184640065, 0.127959162,
          0.317160845, 0.113958076, 0.192734644, 0.327792495 ]
      - [ 0.165575251, 0.41209504, 0.166049421, 0.00850715768,
          0.290445685, 0.411628425, 0.41209504, 0.41209504, 0.372713,
          0.0830153897, 0.0439585932, 0.0333314724, 0.00430548191,
          0.147200659, 0.00969431456, 0.0832428038, 0.291817248,
          0.0659827963, 0., 0., 0.241133288, 0.258067846, 0.187082544,
          0.398919195, 0.398919195, 0.398919195, 0.22120136,
          0.0314881653, 0.0822751746, 0.398919195, 0.18122308,
          0.143808901, 0.301683307, 0.301683307, 0.301683307,
          0.253499031, 0.0545868911, 0.104430608, 0.0493796691,
          0.153695464, 0.206312656, 0.176344007, 0.301683307,
          0.301683307, 0.301683307, 0.301683307, 0.301683307,
          0.301683307, 0.397815675, 0.397815675, 0.397815675,
          0.397815675, 0.397815675, 0.241508782, 0.0258251783,
          0.023313852, 0.00818856061, 0.000715786999, 0.0244374145,
          0.0197398625, 0.0711637512, 0.164897338, 0.207380593,
          0.262460679 ]
      - [ 0.343868345, 0.337466329, 0.343868345, 0.168459997,
          0.343868345, 0.343868345, 0.343868345, 0.222088501,
          0.177111909, 0., 0.00631131884, 0.199404627, 0.153830707,
          0.000338975515, 0.0259107053, 0.343868345, 0.337109894,
          0.337109894, 0., 0.0689868331, 0.337109894, 0.257447332,
          0.0859570205, 0.337109894, 0.337109894, 0.249165058,
          0.268230557, 0.0756805465, 0.0394066423, 0.337109894,
          0.00633031409, 0.308212638, 0.33099854, 0.33099854, 0.33099854,
          0.33099854, 0.0354828835, 0.00464667473, 0.00194609666,
          0.0796885639, 0.0798820555, 0.153596878, 0.23453787,
          0.166121945, 0.33099854, 0.33099854, 0.33099854, 0.33099854,
          0.402165473, 0.402165473, 0.402165473, 0.402165473,
          0.402165473, 0.083946839, 0.0617600232, 0.00582711119,
          0.0105570983, 0.0107790148, 0.0259803776, 0.0124972574,
          0.0448819809, 0.0981177464, 0.115740113, 0.38769266 ]
      - [ 0.341052175, 0.0364318043, 0.341052175, 0.0917741284,
          0.041842889, 0.025604412, 0.133079067, 0.334560424,
          0.341052175, 0.341052175, 0.316821754, 0.217343122,
          0.341052175, 0., 0.232689545, 0.267308891, 0.406021684,
          0.210048363, 0.406021684, 0.00961095467, 0.0621889718,
          0.406021684, 0.406021684, 0.406021684, 0.239576429,
          0.00431948854, 0.200226843, 0.0656579956, 0.00827127788,
          0.0164854787, 0.0028524166, 0.146390215, 0.294434756,
          0.0986860469, 0.294434756, 0.294434756, 0.294434756,
          0.0647766143, 0.0616981946, 0.142491549, 0.294434756,
          0.258533448, 0.294434756, 0.294434756, 0.294434756,
          0.158917055, 0.294434756, 0.294434756, 0.265451759,
          0.220863834, 0.351944894, 0.359590858, 0.359590858,
          0.305864125, 0.127177119, 0.140784815, 0.00536219589,
          0.011096512, 0.0409111716, 0.18873468, 0.359590858,
          0.254463494, 0.0657950342, 0.359590858 ]
      - [ 0.335320085, 0.298570156, 0.335320085, 0.26330477, 0.335320085,
          0.335320085, 0.327148825, 0.316310793, 0.180995956,
          0.335320085, 0.00157975301, 0., 0., 0., 0., 0.190097868,
          0.310919344, 0.0650990754, 0.328667581, 0.0633602217, 0., 0.,
          0.243208453, 0.328667581, 0.328667581, 0.301500529,
          0.328667581, 0.293705791, 0.110553302, 0.0661666915, 0.3142685,
          0.328667581, 0.354496717, 0.354496717, 0.0856438726,
          0.300255954, 0.231980875, 0.00651285844, 0.0227761846,
          0.0654317066, 0.15056403, 0.207816437, 0.190588623, 0.35328266,
          0.252362221, 0.216711491, 0.354496717, 0.354496717,
          0.317945838, 0.408676714, 0.408676714, 0.408676714,
          0.408676714, 0.253982693, 0.0109895216, 0.0175803285,
          0.0989598483, 0.018377183, 0.0464075617, 0.0914203748,
          0.109953493, 0.19708468, 0.0799039528, 0.289594769 ]
      - [ 0.0509486683, 0., 0.0756610036, 0.173410147, 0.406397671,
          0.406397671, 0.406397671, 0.406397671, 0.406397671,
          0.238802016, 0.033167243, 0.0265738126, 0., 0.128824949,
          0.0883750319, 0.220260635, 0.0567910559, 0.0284460615, 0., 0.,
          0.00330561027, 0.00127310492, 0.0542101748, 0.379502863,
          0.379502863, 0.286565691, 0.379502863, 0.379502863,
          0.379502863, 0.323408276, 0.0769939125, 0.276532114,
          0.196816072, 0.135455936, 0.0806506872, 0.07685785,
          0.0744817555, 0.0928000808, 0.0640180111, 0.19465287,
          0.295844823, 0.370380253, 0.370380253, 0.370380253,
          0.370380253, 0.303109497, 0.174997151, 0.334523708,
          0.354556084, 0.354556084, 0.312507063, 0.354556084,
          0.354556084, 0.354556084, 0.318232328, 0.142934978,
          0.0503455326, 0.0203816909, 0.0148508968, 0.0359294564,
          0.0436337851, 0.0197680201, 0.12680079, 0.354556084 ]
      - [ 0.218817502, 0.139187068, 0.170660257, 0.307731003,
          0.307731003, 0.307731003, 0.307731003, 0.307731003,
          0.307731003, 0.307731003, 0.0764789805, 0.0140499743,
          0.307731003, 0.148021117, 0.307731003, 0.142491549, 0.10238459,
          0.0555561334, 0.0356981605, 0.00191548374, 0.057887774,
          0.0829649493, 0.203084454, 0.328616351, 0.328616351,
          0.328616351, 0.328616351, 0.328616351, 0.328616351,
          0.328616351, 0.328616351, 0.257841319, 0.129631415,
          0.0173116159, 0.0386053286, 0.0458610803, 0., 0.00069059449,
          0.000537189422, 0.042166613, 0.0486986339, 0.02754765,
          0.316804588, 0.394807249, 0.438270152, 0.370857626,
          0.438270152, 0.438270152, 0.340019345, 0.340019345,
          0.340019345, 0.340019345, 0.340019345, 0.340019345,
          0.340019345, 0.144857451, 0.0430349745, 0., 0.00911574904,
          0.0055348156, 0., 0.0399868488, 0.319458395, 0.246391207 ]
      - [ 0.0884473026, 0.12519978, 0., 0.074541539, 0.427296609,
          0.427296609, 0.427296609, 0.427296609, 0.427296609,
          0.163467556, 0.0510120951, 0., 0., 0., 0.154081047,
          0.0264671855, 0.296725512, 0.151379481, 0.0586828552,
          0.0450345874, 0.229044899, 0.125483066, 0.00501465471,
          0.353506982, 0.353506982, 0.353506982, 0.353506982,
          0.353506982, 0.0178546309, 0.172798857, 0.178383008,
          0.353506982, 0.356128514, 0.0450767092, 0.0819038674,
          0.103973486, 0.12747404, 0.00451149279, 0.00482216571,
          0.233703509, 0.356128514, 0.356128514, 0.356128514,
          0.356128514, 0.0610490069, 0.343454421, 0.152733654,
          0.356128514, 0.236662984, 0.319018662, 0.143511131,
          0.364479482, 0.364479482, 0.364479482, 0.364479482,
          0.166985765, 0.1012602, 0.0299102981, 0.141290918, 0.006828418,
          0.144097343, 0.123251274, 0.274419248, 0.34102273 ]
      - [ 0.234447211, 0.236494377, 0.337894976, 0.337894976,
          0.337894976, 0.337894976, 0.337894976, 0.337894976,
          0.173614725, 0.0137353279, 0.0419339649, 0.0514889285,
          0.227546737, 0., 0., 0.337894976, 0.306393594, 0.306393594,
          0.306393594, 0.0801891908, 0.00650026696, 0.259633869,
          0.0873770192, 0.13541849, 0.306393594, 0.0581943095,
          0.286765426, 0.306393594, 0.306393594, 0.245857447,
          0.306393594, 0.306393594, 0.327271581, 0.302305073,
          0.327271581, 0.327271581, 0.210633606, 0.0283148568,
          0.034828499, 0.0463229045, 0.204288721, 0.141099066,
          0.212559119, 0.327271581, 0.327271581, 0.0156055391,
          0.327271581, 0.327271581, 0.40576759, 0.283908933, 0.384504914,
          0.40576759, 0.40576759, 0.253644794, 0.0805350542, 0.188075855,
          0.0400903821, 0.00529149035, 0.00110313832, 0.0280319564,
          0.12343125, 0.0607249886, 0.0221999865, 0.381476164 ]
      - [ 0.181773707, 0.0311091393, 0.344950855, 0.344950855,
          0.344950855, 0.344950855, 0.299471706, 0.223803893,
          0.114964552, 0.344950855, 0.196906611, 0.216888756,
          0.0560776517, 0., 0.0815558955, 0.344950855, 0.0908415839, 0.,
          0.00269635627, 0.00938272197, 0.119071655, 0.0200861208,
          0.000998898642, 0.14758572, 0.338502318, 0.421410948,
          0.421410948, 0.421410948, 0.421410948, 0.0554298833,
          0.12761046, 0.326786488, 0.128079951, 0.266289741, 0.238676473,
          0.303187817, 0.285115391, 0.0368318893, 0.0365883075,
          0.1542162, 0.225404903, 0.303187817, 0.303187817, 0.225062922,
          0.303187817, 0.303187817, 0.303187817, 0.303187817,
          0.395818204, 0.395818204, 0.0891536921, 0.395818204,
          0.395818204, 0.264314055, 0.225984439, 0.252124667,
          0.191050604, 0.0355956592, 0., 0.0946523547, 0.110351451,
          0.0330000818, 0.019259613, 0.341390729 ]
      - [ 0.330114633, 0.134824842, 0.344445229, 0.121877752, 0.25295198,
          0.0989489928, 0.344445229, 0.344445229, 0.344445229,
          0.344445229, 0.0897091553, 0.0101193152, 0.130537242,
          0.307259679, 0.0430812649, 0.257114828, 0.0559281893,
          0.0189163014, 0., 5.84791778e-05, 0.0639698207, 0.0618915185,
          0.0817925408, 0.398224175, 0.398224175, 0.398224175,
          0.398224175, 0.398224175, 0.239527762, 0.257792503,
          0.224132136, 0.104617849, 0.314868212, 0.175023437,
          0.339154214, 0.0744881406, 0.0598053373, 0.00259299856,
          0.0245891847, 0.157210559, 0.339154214, 0.158635691,
          0.339154214, 0.339154214, 0.325852543, 0.339154214,
          0.104334988, 0.339154214, 0.26795426, 0.145902351, 0.110271692,
          0.21027565, 0.423743069, 0.423743069, 0.423743069, 0.423743069,
          0.152800366, 0.021736959, 0.0566049144, 0.251584917,
          0.0765604153, 0.00147936016, 0.0348196551, 0.175145596 ]
      - [ 0.147809818, 0.171250939, 0.138775453, 0.0418038368,
          0.0285539255, 0.0918943435, 0.340895236, 0.340895236,
          0.329585671, 0.340895236, 0.340895236, 0.340895236,
          0.340895236, 0.0690625384, 0.166382745, 0.277157575,
          0.0619722009, 0.109137893, 0.250437826, 0.000597652397,
          0.0149667207, 0.422881901, 0.422881901, 0.422881901,
          0.422881901, 0.144359261, 0.0661572665, 0.267835319,
          0.0153361009, 0.113163769, 0.256328255, 0.161451951,
          0.378120273, 0.378120273, 0.148858085, 0.0156746507,
          0.0309433881, 0.0304627847, 0.0423677154, 0.0565683469,
          0.163419947, 0.29110375, 0.378120273, 0.378120273, 0.378120273,
          0.197165817, 0.299630553, 0.109372683, 0.0470328778,
          0.198699817, 0.30109337, 0.359165281, 0.448250592, 0.448250592,
          0.448250592, 0.24623622, 0.0916846246, 0.0495167263,
          0.0286893826, 0.0551093929, 0.094504796, 0.137855664,
          0.0749109015, 0.149962813 ]
      - [ 0.089437142, 0.0138205066, 0.0810468122, 0.483869761,
          0.483869761, 0.483869761, 0.306626111, 0.217527628,
          0.155373141, 0.0815313384, 0.0635189936, 0.0465192683,
          0.0248030704, 0.00876400527, 0.0192105249, 0.3140589,
          0.0113799488, 0.0321287066, 0.0794249997, 0.000639758888,
          0.000637585705, 0.000678373035, 0.032378871, 0.120048799,
          0.352616906, 0.382001698, 0.464905173, 0.464905173,
          0.464905173, 0.152513638, 0.0914809257, 0.148732617,
          0.311528295, 0.193374202, 0.311528295, 0.311528295,
          0.311528295, 0.0719342604, 0.181387112, 0.198231578,
          0.233069479, 0.216522127, 0.0298171025, 0.060254544,
          0.311528295, 0.311528295, 0.311528295, 0.311528295,
          0.333923161, 0.118501343, 0.424905628, 0.424905628,
          0.424905628, 0.401861012, 0.322688729, 0.178399414,
          0.0622862056, 0., 0., 0., 0.0511779971, 0.0623820648,
          0.0137229981, 0.143347487 ]
      - [ 0.0441394262, 0.0549629405, 0.0636409596, 0.483548701,
          0.487342805, 0.487342805, 0.433892012, 0.125039116,
          0.161744937, 0.00767660839, 0., 0.025993932, 0.124909021, 0.,
          0.0665611029, 0.162671834, 0.0153994719, 0., 0., 0.00160927605,
          0.0554165281, 0.00969211292, 0.00325349625, 0.108030774,
          0.348481417, 0.447443426, 0.453464121, 0.453464121,
          0.453464121, 0.134231314, 0.137879074, 0.069439359,
          0.310103923, 0.310103923, 0.310103923, 0.059409149,
          0.00847005192, 0.0928697661, 0.0891730487, 0.295455635,
          0.138859779, 0.166712299, 0.270257056, 0.310103923,
          0.310103923, 0.310103923, 0.310103923, 0.310103923,
          0.123526372, 0.382981658, 0.382981658, 0.289454192,
          0.382981658, 0.382981658, 0.382981658, 0.336147457,
          0.103730299, 0.0404397063, 0.0236370675, 0.019316569,
          0.0925540775, 0.091232948, 0.0106497509, 0.142937675 ]
      - [ 0.309393287, 0.191093415, 0.152889431, 0.203026801,
          0.309393287, 0.309393287, 0.0493366905, 0.309393287,
          0.309393287, 0.309393287, 0.309393287, 0.309393287, 0.,
          0.176189661, 0.0283203963, 0.309393287, 0.353813261,
          0.151418075, 0.353813261, 0.160474017, 0., 0., 0.0365147926,
          0.353813261, 0.353813261, 0.113821954, 0.353813261,
          0.279050529, 0.00332025508, 0.315412492, 0.0709124431,
          0.353813261, 0.311258912, 0.267144859, 0.0857838318,
          0.311258912, 0.311258912, 0.141137078, 0.0368353389,
          0.0194757301, 0.288581043, 0.311258912, 0.294623762,
          0.311258912, 0.187496394, 0.114441752, 0.311258912,
          0.311258912, 0.32216236, 0.32216236, 0.32216236, 0.32216236,
          0.32216236, 0.275690526, 0.0716318637, 0.0288227275,
          0.0251994114, 0.0429745167, 0.0788380653, 0.141477719,
          0.32216236, 0.319107771, 0.32216236, 0.240314156 ]
      - [ 0.100581117, 0.334356278, 0.384514749, 0.345019102,
          0.458292067, 0.458292067, 0.206852242, 0.0985181183,
          0.333988428, 0.0416621789, 0., 0., 0., 0.094219096,
          0.081014283, 0.073077403, 0.0706911832, 0.037755277,
          0.151921228, 0., 0.00467278576, 0.00535054877, 0.195772976,
          0.259207189, 0.338792324, 0.351030797, 0.351030797,
          0.351030797, 0.351030797, 0.351030797, 0.351030797,
          0.0854875445, 0.34508118, 0.34508118, 0.34508118, 0.281332105,
          0.158324137, 0.113019183, 0.191956714, 0.0957843363,
          0.217049345, 0.175696343, 0., 0.189006656, 0.34508118,
          0.324805379, 0.137607887, 0.34508118, 0.342745185,
          0.0451604873, 0.342745185, 0.342745185, 0.342745185,
          0.299786747, 0.138318449, 0.301752299, 0.0587748028,
          0.0262785573, 0., 0.0131815411, 0.310486913, 0.168329939,
          0.310633659, 0.314692289 ]
      - [ 0.328769058, 0.0516238883, 0.0732620582, 0.300519973,
          0.0217233747, 0.117358193, 0.185645714, 0.328769058,
          0.328769058, 0.243511096, 0.158219144, 0.32367, 0.328769058,
          0.328769058, 0.109697096, 0.328769058, 0.187375665,
          0.00179512228, 0.0792261288, 0.0877056494, 0., 0.00631939573,
          0.0592666976, 0.199269548, 0.314926982, 0.27877751,
          0.324008077, 0.405470341, 0.405470341, 0.130128041,
          0.334032476, 0.405470341, 0.437448502, 0.0893616974,
          0.0207674578, 0., 0., 0., 0., 0.0254226215, 0.092190139,
          0.053929247, 0., 0.135476381, 0.437448502, 0.437448502,
          0.437448502, 0.437448502, 0.360436767, 0.360436767,
          0.360436767, 0.345140457, 0.360436767, 0.360436767, 0.15009129,
          0.171180531, 0.0196853597, 0.0131107252, 5.8031208e-05,
          0.0124703553, 0.0737359077, 0.17648381, 0.0930609703,
          0.360436767 ]
      - [ 0.331312388, 0.107797876, 0.331312388, 0.0842762068, 0.,
          0.331312388, 0.331312388, 0.275539041, 0.253939092, 0.18900615,
          0.196072757, 0.0204347, 0.302055001, 0.114585318, 0.331312388,
          0.331312388, 0.375763297, 0.197791576, 0.0453362241,
          0.152764171, 0.0738680139, 0.0252100676, 0.0164730214,
          0.125829861, 0.223320991, 0.122608684, 0.306467742, 0.38002637,
          0.38002637, 0.178289682, 0.38002637, 0.38002637, 0.359357566,
          0.191689119, 0.300646633, 0., 0., 0.000686780084,
          0.000110389978, 0.0787353888, 0.204912022, 0.276286602,
          0.22818999, 0.219558701, 0.359357566, 0.357666701, 0.359357566,
          0.359357566, 0.386418432, 0.336724341, 0.386418432,
          0.386418432, 0.205604315, 0.245360076, 0.0890101716,
          0.0747946873, 0.0564168319, 0., 0.000200756331, 0.0105640749,
          0.225573748, 0.311834216, 0.134420782, 0.386418432 ]
      - [ 0.310088485, 0.304492176, 0.310088485, 0.310088485,
          0.190326124, 0.0983920172, 0.0723006129, 0.126307994,
          0.242400035, 0.196571663, 0.19330731, 0.310088485, 0.310088485,
          0.171026036, 0.310088485, 0.310088485, 0.0286649764,
          0.0114396242, 0., 0., 0.0273782462, 0.134846032, 0.0483014695,
          0.158244431, 0.419005454, 0.151929379, 0.419005454,
          0.419005454, 0.419005454, 0.114293352, 0.419005454,
          0.185960338, 0.40175876, 0.20258826, 0.104138121,
          0.00322801131, 0.00244873273, 0.00311297877, 0.00768980011,
          0.0207750369, 0.210350454, 0.222934917, 0.0444911718,
          0.40175876, 0.40175876, 0.40175876, 0.201507851, 0.40175876,
          0.340195358, 0.340195358, 0.340195358, 0.339467704,
          0.340195358, 0.340195358, 0.163480788, 0.224994928,
          0.032676816, 0.00112811557, 0.00161868555, 0.00523714582,
          0.044853013, 0.306705654, 0.111524068, 0.340195358 ]
      - [ 0.30340597, 0.161665976, 0.290924191, 0.0220491402, 0.30340597,
          0.291747272, 0.30340597, 0.221458241, 0.137347043,
          0.0118730934, 0.284363925, 0.30340597, 0.30340597, 0.085409455,
          0.30340597, 0.30340597, 0.383798301, 0.172841594, 0.0405780002,
          0.0715527162, 0., 0., 0.196912721, 0.161044359, 0.252222419,
          0.383798301, 0.383798301, 0.383798301, 0.383798301,
          0.290755332, 0.0628621206, 0.0787600502, 0.390981466,
          0.0776438192, 0.390981466, 0.211650997, 0.00020390001, 0., 0.,
          0.00191182236, 0.042349115, 0.0816992596, 0.0775097832,
          0.19891119, 0.390981466, 0.390981466, 0.356218278, 0.390981466,
          0.365382254, 0.365382254, 0.365382254, 0.365382254,
          0.365382254, 0.333631158, 0.093493104, 0.132133022,
          0.0376093239, 0., 0., 0.00386329414, 0.0202456713,
          0.0656559989, 0.332973301, 0.272575974 ]
      - [ 0.291600019, 0.0714411885, 0.291600019, 0.290044606,
          0.291600019, 0.153076559, 0.10304229, 0.12984933, 0.291600019,
          0.291600019, 0.291600019, 0.291600019, 0.0814844072,
          0.291600019, 0.291600019, 0.291600019, 0.0662837327,
          0.0498278588, 0.0137837445, 0.00565630896, 0.0344039984,
          0.0396106057, 0.05965643, 0.323075444, 0.460348278,
          0.460348278, 0.460348278, 0.460348278, 0.17111586,
          0.0173453428, 0., 0.0187240485, 0.309154272, 0.315392584,
          0.315392584, 0.196450636, 0., 0., 0.00217017066, 0.0641679391,
          0.226076022, 0.315392584, 0.315392584, 0.315392584,
          0.315392584, 0.315392584, 0.315392584, 0.108012982,
          0.396788359, 0.0766332895, 0.396788359, 0.396788359,
          0.180360958, 0.19968541, 0.070311375, 0.363538533, 0.233430147,
          0.0512289554, 0.0392179936, 0.0326368287, 0.109714456,
          0.244720608, 0.189028397, 0.37544325 ]
      - [ 0.0232309718, 0.181085348, 0.556532085, 0.556532085,
          0.556532085, 0.134318233, 0.109172165, 0.03118499, 0.01277682,
          0.0136339283, 0.0103759635, 0., 0.00487137958, 0.00365136238,
          0., 0.0223746859, 0.27853772, 0.27853772, 0.0620012768,
          0.27853772, 0.238611266, 0.27853772, 0.27853772, 0.27853772,
          0.27853772, 0.27853772, 0.154609337, 0.0953112692, 0.245682254,
          0.27853772, 0.259337932, 0.27853772, 0.358692586, 0.358692586,
          0.0370735489, 0.044245474, 0.0426604711, 0.0231857188,
          0.0836157426, 0.0420231186, 0.0444856547, 0.282728016,
          0.153384462, 0.323366642, 0.358692586, 0.358692586,
          0.358692586, 0.358692586, 0.399157137, 0.399157137,
          0.399157137, 0.399157137, 0.399157137, 0.348907769,
          0.0397231318, 0.0323325098, 0.0117090726, 0.0331318825,
          0.0117573608, 0.0145689957, 0., 0.0164934415, 0.101837404,
          0.250584155 ]
      - [ 0.308762223, 0.0177031308, 0.196931213, 0.248571381,
          0.308762223, 0.308762223, 0.308762223, 0.308762223,
          0.308762223, 0.104575612, 0.25224176, 0.241728514,
          0.000859209395, 0.0190652963, 0.308762223, 0.308762223,
          0.28520152, 0.287504405, 0.287504405, 0.287504405,
          0.00635867938, 0.287504405, 0.168390557, 0.287504405,
          0.287504405, 0.241715163, 0.287504405, 0.287504405,
          0.287504405, 0.0476740375, 0.010227791, 0.287504405,
          0.306525379, 0.306525379, 0.268739611, 0.281896174,
          0.306525379, 0.288301438, 0.0816121921, 0.306525379,
          0.306525379, 0.154428586, 0.179009348, 0.306525379,
          0.0237031765, 0.306525379, 0.087068595, 0.183663905,
          0.343710989, 0.343710989, 0.343710989, 0.343710989,
          0.343710989, 0.0459696613, 0., 0.0028206734, 0.00760489283,
          0.0159327611, 0.0311093777, 0.115426712, 0.186397016,
          0.343710989, 0.343710989, 0.343710989 ]
      - [ 0.114214733, 0.169687659, 0.382376403, 0.382376403,
          0.382376403, 0.382376403, 0.382376403, 0.382376403,
          0.203932002, 0.0353598222, 0., 0.0160182174, 0.00745692151,
          0.0960081518, 0.0718803182, 0.139769465, 0.323794931,
          0.216684416, 0.323794931, 0.0654819161, 0.323794931,
          0.317192465, 0.323794931, 0.323794931, 0.323794931,
          0.0763152242, 0.288626969, 0.0368543826, 0.0174619704,
          0.277515441, 0.0253900383, 0.217721298, 0.28147909, 0.28147909,
          0.28147909, 0.28147909, 0.28147909, 0.00132017315,
          0.0250251815, 0.28147909, 0.28147909, 0.125674069, 0.28147909,
          0.173203737, 0.28147909, 0.28147909, 0.28147909, 0.28147909,
          0.30343771, 0.357191622, 0.255825043, 0.425902754, 0.425902754,
          0.425902754, 0.278442949, 0.18477048, 0.0812246203,
          0.0137305614, 0.006824777, 0.0359223709, 0.0889643356,
          0.0972761437, 0.0326649398, 0.167992383 ]
      - [ 0.291916341, 0.103937805, 0.0813060552, 0.292812794,
          0.161411241, 0.292812794, 0.292812794, 0.292812794,
          0.292812794, 0.16540432, 0.00489156041, 0.292812794,
          0.292812794, 0.292812794, 0.292812794, 0.263353378,
          0.230813861, 0.0696296617, 0.0114290556, 0.19435662,
          0.0996936709, 0., 0.0360038131, 0.260974824, 0.376566142,
          0.365308762, 0.376566142, 0.376566142, 0.376566142,
          0.202543259, 0.250740886, 0.127722397, 0.351280928,
          0.157533199, 0.126036391, 0.208620921, 0.10683509,
          0.0112519413, 0.000788122008, 0.0151631767, 0.0842777416,
          0.17205821, 0.351280928, 0.351280928, 0.351280928, 0.351280928,
          0.351280928, 0.351280928, 0.363714844, 0.0259502418,
          0.363714844, 0.363714844, 0.243361995, 0.217801571,
          0.143238246, 0.343450785, 0.13043645, 0.0081297541,
          0.00777583942, 0.0113834534, 0.0724679008, 0.258051813,
          0.363714844, 0.363714844 ]
      - [ 0.302433699, 0.271625221, 0.413163006, 0.413163006,
          0.413163006, 0.413163006, 0.295922756, 0.134335741,
          0.103119254, 0.0942495018, 0.0216223132, 0., 0.0214416869,
          0.0361949429, 0.104781531, 0.0972743332, 0.0836232007,
          0.102204241, 0.0522097088, 0., 0.171151921, 0.328813791,
          0.179344237, 0.420123637, 0.420123637, 0.212774068,
          0.420123637, 0.115025021, 0.0260921139, 0.00126082532,
          0.202142492, 0.420123637, 0.333004177, 0.333004177,
          0.333004177, 0.0978554562, 0.018844638, 0.0417965278,
          0.0269496534, 0.0976656005, 0.09888345, 0.186915651,
          0.207076401, 0.333004177, 0.333004177, 0.333004177,
          0.333004177, 0.333004177, 0.369278997, 0.369278997,
          0.369278997, 0.369278997, 0.260589033, 0.267112792,
          0.0573365428, 0.0125285797, 0.0114576872, 0., 0.00119936024,
          0.030156035, 0.130012259, 0.255106628, 0.297910661,
          0.369278997 ]
      - [ 0.400299788, 0.400299788, 0.154693514, 0.157847285,
          0.0188300572, 0., 0., 0.0504396223, 0.109275475, 0.068258673,
          0.136117935, 0.206278026, 0.255690604, 0.400299788,
          0.400299788, 0.400299788, 0.124896348, 0.0804563612,
          0.00109381822, 0., 0.0110531291, 0.176775053, 0.0688180104,
          0.361146063, 0.361146063, 0.361146063, 0.361146063,
          0.361146063, 0.361146063, 0.361146063, 0.153043106,
          0.0424640737, 0.400818825, 0.111244105, 0.0843888223,
          0.0292837396, 0.00152133289, 0., 0.00246279407, 0.00893899146,
          0.0530739166, 0.00465632649, 0.0937041044, 0.400818825,
          0.400818825, 0.400818825, 0.400818825, 0.400818825,
          0.356738806, 0.356738806, 0.356738806, 0.356738806,
          0.356738806, 0.0772505626, 0.157834053, 0.177067265,
          0.113733761, 0., 0., 0.000772816304, 0.0111941155, 0.1740814,
          0.356738806, 0.356738806 ]
      - [ 0.323007286, 0.0675095096, 0.043370638, 0.323007286,
          0.323007286, 0.323007286, 0.323007286, 0.323007286,
          0.323007286, 0.323007286, 0.118140973, 0.182087153, 0., 0.,
          0.064944163, 0.323007286, 0.37536025, 0.275500298, 0.32255581,
          0.37536025, 0.37536025, 0.141940668, 0.0299149454,
          0.0847280324, 0.108825043, 0.225837067, 0.332887471,
          0.234053105, 0., 0., 0.206412897, 0.307171077, 0.324450433,
          0.324450433, 0.324450433, 0.324450433, 0.211570367, 0.,
          0.0405281894, 0.125300184, 0.155001208, 0.0791037306,
          0.324450433, 0.265348464, 0.308773369, 0.0417520441,
          0.324450433, 0.324450433, 0.339567542, 0.382008731,
          0.382008731, 0.382008731, 0.382008731, 0.149746746, 0.,
          0.00315800891, 0.0395080112, 0.0609844029, 0.0966697112,
          0.0409734398, 0.176903784, 0.0698675364, 0.276876777,
          0.381548911 ]
      - [ 0.289705247, 0.200395972, 0.289705247, 0.166065052,
          0.289705247, 0.111630179, 0.141697884, 0.289705247,
          0.289705247, 0.0822418183, 0.289705247, 0.289705247,
          0.225331604, 0.289705247, 0.289705247, 0.289705247,
          0.162728146, 0.0745275244, 0.0737659559, 0.03933575, 0., 0.,
          0.0789561793, 0.0918088332, 0.258786917, 0.204235658,
          0.433588445, 0.467615604, 0.467615604, 0.390695959,
          0.140292749, 0.187901512, 0.412346095, 0.146324366,
          0.00909496564, 0., 0.00932301953, 0.00629377132, 0.0076946211,
          0.110520549, 0.360669315, 0.275560647, 0.178077862,
          0.412346095, 0.117355607, 0.412346095, 0.174267933,
          0.412346095, 0.389551133, 0.389551133, 0.205381304,
          0.389551133, 0.389551133, 0.366758555, 0.126640201,
          0.203774795, 0.0658774227, 0.0247186683, 0.0119177112,
          0.0122966561, 0.0163573921, 0.0909017846, 0.119130887,
          0.356210053 ]
      - [ 0.29208681, 0.29208681, 0.29208681, 0.29208681, 0.29208681,
          0.29208681, 0.0380846821, 0.171827778, 0.194489703, 0.18730253,
          0.164771244, 0.113582373, 0.29208681, 0.29208681, 0.29208681,
          0.29208681, 0.257274508, 0.151997447, 0.0895965844, 0.,
          0.102600291, 0.0188072901, 0.000124577564, 0.0671163872,
          0.179622576, 0.196970299, 0.354958773, 0.37054953, 0.37054953,
          0.37054953, 0.37054953, 0.37054953, 0.45600611, 0.0185908787,
          0.0126859006, 0.00796924531, 0.0142575866, 0.000971295522, 0.,
          0.00650844816, 0.0673320964, 0.101970181, 0.0414603725,
          0.0875540599, 0.372217774, 0.45600611, 0.45600611, 0.45600611,
          0.403581768, 0.403581768, 0.403581768, 0.403581768,
          0.195754588, 0.135499731, 0.112539947, 0.128624961,
          0.0462079905, 0., 0., 0.0422737561, 0.0267892368, 0.0289405938,
          0.374175727, 0.336274713 ]
      - [ 0.369609326, 0.369609326, 0.369609326, 0.365582108,
          0.369609326, 0.258894205, 0.335943043, 0.167932093,
          0.0912894234, 0.0822438449, 0.0349961258, 0.025593115,
          0.03026985, 0.0806025937, 0.157033414, 0.243058741,
          0.122009225, 0.0533973128, 0.0118415616, 0.384756714,
          0.384756714, 0.384756714, 0.368901551, 0.384756714,
          0.265856028, 0.0056976662, 0.00602226425, 0.172140911,
          0.0374888331, 0.0140842963, 0.00410997355, 0.384756714,
          0.360068887, 0.360068887, 0.360068887, 0.303704709, 0.,
          0.00449961517, 0.0208524726, 0.128727213, 0.161568061,
          0.177547932, 0., 0.360068887, 0.120253205, 0.192754924,
          0.360068887, 0.360068887, 0.386770397, 0.386770397,
          0.386770397, 0.386770397, 0.386770397, 0.292599022,
          0.0999176502, 0.0357676335, 0.0162083115, 0., 0.0422333106,
          0.103911892, 0.0989041552, 0.0937394127, 0.0653871447,
          0.34002015 ]
      - [ 0.182759494, 0.0195156969, 0.0320453979, 0.0264955573,
          0.166621879, 0.169573233, 0.20853138, 0.3931683, 0.3931683,
          0.3931683, 0.3931683, 0.3931683, 0.0321140699, 0., 0.152677387,
          0.251614481, 0.171884984, 0.194247231, 0.169648707,
          0.00239291554, 0.282468379, 0.423606485, 0.423606485,
          0.423606485, 0.423606485, 0.144018888, 0.238566503,
          0.0503842719, 0.0312373657, 0.137092203, 0.0381254442,
          0.0270168353, 0.209861532, 0.0689307004, 0.0992053226,
          0.340228349, 0.340228349, 0.148306236, 0.0442195758,
          0.103131235, 0.340228349, 0.340228349, 0.340228349,
          0.340228349, 0.135750875, 0.0100356564, 0.273062736,
          0.340228349, 0.0760814697, 0.199095249, 0.256447881,
          0.395471215, 0.395471215, 0.395471215, 0.382460237,
          0.212187156, 0.121901199, 0.166289732, 0.352030873,
          0.0094469646, 0.0527902581, 0.17579639, 0.0432199091,
          0.149259895 ]
      - [ 0.310329497, 0.132282123, 0.310329497, 0.24597235, 0.310329497,
          0.310329497, 0.233594194, 0.310329497, 0.280056387,
          0.310329497, 0.0652750432, 0., 0.0863300338, 0.307408601,
          0.102732129, 0.302169442, 0.314792961, 0.304153025,
          0.179126531, 0.314792961, 0.275084972, 0.314792961,
          0.200460568, 0.314792961, 0.314792961, 0.0244567767,
          0.202388018, 0.0687974393, 0.113466494, 0.314792961,
          0.0597832687, 0.314792961, 0.299817681, 0.299817681,
          0.195365757, 0.299817681, 0.299817681, 0.0120928874,
          0.018650841, 0.0810021311, 0.227954447, 0.225629494,
          0.299817681, 0.299817681, 0.199732929, 0.299817681,
          0.299817681, 0.299817681, 0.428689212, 0.428689212,
          0.428689212, 0.428689212, 0.272717595, 0.0150549542,
          0.0290323626, 0.0197106879, 0.0142175006, 0.00449814415,
          0.0255667828, 0.0584485903, 0.121141471, 0.157417998,
          0.0748477355, 0.368017584 ]
      - [ 0.262014121, 0.316834897, 0.116118737, 0.316834897,
          0.316834897, 0.316834897, 0.316834897, 0.316834897,
          0.316834897, 0.194520384, 0.0256741289, 0.188297018,
          0.293036163, 0.13909319, 0.0452365838, 0.175476909,
          0.093092598, 0., 0., 0., 0.00977134053, 0.0366124436,
          0.186762214, 0.393707365, 0.416549504, 0.416549504,
          0.416549504, 0.416549504, 0.163922235, 0., 0.0208611134,
          0.272931248, 0.302694976, 0.302694976, 0.302694976,
          0.185405582, 0.000116483832, 0.00400708383, 0.0507668555,
          0.302694976, 0.281001687, 0.233037934, 0.302694976,
          0.302694976, 0.286515594, 0.107948996, 0.302694976,
          0.302694976, 0.108709514, 0.184048191, 0.478062361,
          0.478062361, 0.478062361, 0.478062361, 0.105243191,
          0.0997362882, 0.0385882445, 0.00618307618, 0., 0.0247044843,
          0.0301849134, 0.021570269, 0.0452808514, 0.0936552733 ]
      - [ 0.204871207, 0.211438686, 0.197168097, 0.00611816486,
          0.0559452809, 0.367321521, 0.367321521, 0.367321521,
          0.367321521, 0.117244184, 0.367321521, 0.0339151137,
          0.141994834, 0.367321521, 0.10468144, 0.109732479, 0.04840561,
          0., 0.0296040215, 0.114032336, 0.00868668221, 0.0304171015,
          0.0645619929, 0.472241253, 0.472241253, 0.472241253,
          0.472241253, 0.0803769231, 0.064665325, 0.00714061968,
          0.0607651733, 0.259728193, 0.34822309, 0.251380891, 0.34822309,
          0.123051621, 0.0413649902, 0.0640052184, 0.0590636656,
          0.0821698084, 0.0558433123, 0.104982831, 0.34822309,
          0.34822309, 0.34822309, 0.197948456, 0.34822309, 0.34822309,
          0.218994722, 0.347087651, 0.361699134, 0.333625138,
          0.365302742, 0.365302742, 0.365302742, 0.365302742,
          0.0654788688, 0.0326794498, 0.013338631, 0.0918572247,
          0.132089108, 0.0946065038, 0.0195747577, 0.106081642 ]
      - [ 0.319750845, 0.283167243, 0.173470259, 0.319750845,
          0.319750845, 0.319750845, 0.121663295, 0.319750845,
          0.319750845, 0.148836806, 0., 0.319750845, 0.0922002643,
          0.0897967368, 0.319750845, 0.122825138, 0.321373791, 0.,
          0.0720770955, 0.128642961, 0.106535926, 0.349124163,
          0.38281095, 0.423316211, 0.423316211, 0.102275647,
          0.0668158978, 0.133425191, 0.0428417586, 0.0843848735,
          0.108126089, 0.423316211, 0.349874824, 0.171980843,
          0.214779139, 0.35664624, 0.119318068, 0.000270424731,
          0.00778013607, 0.00950499438, 0.099298507, 0.0981154442,
          0.0355392992, 0.35664624, 0.35664624, 0.35664624, 0.35664624,
          0.35664624, 0.33553341, 0.33553341, 0.33553341, 0.141344786,
          0.03681954, 0.266676456, 0.33553341, 0.163664207, 0.203664675,
          0.00968534872, 0.0454589874, 0.33553341, 0.33553341,
          0.194141731, 0.089452818, 0.33553341 ]
      - [ 0.302734613, 0.302734613, 0.153887898, 0.302734613,
          0.302734613, 0.17283459, 0.302734613, 0.302734613, 0.273336649,
          0., 0., 0.239788413, 0.255171835, 0.302734613, 0.113629401,
          0.302734613, 0.134156182, 0.236781016, 0., 0.171863735,
          0.394585609, 0.394585609, 0.19090952, 0.394585609, 0.345060378,
          0.0119461939, 0.219294101, 0.00014232035, 0., 0.227165535,
          0.329264432, 0.248192146, 0.382282674, 0.382282674,
          0.382282674, 0.327734977, 0.0580691248, 0., 0.0977638438,
          0.0778781623, 0.0963877738, 0.161634162, 0.215125233,
          0.143753231, 0.382282674, 0.191613242, 0., 0.382282674,
          0.400985539, 0.400985539, 0.400985539, 0.400985539,
          0.400985539, 0.0495769866, 0.0492770486, 0.0198237263,
          0.00482017267, 0.00682086172, 0.0151168955, 0.0345115699,
          0.0496132746, 0.17980361, 0.0585810393, 0.383479238 ]
      - [ 0.349020034, 0.0277386066, 0.195376128, 0.211242393,
          0.0347410329, 0.154211909, 0.132160321, 0.349020034,
          0.349020034, 0.349020034, 0.0634878278, 0.349020034,
          0.319097281, 0.0439834781, 0.178369135, 0.349020034,
          0.174251914, 0.352361381, 0., 0., 0., 0., 0.0126876589,
          0.352361381, 0.352361381, 0.352361381, 0.352361381,
          0.136299521, 0.352361381, 0.237332687, 0.352361381,
          0.148123324, 0.354387254, 0.289297283, 0.066072844,
          0.354387254, 0.16078873, 0.00761095434, 0.0287517291,
          0.00131253747, 0.00543079525, 0.0309764203, 0.0392457023,
          0.354387254, 0.354387254, 0.354387254, 0.354387254,
          0.354387254, 0.357067883, 0.324624658, 0.0910966322,
          0.357067883, 0.357067883, 0.218302473, 0.272465289,
          0.0720543042, 0.0422861949, 0., 0., 0.135155112, 0.315946549,
          0.270169407, 0.229802102, 0.357067883 ]
      - [ 0.299262017, 0.140172884, 0.302364647, 0.367060512,
          0.367060512, 0.367060512, 0.367060512, 0.325746804,
          0.118393332, 0.159632564, 0.0687142164, 0.225738525,
          0.0764352009, 0.112982117, 0.184297174, 0.0539054722,
          0.148650005, 0.3022798, 0.0151744476, 0.265503764,
          0.00804456882, 0.184840873, 0.3022798, 0.3022798, 0.290050775,
          0.156761914, 0.220018655, 0.3022798, 0.279399753, 0.3022798,
          0.3022798, 0.294133961, 0.323007792, 0.323007792, 0.152506128,
          0.261597127, 0.101358019, 0.0150111318, 0.0193084069,
          0.0557505339, 0.207316279, 0.323007792, 0.115971826,
          0.323007792, 0.323007792, 0.323007792, 0.323007792,
          0.323007792, 0.31464389, 0.31464389, 0.305169493, 0.31464389,
          0.31464389, 0.31464389, 0.109232783, 0.0338514, 0.0250322036,
          0.0135858767, 0.0219361931, 0.114990912, 0.31464389,
          0.307839751, 0.31464389, 0.297260672 ]
      - [ 0.169442788, 0.375482023, 0.256728113, 0.0885077193,
          0.375482023, 0.375482023, 0.375482023, 0.375482023,
          0.375482023, 0.105210893, 0.0643693805, 0.0445956178,
          0.00103748078, 0.165253788, 0., 0.057992015, 0.118668161,
          0.0196377337, 0.0998153687, 0.137402937, 0.366830111,
          0.397864699, 0.397864699, 0.397864699, 0.397864699,
          0.135504484, 0.0583228059, 0.0449211895, 0.0693622455,
          0.227104262, 0.0899360999, 0.310980022, 0.308230549,
          0.308230549, 0.308230549, 0.308230549, 0.308230549,
          0.00916980952, 0.0919500217, 0.270457417, 0.160137996,
          0.184656575, 0.23247306, 0.257983297, 0.0413776413,
          0.261032671, 0.308230549, 0.308230549, 0.359198421,
          0.359198421, 0.359198421, 0.359198421, 0.359198421,
          0.144867882, 0.130716145, 0.048509866, 0.0133188879,
          0.025134977, 0.0834620222, 0.178794205, 0.244854346,
          0.244756699, 0.159758449, 0.354602128 ]
      - [ 0.332307905, 0.0365369506, 0.350777596, 0.350777596,
          0.350777596, 0.350777596, 0.350777596, 0.350777596,
          0.350777596, 0.132806256, 0.0347161368, 0., 0., 0.00441212254,
          0.0103019243, 0.0667019188, 0.198803768, 0.295138836,
          0.142889336, 0.263816178, 0.36530298, 0.36530298, 0.36530298,
          0.36530298, 0.36530298, 0.129750893, 0.0378332473,
          0.00801155902, 0., 0., 0.0503097624, 0.302672893, 0.284413725,
          0.284413725, 0.0782498568, 0.284413725, 0.284413725,
          0.271786094, 0.0730553046, 0.114926212, 0.284413725,
          0.284413725, 0.241683856, 0.224336058, 0.284413725,
          0.284413725, 0.284413725, 0.248724312, 0.075987868,
          0.325801224, 0.318877548, 0.325801224, 0.325801224,
          0.325801224, 0.325801224, 0.164203301, 0.113949388,
          0.0935647413, 0.303121567, 0.20459336, 0.110799596,
          0.325801224, 0.066074118, 0.230919763 ]
      - [ 0.35675028, 0.00173491496, 0.00836163666, 0.206096739,
          0.35675028, 0.35675028, 0.35675028, 0.35675028, 0.232649192,
          0., 0.120219767, 0.34877333, 0.00641406327, 0., 0., 0.35675028,
          0.171162322, 0.120438911, 0.0842525885, 0.0432992242,
          0.340518743, 0.243462443, 0.392162412, 0.392162412,
          0.392162412, 0.392162412, 0.0380595699, 0., 0., 0.259440839,
          0.203350335, 0.206893474, 0.335638344, 0.331195265,
          0.335638344, 0.0547743626, 0., 0., 0., 0.0160588231,
          0.047914166, 0.161216438, 0.277749866, 0.319918633,
          0.335638344, 0.335638344, 0.335638344, 0.335638344,
          0.456970066, 0.456970066, 0.456970066, 0.456970066,
          0.276971936, 0.0469181575, 0.0061926567, 0.0343345031,
          0.0308913197, 0., 0., 0.011257343, 0.103551, 0.032458704,
          0.139711305, 0.218266949 ]
      - [ 0.177362621, 0.321924299, 0.321924299, 0.321924299,
          0.321924299, 0.321924299, 0.321924299, 0.321924299,
          0.321924299, 0.0992513895, 0., 0.120369375, 0.128993914,
          0.100487225, 0., 0.291833997, 0.318874031, 0.318874031,
          0.318874031, 0.0997684896, 0.167649165, 0.188131273,
          0.318874031, 0.318874031, 0.318874031, 0.252493531,
          0.246405348, 0.051855769, 0.0491659865, 0.318874031,
          0.0405042842, 0.283514529, 0.339907825, 0.339907825,
          0.339907825, 0.339907825, 0.132978171, 0., 0.0461203232,
          0.131109759, 0.219482869, 0.216885045, 0.312536448,
          0.0303436145, 0.0426895507, 0.339907825, 0.265980721,
          0.339907825, 0.385222763, 0.385222763, 0.385222763,
          0.385222763, 0.385222763, 0.138412088, 0.0260281637,
          0.0487420633, 0.00909311697, 0.00706534088, 0.0021145076,
          0.0293594673, 0.104116, 0.201729894, 0.176144123, 0.385222763 ]
      - [ 0.342400253, 0.0177989155, 0.340580523, 0.183910161,
          0.151288927, 0.342400253, 0.342400253, 0.342400253,
          0.342400253, 0.10043893, 0., 0.0477940068, 0.342400253, 0.,
          0.0318144225, 0.326716751, 0.187551945, 0.113578625,
          0.186668843, 0.229916111, 0.29640764, 0.212848932, 0.301062077,
          0.301062077, 0.301062077, 0.301062077, 0.301062077,
          0.301062077, 0.169657484, 0.230475232, 0.108348384,
          0.300956786, 0.353737891, 0.206454605, 0.353737891,
          0.299612135, 0.0352122299, 0.0050265016, 0., 0.0943036079,
          0.267218143, 0.0978808552, 0.178223431, 0.227894828,
          0.290723413, 0.322782695, 0.353737891, 0.353737891,
          0.321307302, 0.215276524, 0., 0.0150008863, 0.145888254,
          0.163161188, 0.321307302, 0.321307302, 0.321307302,
          0.00576440198, 0.274859071, 0.314893365, 0.321307302,
          0.0700600296, 0.321307302, 0.321307302 ]
      - [ 0.0815324783, 0.125881627, 0.292709202, 0.262986451,
          0.292709202, 0.292709202, 0.292709202, 0.292709202,
          0.292709202, 0.292709202, 0.292709202, 0.12591064, 0.292709202,
          0.00871713832, 0.185962275, 0.289481997, 0.102161914,
          0.241794497, 0.123745315, 0.324069709, 0.0267595388,
          0.209778249, 0., 0.172382653, 0.324180692, 0.324180692,
          0.324180692, 0.324180692, 0.307543784, 0.0891325325,
          0.324180692, 0.324180692, 0.317862958, 0.00840034708,
          0.192069679, 0.317862958, 0.317862958, 0.317862958,
          0.144004449, 0.317862958, 0.317862958, 0.317862958,
          0.317862958, 0.0905235261, 0.202131003, 0.0336534195,
          0.252083868, 0.130767629, 0.073551178, 0.366801769,
          0.366801769, 0.366801769, 0.366801769, 0.366801769,
          0.298399031, 0.193101287, 0.059318345, 0.0151198236,
          0.0388077833, 0.101295054, 0.113513961, 0.130920291,
          0.108603247, 0.366801769 ]
      - [ 0.0920844451, 0.2344255, 0.000551093603, 0.288878024,
          0.286734402, 0.340412974, 0.340412974, 0.340412974,
          0.330382884, 0.266836137, 0., 0., 0.203664571, 0.284691542,
          0.0330078192, 0.340412974, 0.168669537, 0.0958274975, 0.,
          0.117288224, 0.316057473, 0.151885927, 0.112847216,
          0.322941184, 0.322941184, 0.322941184, 0.322941184,
          0.219382942, 0.322941184, 0.322941184, 0.322941184,
          0.177544802, 0.356324553, 0.356324553, 0.0828971937,
          0.0952466279, 0.0378679559, 0.015084316, 0.0151712224,
          0.0206728, 0.0200693589, 0.108354092, 0.277962744, 0.356324553,
          0.356324553, 0.356324553, 0.356324553, 0.356324553,
          0.288334101, 0.27928707, 0.513312697, 0.513312697, 0.513312697,
          0.0503922328, 0.0826640949, 0.0653592646, 0.0047781649,
          0.0205375515, 0., 0., 0.0423054695, 0.0225045905, 0.0878780857,
          0.138412058 ]
      - [ 0.139450029, 0.312785387, 0.0130460989, 0.352200955,
          0.169397563, 0.0297261681, 0.310464591, 0.352200955,
          0.352200955, 0.352200955, 0.0217384566, 0., 0.256130755,
          0.255344421, 0.0394793265, 0.352200955, 0.369112581,
          0.218442306, 0.306834131, 0.369112581, 0.369112581,
          0.181250364, 0.0965892002, 0.00933948718, 0.180579811,
          0.279726386, 0.247540861, 0., 0.184578732, 0.196022928,
          0.150255501, 0.369112581, 0.332036018, 0.332036018,
          0.327612251, 0.30474785, 0., 0., 0., 0.0829114914,
          0.0986827388, 0.0938255638, 0.330444127, 0.332036018,
          0.332036018, 0.0196116008, 0.332036018, 0.332036018,
          0.370986044, 0.370986044, 0.370986044, 0.370986044,
          0.265098006, 0.0450832769, 0.021169195, 0.0036391255, 0., 0.,
          0., 0.0433967449, 0.241415992, 0.261843503, 0.326561958,
          0.370986044 ]
      - [ 0.317723006, 0.0675505549, 0.281611949, 0.28981179,
          0.248086005, 0.317723006, 0.143387482, 0.167095363,
          0.317355871, 0.0380366817, 0.317723006, 0.317723006,
          0.317723006, 0.00496719824, 0.105190165, 0.317723006,
          0.345209301, 0.000314075471, 0.062348865, 0.216960222,
          0.105970517, 0.0384893157, 0.199787259, 0.27620098,
          0.329050809, 0.137822673, 0.288088977, 0.345209301,
          0.345209301, 0.345209301, 0.102793492, 0.345209301,
          0.395758092, 0.395758092, 0.185975268, 0.115006588,
          0.0704950243, 0.0321428664, 0., 0.00457814522, 0.0316771157,
          0.0086340541, 0., 0.0372090414, 0.395758092, 0.395758092,
          0.395758092, 0.395758092, 0.405241549, 0.405241549,
          0.405241549, 0.348012328, 0., 0.123960353, 0.144630954,
          0.103960782, 0.0619706735, 0., 0.0027876019, 0.036877241,
          0.019319769, 0.0325893499, 0.405241549, 0.405241549 ]
      - [ 0.35239169, 0.125017077, 0.0951247886, 0.220658079, 0.35239169,
          0.35239169, 0.181424946, 0.241551176, 0.0356034487,
          0.160065562, 0.35239169, 0.35239169, 0.205055296, 0.107725076,
          0.0789234713, 0.35239169, 0.305251509, 0.270782441,
          0.305251509, 0.305251509, 0.00362559035, 0.11186371,
          0.130397558, 0.305251509, 0.305251509, 0.174432397,
          0.0850654095, 0.305251509, 0.305251509, 0.305251509,
          0.305251509, 0.133519188, 0.345824361, 0.247620493,
          0.345824361, 0.345824361, 0., 0., 0.00156529632, 0.0266617443,
          0.104100436, 0.0527998991, 0.0141302478, 0.345824361,
          0.345824361, 0.345824361, 0.289015174, 0.345824361,
          0.288528681, 0.233324289, 0.413380116, 0.413380116,
          0.413380116, 0.346844733, 0.0773120672, 0.0524920076,
          0.00666100392, 0., 0.00626987685, 0.00838163495, 0.,
          0.155411065, 0.145974934, 0.413380116 ]
      - [ 0.280220866, 0.153206959, 0.301614672, 0.301614672,
          0.195312515, 0.287693113, 0.301614672, 0.301614672,
          0.301614672, 0.301614672, 0.140514538, 0.11294429, 0.265305609,
          0.209058776, 0.160707533, 0.236277536, 0.412706047, 0.,
          0.224276096, 0.0619819835, 0.0331964903, 0.264336079,
          0.412706047, 0.412706047, 0.412706047, 0.270471245, 0.16070731,
          0.213628471, 0.181612372, 0.0293190535, 0., 0.104850657,
          0.239048809, 0.327730268, 0.0764607191, 0., 0.0184121728,
          0.327730268, 0.257868648, 0.0775974467, 0.327730268,
          0.327730268, 0.327730268, 0.327730268, 0.327730268,
          0.020111274, 0.0348807052, 0.327730268, 0.380883545,
          0.408592463, 0.344526827, 0.408592463, 0.408592463,
          0.408592463, 0.0824153498, 0.0281879678, 0.0113845458,
          0.00359184691, 0.0383008458, 0.0997634083, 0.0948333666,
          0.0966424942, 0.0674737766, 0.149402574 ]
      - [ 0.321930856, 0., 0.321930856, 0.0952713415, 0.187287569,
          0.321930856, 0.321930856, 0.321930856, 0.321930856,
          0.235324249, 0.0122067565, 0.145384938, 0.321930856,
          0.0104849692, 0.321930856, 0.216196656, 0.153481662,
          0.00220436347, 0.127412334, 0.124475099, 0.0233070534, 0.,
          0.348121464, 0.348121464, 0.348121464, 0.206805781,
          0.229125783, 0.348121464, 0.348121464, 0.00782965869,
          0.343844801, 0.348121464, 0.340289921, 0.340289921,
          0.340289921, 0.340289921, 0.0564740039, 0.000260016881, 0.,
          0.0696156323, 0.116880871, 0.199912146, 0.186809659, 0.,
          0.340289921, 0.340289921, 0.340289921, 0.299098194,
          0.347796828, 0.347796828, 0.347796828, 0.347796828,
          0.347796828, 0.0500680506, 0., 0.0673310533, 0.0316479467, 0.,
          0., 0.198343918, 0.273430973, 0.166252509, 0.347796828,
          0.347796828 ]
      - [ 0.389884233, 0.0272963587, 0.0331815667, 0.0741089359,
          0.389884233, 0.272741526, 0.156677946, 0.389884233,
          0.389884233, 0.258689821, 0.00532492856, 0., 0., 0.,
          0.267689139, 0.378398806, 0.37315768, 0.00741744926,
          0.374775112, 0.374775112, 0.374775112, 0.374775112,
          0.0485108495, 0.330256343, 0.269990742, 0.0485427901, 0., 0.,
          0., 0.092415601, 0.262015283, 0.176811054, 0.342928976,
          0.342928976, 0.329139262, 0.082664147, 0.0711394325,
          0.155960828, 0., 0.102198817, 0.158159196, 0.114492387,
          0.330176175, 0.342928976, 0.314973503, 0.0850262865,
          0.342928976, 0.342928976, 0.41239056, 0.41239056, 0.41239056,
          0.41239056, 0.41239056, 0.000113642665, 0.00359998806,
          0.0014865452, 0.0014865452, 0.0160304029, 0.0236488599,
          0.0223613735, 0.0650791079, 0.0759084299, 0.281565756,
          0.234393135 ]
      - [ 0.179966465, 0.418698788, 0.125211939, 0.0690616965,
          0.211633563, 0.304527462, 0.418698788, 0.418698788,
          0.418698788, 0.110807933, 0.111196518, 0.236874595,
          0.0215684753, 0.000163280114, 0.0483375266, 0.143760666,
          0.0561451688, 0.117318042, 0.0579972826, 0., 0., 0.,
          0.00863056723, 0.399131805, 0.399131805, 0.399131805,
          0.399131805, 0.399131805, 0.218486071, 0.294478685,
          0.177357405, 0.114969887, 0.305510849, 0.305510849,
          0.176380426, 0.305510849, 0.305510849, 0.305510849,
          0.0277887564, 0.136754528, 0.305510849, 0.305510849,
          0.295279473, 0.305510849, 0.00770791061, 0.119154304,
          0.24391076, 0.19679606, 0.347221017, 0.0686881542, 0.236549765,
          0.258127481, 0.347221017, 0.347221017, 0.19950518, 0.197126478,
          0.0444549471, 0.0375781469, 0.226115361, 0.347221017,
          0.347221017, 0.1020182, 0.0476138555, 0.347221017 ]
      - [ 0.317793876, 0.317793876, 0.113996014, 0.317793876,
          0.0713446662, 0.173290655, 0.317793876, 0.317793876,
          0.317793876, 0.317793876, 0.317793876, 0.176207259,
          0.0934039354, 0., 0., 0.317793876, 0.119552799, 0.29336369,
          0.0024613617, 0.00487431698, 0.327554315, 0.07580062, 0.,
          0.2393592, 0.344246894, 0.344246894, 0.344246894, 0.344246894,
          0.114906617, 0.0400772281, 0.344246894, 0.344246894,
          0.378629684, 0.310843915, 0.150250003, 0.0467029288,
          0.0493116118, 0.01011266, 0.0165487621, 0.00104936538,
          0.02688062, 0.0640686899, 0.0838938728, 0.378629684,
          0.378629684, 0.378629684, 0.378629684, 0.378629684, 0.35328269,
          0.35328269, 0.35328269, 0.35328269, 0.162116468, 0.158336937,
          0.105830133, 0.186253622, 0.108498, 0.0422005877, 0.0128406491,
          0.049022235, 0.0971918702, 0.35328269, 0.35328269, 0.35328269 ]
      - [ 0.143761888, 0.0381162576, 0.0912797675, 0.362189949,
          0.113517366, 0.028075913, 0.18335627, 0.366877824, 0.366877824,
          0.366877824, 0.227478072, 0.0493829437, 0.143966332,
          0.351844549, 0.366877824, 0.224284485, 0.345987797,
          0.0909782648, 0.0431790464, 0.123791806, 0.147549272,
          0.0577198602, 0.100208789, 0.345987797, 0.345987797,
          0.188795805, 0.160179168, 0.345987797, 0.345987797,
          0.345987797, 0.191517353, 0.345987797, 0.323297352,
          0.0157943424, 0.109304443, 0.323297352, 0.323297352,
          0.218444839, 0.0234877057, 0.219751433, 0.323297352,
          0.323297352, 0.0726037398, 0.282920897, 0.323297352,
          0.0771319494, 0.255145401, 0.323297352, 0.33396548,
          0.112841621, 0.33396548, 0.33396548, 0.33396548, 0.203811049,
          0.0849604756, 0.0771546736, 0.0206637513, 0., 0.24563472,
          0.33396548, 0.292182356, 0.048532065, 0.33396548, 0.33396548 ]
      - [ 0.196872115, 0.0147336042, 0.21359314, 0.370269626,
          0.370269626, 0.370269626, 0.362368405, 0.370269626,
          0.254146457, 0.0841616914, 0., 0., 0., 0., 0.244469777,
          0.317103595, 0.330902129, 0.330902129, 0.0451921783,
          0.159156069, 0.330902129, 0.330902129, 0.330902129,
          0.330902129, 0.330902129, 0.0331264175, 0.103729449,
          0.135999516, 0.238765776, 0.0506833941, 0.162076205,
          0.294359595, 0.355816811, 0.206043854, 0.0944571123,
          0.093809709, 0.055936411, 0.0242651757, 0.0377972722,
          0.0772071704, 0.102879308, 0.168338597, 0.355816811,
          0.355816811, 0.355816811, 0.355816811, 0.355816811,
          0.355816811, 0.288148016, 0.101891331, 0.228752613,
          0.517008007, 0.517008007, 0.517008007, 0.101035371,
          0.0471461825, 0.0309541039, 0.0194632262, 0.0127103282,
          0.0166284908, 0.0203412864, 0.0300284922, 0.0386442766,
          0.173755899 ]
      - [ 0.281187534, 0.151312798, 0.0582155026, 0.377105176,
          0.377105176, 0.377105176, 0.377105176, 0.377105176, 0.27426517,
          0.00269694347, 0.0824483559, 0.0263409484, 0., 0.,
          0.0594939888, 0.30590868, 0.381523997, 0.381523997,
          0.381523997, 0.381523997, 0.381523997, 0.0540921465,
          0.00516489893, 0.153843731, 0.308793813, 0.0546351187, 0.,
          0.0160804372, 0.0431481265, 0.0894757658, 0.241641387,
          0.273696333, 0.382565945, 0.0309334099, 0.382565945,
          0.104770154, 0.0226568282, 0.0529483557, 0., 0.190985411,
          0.217055574, 0.0251254328, 0.304193258, 0.140722647,
          0.229320243, 0.382565945, 0.382565945, 0.382565945,
          0.453862101, 0.453862101, 0.453862101, 0.453862101,
          0.0728756711, 0.0494050644, 0.01426055, 0.0132574011,
          0.00452204375, 0., 0.00982448738, 0.0144246733, 0.0113529908,
          0.0599184819, 0.037626937, 0.39738223 ]
      - [ 0.210105255, 0.315009564, 0.0292468276, 0.315009564,
          0.261625975, 0.315009564, 0.315009564, 0.315009564,
          0.315009564, 0.0701961294, 0., 0.315009564, 0.0703222156,
          0.00831674319, 0.28216061, 0.315009564, 0.00624381797,
          0.00213408074, 0., 0., 0., 0., 0.00778165273, 0.198680997,
          0.420989007, 0.413025975, 0.420989007, 0.420989007,
          0.420989007, 0.2680749, 0.0442785956, 0.0536103398,
          0.300602436, 0.300602436, 0.133572116, 0.300602436,
          0.300602436, 0.129466504, 0.0139889866, 0.213665962,
          0.300602436, 0.300602436, 0.300602436, 0.113692366, 0.,
          0.300602436, 0.300602436, 0.300602436, 0.166314036,
          0.257897556, 0.321730047, 0.321730047, 0.321730047,
          0.321730047, 0.321730047, 0.321730047, 0.13210918,
          0.0112920096, 0.0948761553, 0.162477672, 0.0947287977,
          0.112149961, 0.321730047, 0.321730047 ]
      - [ 0.0945382789, 0.367456138, 0.367456138, 0.00521395449,
          0.176102832, 0.367456138, 0.367456138, 0.367456138,
          0.345517308, 0.0057588513, 0.254557669, 0.0502401851, 0., 0.,
          0.118387982, 0.283684909, 0.246923327, 0.326112121,
          0.209119737, 0.18742758, 0.0987164825, 0.2224053, 0.296272218,
          0.337905973, 0.337905973, 0.06353385, 0.19784224, 0.30677852,
          0.0955587626, 0.0176846497, 0.337905973, 0.337905973,
          0.313164264, 0.125784144, 0.286731899, 0.313164264,
          0.106729805, 0.0117844157, 0., 0.0796398893, 0.188452289,
          0.313164264, 0.313164264, 0.313164264, 0.313164264,
          0.313164264, 0.246722877, 0.313164264, 0.4305861, 0.4305861,
          0.4305861, 0.4305861, 0.0800708905, 0.0187353604, 0., 0.,
          0.00423393259, 0.0030992555, 0., 0., 0.0860925391, 0.102863625,
          0.20950903, 0.4305861 ]
      - [ 0.320476234, 0.320476234, 0.221789181, 0.320476234,
          0.320476234, 0.320476234, 0.320476234, 0.320476234,
          0.316893637, 0.184079438, 0., 0.022679545, 0.13551788,
          0.116694108, 0.190790653, 0.159585163, 0.341179937,
          0.0638163388, 0.341179937, 0.272646546, 0.131210923,
          0.095975861, 0.0503076054, 0.217987403, 0.22628814,
          0.164259613, 0.191340089, 0.341179937, 0.341179937,
          0.341179937, 0.341179937, 0.168772832, 0.367453665,
          0.367453665, 0.0657353029, 0.00400967058, 0.0211961884,
          0.0312167946, 0.166793168, 0.347254127, 0.186308995, 0.2463855,
          0.314877123, 0.0502631105, 0.367453665, 0.203956231,
          0.251763284, 0.367453665, 0.134293839, 0.182578817,
          0.388130516, 0.388130516, 0.388130516, 0.388130516,
          0.388130516, 0.182432905, 0.0492886379, 0.0213937573,
          0.0145584363, 0.0338232741, 0.0663126111, 0.144735515,
          0.111569382, 0.340892792 ]
      - [ 0.441726089, 0.106438823, 0.0246023964, 0., 0.164614186,
          0.143387437, 0.0218198076, 0.172206134, 0.260643601,
          0.113603741, 0.166633621, 0.447594315, 0.447594315,
          0.0324656852, 0., 0.447594315, 0.148590207, 0.163306892,
          0.324745715, 0., 0., 0., 0.3266114, 0.3266114, 0.3266114,
          0.3266114, 0.3266114, 0.150057867, 0.3266114, 0.022062907,
          0.3266114, 0.269813687, 0.415790081, 0.0651561618,
          0.0622528046, 0.303104043, 0.0938192531, 0.091852136,
          0.0204622578, 0., 0., 0.00534241647, 0.00086242531,
          0.415790081, 0.415790081, 0.415790081, 0.117302477,
          0.415790081, 0.331767052, 0.331767052, 0.160621434,
          0.331767052, 0.331767052, 0.32192567, 0.106756605, 0.117773771,
          0.00387751055, 0., 0.0550222434, 0.241542354, 0.331767052,
          0.100554571, 0.331767052, 0.331767052 ]
      - [ 0.23608233, 0.367427915, 0.414489657, 0.414489657, 0.414489657,
          0.414489657, 0.159572482, 0.0731554255, 0.0673942342, 0.,
          0.00124875188, 0.153977409, 0.120714828, 0.000498452689, 0.,
          0.210415691, 0.36114803, 0.0898484811, 0.102730207, 0.36114803,
          0.36114803, 0.282270253, 0.290705889, 0.36114803, 0.36114803,
          0.102066934, 0.0503126048, 0.0701067671, 0.0602796376,
          0.0975401625, 0., 0.36114803, 0.396446794, 0.315550894,
          0.307256103, 0.0782411695, 0.0345263965, 0.0181540567,
          0.0120939817, 0.0864836201, 0.0401748866, 0.145979464,
          0.248518988, 0.246682301, 0.112132356, 0.396446794,
          0.396446794, 0.396446794, 0.421273082, 0.255020738,
          0.421273082, 0.421273082, 0.421273082, 0.250067532,
          0.0283915643, 0.0169786103, 0.0412816666, 0., 0.0155501235,
          0.00622220524, 0.037557628, 0.134751514, 0.207983181,
          0.304029226 ]
      - [ 0.224027276, 0.228858426, 0.262306899, 0.423868805,
          0.423868805, 0.420338243, 0.423868805, 0.178077042,
          0.0937663317, 0.0905731022, 0.0606341287, 0.0285440795,
          0.154818654, 0.0647266135, 0.0643793866, 0.152369767,
          0.155116633, 0.0438482352, 0.102402419, 0.049343884,
          0.035966076, 0.107923299, 0.321842909, 0.326977462,
          0.326977462, 0.326977462, 0.326977462, 0.326977462,
          0.326977462, 0.326977462, 0.0376964398, 0.302462012,
          0.074724026, 0.047333084, 0.0255168043, 0.0330895409,
          0.0279972423, 0.0881871134, 0.0290539283, 0.0905748978,
          0.108567104, 0.182195276, 0.415794671, 0.415794671,
          0.415794671, 0.415794671, 0.415794671, 0.243432686,
          0.255527884, 0.0613210462, 0.473839045, 0.473839045,
          0.473839045, 0.473839045, 0.129795685, 0.0647103861,
          0.0453522503, 0., 0.00416161912, 0.00611520419, 0.0276650991,
          0.0347837061, 0.0135238459, 0.0530516282 ]
      - [ 0.331618607, 0.213051379, 0.16714099, 0.247432694, 0.218339756,
          0.331618607, 0.331618607, 0.331618607, 0.331618607,
          0.0238592289, 0.0994763002, 0.331618607, 0.254496247,
          0.16644676, 0.00362810609, 0.227350354, 0.334351987,
          0.0469826199, 0.0425218828, 0.275248677, 0., 0.052069854,
          0.0603141263, 0.334351987, 0.334351987, 0.334351987,
          0.334351987, 0.274232745, 0.334351987, 0.334351987,
          0.0524259992, 0.223700687, 0.348849505, 0.348849505,
          0.348849505, 0.0618104376, 0., 0.0113554308, 0.0101138661,
          0.0299510509, 0.107734665, 0.0667317659, 0.0440228581,
          0.348849505, 0.348849505, 0.348849505, 0.348849505,
          0.348849505, 0.411367893, 0.411367893, 0.411367893,
          0.411367893, 0.411367893, 0.213503197, 0.169363603,
          0.0610748418, 0.0231279507, 0.0160260536, 0.00375099992,
          0.0695934743, 0.0980099738, 0.168012083, 0.0738383606,
          0.151128531 ]
      - [ 0.247163072, 0.312782854, 0.209789127, 0.179739416,
          0.143684849, 0.36098823, 0.36098823, 0.36098823, 0.36098823,
          0., 0., 0.320687026, 0.185339466, 0.0214284491, 0.244985536,
          0.146934301, 0.178223476, 0.0124795418, 0., 0., 0.00628181407,
          0.276245505, 0.0130526144, 0.161683425, 0.446787447,
          0.446787447, 0.446787447, 0.446787447, 0.0417675115,
          0.20147343, 0.042896308, 0.135286838, 0.300840944, 0.300840944,
          0.300840944, 0.300840944, 0.300840944, 0.0137002319,
          0.0370528884, 0.093578957, 0.285783917, 0.105991207,
          0.257406473, 0.300840944, 0.300840944, 0.113859668,
          0.300840944, 0.300840944, 0.280305684, 0.301158279,
          0.261336714, 0.0558992513, 0.301158279, 0.301158279,
          0.301158279, 0.301158279, 0.175226405, 0.0181637909, 0.,
          0.301158279, 0.301158279, 0.301158279, 0.0614545122,
          0.294307083 ]
      - [ 0.0334846154, 0.102182001, 0.0952854604, 0.237789601,
          0.317978382, 0.472865075, 0.472865075, 0.472865075,
          0.281166613, 0.0999367833, 0.0605116636, 0.00627124542,
          0.184658557, 0.0384409726, 0.0738307312, 0.111385539,
          0.148195773, 0.136931404, 0.0412240997, 0.0483890884,
          0.131146863, 0.283625722, 0.459460318, 0.459460318,
          0.459460318, 0.148013428, 0.156781003, 0.0292896423,
          0.121476002, 0.174943388, 0.136689857, 0.329107016,
          0.093892388, 0.0366692133, 0.314431757, 0.314431757,
          0.175264582, 0.154793844, 0.22772786, 0.314431757, 0.287568033,
          0.314431757, 0.314431757, 0.314431757, 0.0788169131,
          0.314431757, 0.0176843852, 0.314431757, 0.310640246,
          0.213719502, 0.310640246, 0.247753188, 0.310640246,
          0.310640246, 0.281814754, 0.0731212944, 0.0474907123,
          0.0128295645, 0.0920126438, 0.149020061, 0.310640246,
          0.310640246, 0.310640246, 0.310640246 ]
      - [ 0.297798574, 0.297798574, 0.117367014, 0.241258994,
          0.177332997, 0., 0., 0.297798574, 0.297798574, 0.297798574,
          0.297798574, 0.161377221, 0.297798574, 0.297798574,
          0.276872873, 0.285347551, 0.111157909, 0.0377068371,
          0.00562689267, 0., 0.0240204614, 0.0256488435, 0.0153453685,
          0.0597089268, 0.449520916, 0.449520916, 0.449520916,
          0.449520916, 0.214573309, 0.237850681, 0.206165567,
          0.152544484, 0.367132127, 0.203713775, 0.0438023098,
          0.0187419672, 0.00278454321, 0., 0.00132709427, 0.0726142526,
          0.241514578, 0.065463908, 0.287864953, 0.367132127,
          0.367132127, 0.3575885, 0.367132127, 0.367132127, 0.269215405,
          0.218370363, 0.345091164, 0.345091164, 0.345091164,
          0.345091164, 0.345091164, 0.326619953, 0.235265434,
          0.00430580182, 0.0524416156, 0.0486659221, 0.0294218287,
          0.185366556, 0.0625206307, 0.273216516 ]
      - [ 0.102340735, 0.0257021356, 0.183249965, 0.0154467439,
          0.159410208, 0.123298548, 0.0529180542, 0.459627718,
          0.459627718, 0.459627718, 0.459627718, 0.0751229525, 0.,
          0.0643428713, 0.218254298, 0.067765817, 0.127046451,
          0.136249974, 0.0855941698, 0., 0., 0.122412115, 0.211399257,
          0.362212241, 0.362212241, 0.362212241, 0.362212241,
          0.362212241, 0.0597881451, 0.282397747, 0.362212241,
          0.155454531, 0.194138989, 0.310467899, 0.289743602,
          0.123867743, 0.290011555, 0.161389053, 0.0576704293,
          0.178267747, 0.291095644, 0.129886761, 0.332101941,
          0.332101941, 0.332101941, 0.0850818679, 0.332101941,
          0.260836184, 0.321370453, 0.321370453, 0.321370453,
          0.321370453, 0.321370453, 0.321370453, 0.321370453,
          0.291257471, 0.0934748948, 0.00170805084, 0.0288581196,
          0.128277346, 0.235780954, 0.184677795, 0.143544808,
          0.229506209 ]
      - [ 0.415196329, 0.0164762922, 0.0553379878, 0.299054772,
          0.415196329, 0.0519900024, 0.206351474, 0.415196329,
          0.415196329, 0.105832785, 0.0624290034, 0.0609632246, 0., 0.,
          0.146676883, 0.357659668, 0.354725063, 0.40020147, 0.40020147,
          0.40020147, 0.40020147, 0.0651094988, 0.0971440524,
          0.223845869, 0.159803897, 0., 0., 0., 0., 0.0367621444,
          0.272423804, 0.254245251, 0.373853058, 0.285093904, 0.23424682,
          0.0551591069, 0.0488798022, 0.0382613316, 0.0180177782,
          0.109496489, 0.109496489, 0.143678993, 0.164106712,
          0.373853058, 0.287246376, 0.373853058, 0.373853058,
          0.373853058, 0.4466407, 0.4466407, 0.4466407, 0.4466407,
          0.163889363, 0.0422910377, 0.0541983545, 0.0122798514,
          0.00625892915, 0., 0., 0., 0., 0.00141936808, 0.0318914838,
          0.405946255 ]
      - [ 0.367364854, 0.00457417127, 0., 0.177843615, 0.153423414,
          0.367364854, 0.367364854, 0.367364854, 0.367364854, 0.,
          0.166408971, 0.27109313, 0., 0.100618638, 0.141748503,
          0.367364854, 0.0935301706, 0.00391381793, 0.00549312122,
          0.20010826, 0.0896181166, 0.00670836587, 0.0423376523,
          0.277956605, 0.362800926, 0.278565258, 0.362800926,
          0.362800926, 0.362800926, 0.297259927, 0.193023041,
          0.361513227, 0.340800673, 0.340800673, 0.340800673,
          0.138598755, 0.0298658554, 0., 0., 0.010890061, 0.114147782,
          0.17091693, 0.177366003, 0.299429595, 0.340800673, 0.340800673,
          0.340800673, 0.340800673, 0.30348596, 0.30348596, 0.283991098,
          0.302075386, 0.30348596, 0.30348596, 0.263944924, 0.295693427,
          0.0535078086, 0.0417615958, 0., 0.117166176, 0.30348596,
          0.30348596, 0.203990415, 0.235363483 ]
      - [ 0.216026098, 0.308355302, 0.100721344, 0., 0.136989087,
          0.0211459566, 0.194411039, 0.39381662, 0.39381662, 0.39381662,
          0.336658508, 0.364174336, 0.135377854, 0.045299992,
          0.0338326655, 0.233240932, 0.158668727, 0.218290597,
          0.207574248, 0.294878274, 0., 0.107276358, 0.359237641,
          0.359237641, 0.359237641, 0.248877913, 0.0396299101,
          0.359237641, 0.202570856, 0.359237641, 0.142872408, 0.10871619,
          0.330250919, 0.116003543, 0.177356124, 0.167836994,
          0.337895632, 0.170089036, 0.0322824158, 0.0284124166,
          0.117109217, 0.211075246, 0.337895632, 0.337895632,
          0.337895632, 0.337895632, 0.200970277, 0.337895632,
          0.342402369, 0.197281465, 0.342402369, 0.342402369,
          0.342402369, 0.342402369, 0.239694849, 0.240153074,
          0.0258638039, 0.0156258401, 0.0760851204, 0.163314566,
          0.298632741, 0.162188932, 0., 0.327833146 ]
      - [ 0.319910616, 0.120832331, 0., 0.319910616, 0.319910616,
          0.319910616, 0.319910616, 0.319910616, 0.319910616, 0.26408568,
          0.133852869, 0.319910616, 0., 0.175967842, 0.144947931,
          0.154363662, 0.398463637, 0.139621317, 0., 0.195726484,
          0.398463637, 0.398463637, 0.398463637, 0.398463637,
          0.171798304, 0.0238481108, 0.258453965, 0.0971989185,
          0.0101856282, 0., 0.0686014071, 0.182237566, 0.318352044,
          0.318352044, 0.278030127, 0.318352044, 0.0394560508,
          0.0210705362, 0.0601058379, 0.121903896, 0.318352044,
          0.24380073, 0.318352044, 0.318352044, 0.318352044,
          0.0259513296, 0.167772695, 0.318352044, 0.206521735,
          0.026311256, 0.251298577, 0.454765975, 0.513034225,
          0.513034225, 0.236279398, 0.259791344, 0.144658998,
          0.0347492769, 0.0668411031, 0., 0., 0.0449007452, 0.0057783518,
          0.0564891882 ]
      - [ 0.33334586, 0.33334586, 0.0126809804, 0.096425876, 0.229490742,
          0.0593828224, 0.33334586, 0.280479491, 0.33334586, 0.33334586,
          0.33334586, 0.0480362698, 0.33334586, 0.0615797453, 0.,
          0.261560321, 0.169126406, 0.339113206, 0.184303388,
          0.322811902, 0.339113206, 0.339113206, 0., 0.339113206,
          0.339113206, 0.126751229, 0.0514622815, 0.0385024995,
          0.124672264, 0.31539464, 0.0680632293, 0.339113206,
          0.373267949, 0.269683927, 0.117498651, 0.142013982,
          0.0362780653, 0., 0., 0.0134515697, 0.00410686154, 0.038625937,
          0.224917576, 0.373267949, 0.373267949, 0.373267949,
          0.373267949, 0.373267949, 0.318440944, 0.433007002,
          0.433007002, 0.433007002, 0.0959732756, 0.21242778,
          0.040076524, 0.0074078138, 0.00537731731, 0., 0.00248274789,
          0.0219183192, 0.0815831199, 0.139591038, 0.24826467,
          0.433007002 ]
      - [ 0.302345335, 0.302345335, 0.016853936, 0.252465069,
          0.302345335, 0.301754981, 0.302345335, 0.302345335,
          0.302345335, 0.302345335, 0.0999226645, 0.2621786, 0.206394747,
          0.0331329927, 0.0940246135, 0.265992284, 0.208016098,
          0.242687851, 0.284740835, 0.284740835, 0.284740835,
          0.284740835, 0.142697722, 0.284740835, 0.284740835, 0.13702023,
          0.0477269292, 0.284740835, 0.206876814, 0.284740835,
          0.284740835, 0.284740835, 0.2965222, 0.0277610589, 0.2965222,
          0.2965222, 0.2965222, 0.253649056, 0., 0.151039973, 0.2965222,
          0.2965222, 0.2965222, 0.2965222, 0.2965222, 0.161503166,
          0.0614664555, 0.2965222, 0.45016709, 0.316113174, 0.45016709,
          0.45016709, 0.45016709, 0.153667241, 0.0286174528,
          0.0201557167, 0.00841317605, 0.0048985756, 0.00559951412,
          0.0231030397, 0.0440675728, 0.0900914446, 0.0980780348,
          0.199494228 ]
      - [ 0.291678578, 0.291678578, 0.291678578, 0.291678578,
          0.143753439, 0.291678578, 0.291678578, 0.291678578,
          0.291678578, 0.0148442555, 0.0245220251, 0.291678578,
          0.22093752, 0.0193484649, 0.275039732, 0.291678578,
          0.347495288, 0., 0., 0., 0.000672088761, 0.0827902406,
          0.155529454, 0.240190506, 0.347495288, 0.347495288,
          0.347495288, 0.347495288, 0.347495288, 0.250043303, 0.,
          0.347495288, 0.338626981, 0.0358420052, 0.000852158642,
          0.00795774348, 0., 0.00989588629, 0.0520634726, 0.123347901,
          0.338626981, 0.338626981, 0.338626981, 0.338626981,
          0.338626981, 0.338626981, 0.244742319, 0.338626981,
          0.413234949, 0.4310579, 0.4310579, 0.4310579, 0.4310579,
          0.18784143, 0.0897479132, 0.130320624, 0.0215698313, 0., 0.,
          0., 0., 0.0639472157, 0.043702364, 0.122067675 ]
      - [ 0.178900406, 0.223639488, 0.316818714, 0.377966106,
          0.377966106, 0.377966106, 0.368364722, 0.377966106,
          0.138282448, 0., 0., 0., 0.0732241496, 0.072060287, 0.,
          0.277537704, 0.196426719, 0.167817682, 0.0403388999,
          0.289783001, 0.211508542, 0.0832424685, 0.319167674,
          0.319167674, 0.319167674, 0.261744261, 0.319167674,
          0.319167674, 0.319167674, 0.0957361758, 0.0452392548,
          0.319167674, 0.294965029, 0.29716301, 0.18230921, 0.29716301,
          0.29716301, 0.0652421415, 0.0900192633, 0.245396078,
          0.174396247, 0.29716301, 0.125470042, 0.29716301, 0.29716301,
          0.29716301, 0.227170885, 0.29716301, 0.326917648, 0.220503494,
          0.326917648, 0.326917648, 0.326917648, 0.326917648,
          0.0939563662, 0.0918892696, 0.0355538689, 0.000859233493,
          0.00859501865, 0.0494452044, 0.28874445, 0.309123367,
          0.326917648, 0.326917648 ]
      - [ 0.336514533, 0.212968633, 0.150866583, 0.336514533,
          0.143580094, 0.172955289, 0.0800418258, 0.336514533,
          0.336514533, 0.336514533, 0.0165159069, 0., 0.280390352,
          0.336514533, 0., 0.336514533, 0.109777436, 0., 0.00100297935,
          0.0627109855, 0.195114523, 0.00902335905, 0.00529149966,
          0.139541686, 0.357124716, 0.387300044, 0.387300044,
          0.387300044, 0.106662661, 0.183230996, 0.387300044,
          0.387300044, 0.341808885, 0.32346791, 0.341808885, 0.279250234,
          0.0803946257, 0., 0., 0.00386643643, 0.065003112, 0.0388126895,
          0.0538962707, 0.31282264, 0.341808885, 0.341808885,
          0.341808885, 0.341808885, 0.327760547, 0.327760547,
          0.124802135, 0.327760547, 0.113479309, 0.210254088, 0.18126002,
          0.313630462, 0.172672778, 0.0376150534, 0.0456008203,
          0.0868714079, 0.327760547, 0.327760547, 0.327760547,
          0.327760547 ]
      - [ 0.318391621, 0.254409343, 0.318391621, 0.25800392, 0.318391621,
          0.318391621, 0.318391621, 0.318391621, 0.27940008,
          0.0174865704, 0.136904418, 0.304811656, 0., 0.164884061,
          0.158012792, 0.122927502, 0.132061064, 0.342912644,
          0.0281643383, 0.0786005035, 0.342912644, 0.16099143,
          0.211996913, 0.132383585, 0.184690177, 0.128249913,
          0.342912644, 0.342912644, 0.342912644, 0.342912644,
          0.100468919, 0.342912644, 0.366346359, 0.366346359,
          0.331723958, 0.0386554152, 0., 0.00244435226, 0.0160345659,
          0.139564857, 0.0606625453, 0.199741453, 0.0860481039,
          0.093940109, 0.366346359, 0.366346359, 0.366346359,
          0.366346359, 0.437590122, 0.437590122, 0.437590122,
          0.437590122, 0.145972565, 0.059694346, 0., 0.0205051936,
          0.0205051936, 0.00538352085, 0.00262279739, 0., 0.00531730196,
          0.156361312, 0.210221142, 0.367791146 ]
      - [ 0.342052341, 0.266080707, 0.221372113, 0.116526991,
          0.245201811, 0.211448669, 0.128479779, 0.342052341,
          0.342052341, 0.0399450548, 0.342052341, 0.117026784,
          0.217825681, 0.271430731, 0.142986402, 0.342052341,
          0.0351571739, 0.118535854, 0.0249989517, 0.00335660623, 0.,
          0.0399884507, 0.21175243, 0.316284537, 0.456723124,
          0.456723124, 0.456723124, 0.11074087, 0.136014327, 0.380027562,
          0.171951473, 0.0500136055, 0.371470898, 0.371470898,
          0.0763693154, 0.0100597152, 0.00799521431, 0., 0.,
          0.00740028499, 0.00740028499, 0.0219186731, 0.201241583,
          0.371470898, 0.371470898, 0.371470898, 0.348223209,
          0.371470898, 0.250297278, 0.348537654, 0.260227054,
          0.348537654, 0.348537654, 0.348537654, 0.329377204,
          0.321013153, 0.144701242, 3.21316729e-05, 0.000858733023,
          0.0109236091, 0.15273656, 0.169473603, 0.133525088,
          0.278856069 ]
      - [ 0.373440087, 0.103588976, 0.0040348242, 0.471432298,
          0.471432298, 0.471432298, 0.380616277, 0.122161649,
          0.0159990452, 0.0563579015, 0.0431902073, 0., 0., 0.,
          0.0191828683, 0.113506608, 0.341506571, 0.280729562,
          0.341506571, 0.341506571, 0.341506571, 0.0989953503,
          0.117903955, 0.341506571, 0.268290579, 0.286507905, 0., 0.,
          0.0161157195, 0.095939219, 0.175460234, 0.341506571,
          0.30979833, 0.30979833, 0.164043829, 0.028993044, 0.0273595061,
          0.145809337, 0.0537948422, 0.30979833, 0.30979833, 0.179746151,
          0.30979833, 0.30979833, 0.219469786, 0.30979833, 0.30979833,
          0.30979833, 0.434701383, 0.0888834521, 0.503789842,
          0.503789842, 0.503789842, 0.0653559193, 0.012324363,
          0.0126166623, 0.000689960201, 0., 0., 0., 0., 0.0164806154,
          0.0101840831, 0.178135052 ]
      - [ 0.466502964, 0.0195489135, 0.0425040163, 0.466502964,
          0.466502964, 0.349487901, 0.093987897, 0.33679384,
          0.0700583905, 0.0273814164, 0., 0.1796574, 0.0267543998,
          0.1040565, 0., 0.215390161, 0.244452402, 0.000279188243,
          0.00173690671, 0.0417047217, 0.258166134, 0., 0.10162691,
          0.168406546, 0.351150066, 0.0839287937, 0.3388789, 0.351150066,
          0.351150066, 0.351150066, 0.302057713, 0.351150066,
          0.378909558, 0.157994896, 0.129689693, 0.124376521,
          0.0704880282, 0.0237820745, 0.00540028792, 0.115966864,
          0.232214078, 0.0609708354, 0.0296003148, 0.378909558,
          0.378909558, 0.378909558, 0.378909558, 0.378909558,
          0.278772861, 0.367923647, 0.448363513, 0.448363513,
          0.448363513, 0.22233507, 0.0716498941, 0.117397971,
          0.0160281137, 0.00211996282, 0., 0.0221853014, 0.048414249,
          0.129835173, 0.225905821, 0.200031966 ]
      - [ 0.393139541, 0.015854381, 0.320756823, 0.0632594526,
          0.393139541, 0.393139541, 0.393139541, 0.115110435,
          0.0157215837, 0.227337629, 0.118307076, 0., 0.00804524217,
          0.192092568, 0., 0.393139541, 0.275225878, 0.000444697245, 0.,
          0.152337998, 0.198713243, 0., 0.00990241766, 0.222406775,
          0.184059605, 0.292871058, 0.0933139995, 0.368768424,
          0.368768424, 0.368768424, 0.368768424, 0.368768424,
          0.301792979, 0.301792979, 0.301792979, 0.301792979,
          0.195652276, 0.0482877009, 0.0640329793, 0.0416889638,
          0.301792979, 0.277294129, 0.301792979, 0.301792979,
          0.209961861, 0.301792979, 0.0992350876, 0.301792979,
          0.397371083, 0.397371083, 0.397371083, 0.397371083,
          0.281977862, 0.125933811, 0.0202177148, 0.0888213217,
          0.103144929, 0.0144438073, 0.00313017983, 0.0716864318,
          0.16279082, 0.176470861, 0.170889989, 0.397371083 ]
      - [ 0.286070973, 0.316064, 0.080152981, 0.216473281, 0.399747491,
          0.399747491, 0.399747491, 0.399747491, 0.225998446,
          0.0707075521, 0.162092954, 0.132610932, 0.0145133873,
          0.128631577, 0.0252614617, 0.0668326691, 0.33060655,
          0.00010560402, 0.0283954591, 0.139868602, 0.21268253,
          0.174949393, 0.125115201, 0.33060655, 0.33060655, 0.33060655,
          0.33060655, 0.33060655, 0.33060655, 0.0682709515, 0.075932309,
          0.33060655, 0.252587825, 0.324042082, 0.324042082, 0.324042082,
          0.324042082, 0.0401348472, 0.0641517863, 0.21996133,
          0.324042082, 0.324042082, 0.283147305, 0.174148992,
          0.243284225, 0.149057731, 0.215056941, 0.10333211, 0.26136592,
          0.117098011, 0.395697832, 0.395697832, 0.395697832,
          0.395697832, 0.395697832, 0.255759984, 0.0643205643,
          0.0184190907, 0.081276916, 0.144501075, 0.0837225541,
          0.0532732718, 0.0468597151, 0.147375524 ]
      - [ 0.26753667, 0.333064884, 0.333064884, 0.333064884, 0.333064884,
          0.166805014, 0.0480031818, 0.19475387, 0.263332337,
          0.310920238, 0.159388676, 0.00505207572, 0., 0., 0.333064884,
          0.333064884, 0.409162194, 0.00790082105, 0., 0.171883568,
          0.0418789126, 0., 0.106361121, 0.136580944, 0.265823215,
          0.270029277, 0.124217689, 0.315643966, 0.409162194,
          0.409162194, 0.0793199241, 0.409162194, 0.386808962,
          0.215461478, 0.356405556, 0.166639715, 0.0244031325,
          0.00857360009, 0.0517855808, 0.105892226, 0.0269969981,
          0.0728121102, 0.177943006, 0.378776878, 0.386808962,
          0.386808962, 0.0265258942, 0.386808962, 0.359361768,
          0.359361768, 0.359361768, 0.359361768, 0.359361768,
          0.114857815, 0.129063949, 0.0890685245, 0.0479706973, 0.,
          0.0458183996, 0.0451292917, 0.0133692268, 0.219144911,
          0.359361768, 0.359361768 ]
      - [ 0.348641992, 0.0761969909, 0.21307832, 0.348641992,
          0.348641992, 0.348641992, 0.0609068424, 0.170260623,
          0.348641992, 0.0544806421, 0., 0., 0.0937127769, 0.348641992,
          0.223609284, 0.348641992, 0.319852203, 0., 0.149790898,
          0.319852203, 0.20215103, 0.099857755, 0.319852203, 0.319852203,
          0.319852203, 0.16139698, 0.134808108, 0.319852203, 0.243084103,
          0.319852203, 0.0421280302, 0.319852203, 0.402517468,
          0.345783472, 0.132240593, 0.0141868535, 0.0275432635, 0.,
          0.0702499077, 0.0199971199, 0.0124622602, 0.0602888018,
          0.081498079, 0.179155335, 0.402517468, 0.402517468,
          0.402517468, 0.402517468, 0.389390409, 0.296520174,
          0.389390409, 0.389390409, 0.389390409, 0.101680711,
          0.0572033226, 0.0643898696, 0.00832745619, 0.0088285394,
          0.00291212834, 0.0813525617, 0.121750459, 0.0277279038,
          0.331568986, 0.389390409 ]
      - [ 0.426463455, 0.261915803, 0.393978477, 0.426463455,
          0.426463455, 0.192747906, 0.0564222038, 0.220481262,
          0.133484811, 0.127658412, 0.0752415806, 0.0167206824,
          0.0835878327, 0.0751235113, 0.118579902, 0.265731335,
          0.316677004, 0.0607689545, 0.283204645, 0.18585375,
          0.316677004, 0., 0.316677004, 0.316677004, 0.316677004,
          0.316677004, 0.125139326, 0.286627322, 0.13783142, 0.316677004,
          0.00494409818, 0.244068071, 0.367404461, 0.367404461,
          0.367404461, 0., 0., 0.0402506739, 0.0218579564, 0.0452292711,
          0.0866390988, 0.16117534, 0.0189343188, 0.156751126,
          0.351931959, 0.367404461, 0.367404461, 0.367404461,
          0.349480689, 0.349480689, 0.349480689, 0.349480689,
          0.349480689, 0.128797099, 0.155367821, 0.23186402,
          0.0469101667, 0.000957143435, 0., 0.000972460897, 0.0480248742,
          0.20628491, 0.349480689, 0.349480689 ]
      - [ 0.343792439, 0.24874939, 0.380854815, 0.380854815, 0.380854815,
          0.346759766, 0.380854815, 0.15616709, 0.129634023,
          0.00270074629, 0., 0., 0.0615295134, 0.036094252, 0.225301623,
          0.136498094, 0.487566233, 0.487566233, 0.124398388, 0., 0., 0.,
          0., 0.00563530158, 0.132666871, 0.250855446, 0.135965616,
          0.222561628, 0.272696763, 0.0571451634, 0.200705379,
          0.487566233, 0.318614632, 0.318614632, 0.0729678944,
          0.035080079, 0.0313303843, 0.164442256, 0.130692065,
          0.318614632, 0.302188456, 0.318614632, 0.189038292, 0.18420729,
          0.295561314, 0.307840943, 0.307365566, 0.318614632, 0.36233443,
          0.36233443, 0.254987985, 0.307740301, 0.0857450366,
          0.131108031, 0.36233443, 0.36233443, 0.36233443, 0.0143472543,
          0.128288388, 0.0118008433, 0.026853187, 0.0343777984,
          0.0754465088, 0.36233443 ]
      - [ 0.100033, 0.201178104, 0.165684134, 0.638188601, 0.638188601,
          0.209143803, 0.160220817, 0.0828161463, 0.0983740464, 0., 0.,
          0.0753176138, 0.0822768584, 0.0101407338, 0., 0.051338248,
          0.0742317587, 0.0181215238, 0., 0., 0., 0., 0.253517717,
          0.456690133, 0.456690133, 0.456690133, 0.340378493,
          0.376286209, 0.0955094397, 0.144074097, 0.0470278673,
          0.100453772, 0.380732834, 0.259879947, 0.0382801481,
          0.00845860504, 0.156721517, 0.196216255, 0.00279959501,
          0.170740306, 0.181657895, 0., 0.252681166, 0.346619993,
          0.195132375, 0.380732834, 0.380732834, 0.380732834,
          0.322950453, 0.322950453, 0.322950453, 0.322950453,
          0.209715217, 0.0245423988, 0.274674892, 0.322950453, 0.2215859,
          0.309811294, 0.100225724, 0.0443802401, 0.207417801,
          0.0320173688, 0.223196372, 0.322950453 ]
      - [ 0.419239283, 0.419239283, 0.419239283, 0.419239283,
          0.419239283, 0.0882781968, 0.105788089, 0.0686003342,
          0.0544785857, 0.0219508987, 0., 0., 0.010470177, 0.165513068,
          0.164555401, 0.18783389, 0.323175758, 0.323175758, 0.323175758,
          0.323175758, 0.23830162, 0., 0., 0.320966989, 0.114572853,
          0.0214866605, 0.153938293, 0.323175758, 0.260106683,
          0.269551724, 0.180856049, 0.323175758, 0.365919828,
          0.0254509188, 0.373891413, 0.373891413, 0.373891413,
          0.362893105, 0.160770446, 0.373891413, 0.166277707, 0., 0.,
          0.203098238, 0.126289204, 0.011068563, 0.00860981643,
          0.244865462, 0.175125346, 0.0848710239, 0.429736376,
          0.429736376, 0.232434362, 0.206326514, 0.429736376,
          0.429736376, 0.298549712, 0.138054341, 0.0250538234,
          0.00752568245, 0., 0.0266613998, 0.0457265191, 0.104251742 ]
      - [ 0.354844511, 0.316507339, 0.354844511, 0.354844511,
          0.354844511, 0.100241028, 0.354844511, 0.354844511,
          0.267029673, 0.0117478268, 0.201256484, 0.0738911852,
          0.00357183442, 0.00822830293, 0.00964801759, 0.114723325,
          0.201554969, 0., 0.00699582556, 0.0122679668, 0.0129701272, 0.,
          0., 0.0697925985, 0.356397986, 0.247869655, 0.356397986,
          0.356397986, 0.356397986, 0.356397986, 0.356397986,
          0.356397986, 0.36786589, 0.36786589, 0.36786589, 0.332493812,
          0.145030901, 0.160578907, 0.0124852862, 0.263990015,
          0.36786589, 0.0710701719, 0., 0.186273545, 0.211548358,
          0.0893221945, 0., 0.36786589, 0.352860659, 0.243586645,
          0.147725686, 0.352860659, 0.352860659, 0.352860659,
          0.352860659, 0.352860659, 0.144496948, 0.0232866574,
          0.0588393174, 0.0129839955, 6.13466109e-05, 0., 0.136713028,
          0.352860659 ]
      - [ 0.363001376, 0.363001376, 0.0530730225, 0., 0., 0.,
          0.215822473, 0.363001376, 0.327153891, 0.118685901, 0.33142668,
          0.363001376, 0.193361938, 0.0805937201, 0.115252733,
          0.363001376, 0.306121975, 0.338936299, 0.191679344, 0., 0.,
          0.316315591, 0.338936299, 0.338936299, 0.338936299,
          0.113915682, 0.338936299, 0.100490578, 0.0509309024,
          0.0444656685, 0.338936299, 0.221795008, 0.397080779,
          0.056548994, 0.0229095593, 0., 0., 0., 0.00606759172,
          0.050764218, 0.0563298948, 0.0281965323, 0.160299376,
          0.391238719, 0.0954554081, 0.46171245, 0.46171245, 0.46171245,
          0.507672548, 0.507672548, 0.145308241, 0.00508375093,
          0.0409909301, 0.342880368, 0.0555526949, 0.132561862,
          0.116070829, 0.0276561491, 0.0123487106, 0.0506245419,
          0.199804872, 0.061511524, 0.00556209031, 0.507672548 ]
      - [ 0.0871705189, 0.363630861, 0.487234443, 0.487234443,
          0.487234443, 0.242467195, 0.260833412, 0.0631010607,
          0.0891326815, 0.0308959447, 0., 0., 0., 0.0397471972,
          0.0198993739, 0.0378681645, 0.167704344, 0.130206123,
          0.132151946, 0., 0.0287523437, 0.384128064, 0.384128064,
          0.384128064, 0.384128064, 0.384128064, 0.00905193482,
          0.223056689, 0.247964278, 0.0415767282, 0.242194191,
          0.152683064, 0.320178092, 0.251695216, 0.285141259,
          0.320178092, 0.320178092, 0.320178092, 0.320178092,
          0.213764951, 0.320178092, 0.178421661, 0., 0.2774221,
          0.211050108, 0.101537913, 0.135130271, 0.0972407013,
          0.268049657, 0.515623391, 0.515623391, 0.515623391,
          0.308343381, 0.0684213191, 0.019321315, 0.0486407541,
          0.0305160694, 0.00994416606, 0., 0., 0.0104230708,
          0.0407615937, 0.00164809159, 0.141767129 ]
      - [ 0.314903051, 0.314903051, 0.291234136, 0., 0.212695122,
          0.120972574, 0.314903051, 0.314903051, 0.178313658,
          0.314366341, 0.314903051, 0.00839186087, 0.0711078942,
          0.314903051, 0.287716091, 0.196594968, 0.311352521,
          0.0224722344, 0., 0., 0., 0., 0.322567791, 0.332291216,
          0.332291216, 0.332291216, 0.0100173354, 0.228828922,
          0.332291216, 0.283225894, 0.332291216, 0.332291216,
          0.480909497, 0.081160903, 0.0209698118, 0.0396472774,
          0.00230105827, 0.00175885786, 0., 0.0459671207, 0.0987202451,
          0.0253300704, 0.201949775, 0.0906071365, 0., 0.480909497,
          0.480909497, 0.480909497, 0.402607501, 0.402607501,
          0.402607501, 0.03478444, 0., 0.00267613004, 0.0918885916,
          0.149913207, 0.342046648, 0.0553970858, 0.00601307629,
          0.0130096097, 0.115828149, 0.140332252, 0.402607501,
          0.402607501 ]
      - [ 0.333420038, 0.00962978043, 0.00155454909, 0., 0.0367186107,
          0.333420038, 0.176402599, 0.333420038, 0.333420038,
          0.186287954, 0.333420038, 0.333420038, 0.059777122,
          0.190996125, 0.333420038, 0.333420038, 0.253288805, 0.35644874,
          0.189632058, 0.00215016352, 0., 0., 0.152625248, 0.35644874,
          0.35644874, 0.35644874, 0.198583946, 0.176369682, 0.35644874,
          0.103911467, 0.35644874, 0.17131938, 0.465215266, 0.224116206,
          0.0200017262, 0., 0., 0., 0.00462544477, 0.0250628348,
          0.182540506, 0.0348502472, 0., 0., 0.368808985, 0.352482975,
          0.465215266, 0.465215266, 0.379787952, 0.379787952,
          0.287144393, 0.379787952, 0.0485121012, 0.141954422,
          0.00331744505, 0.177796483, 0.131923079, 0.0197414644,
          0.0103047537, 0.0932186916, 0.260006994, 0.210331589,
          0.379787952, 0.379787952 ]
      - [ 0.284441948, 0., 0., 0.326531351, 0.122371867, 0., 0.,
          0.326531351, 0.326531351, 0.326531351, 0.214133501,
          0.289885789, 0.156873927, 0.326531351, 0.326531351,
          0.326531351, 0.309844315, 0.244887128, 0.309844315,
          0.0770743638, 0.309844315, 0.039864067, 0., 0.309844315,
          0.309844315, 0.309844315, 0.098702237, 0.0292060841,
          0.309844315, 0.308327138, 0.236042246, 0.309844315,
          0.436859757, 0.0333454534, 0.000552982092, 0.00446362235,
          0.0155275343, 0.0248255581, 0.0369083434, 0.0175844356,
          0.0333980136, 0.105551645, 0.294026971, 0.0275780484,
          0.251752615, 0.461171687, 0.461171687, 0.461171687,
          0.384618312, 0.384618312, 0.384618312, 0.384618312,
          0.0975136906, 0., 0., 0.101123728, 0.187114403, 0.244521454,
          0.0852502733, 0.0226674266, 0.0604617633, 0.302836657,
          0.197019488, 0.384618312 ]
      - [ 0.340328097, 0.340328097, 0.0681297779, 0., 0., 0.0210596882,
          0.340328097, 0.340328097, 0.340328097, 0.340328097,
          0.340328097, 0.114339992, 0.029811088, 0.222288847,
          0.0394207872, 0.340328097, 0.332297206, 0.3373622, 0.047358308,
          0., 0., 0.106594443, 0.3373622, 0.3373622, 0.3373622,
          0.3373622, 0.281038225, 0.00399394706, 0., 0.3373622,
          0.163490042, 0.289820075, 0.450887769, 0.135197997, 0., 0., 0.,
          0.0592095889, 0.000588946685, 0.0119124567, 0.0567129776,
          0.0748055875, 0.0127225146, 0.381004661, 0.0789416507,
          0.450887769, 0.450887769, 0.450887769, 0.453936905,
          0.453936905, 0.125366658, 0.0015859931, 0.0113282325,
          0.02437374, 0.308906972, 0.14722313, 0.159173727, 0.0241706967,
          0., 0.055954773, 0.0874091685, 0.255072445, 0.376823664,
          0.453936905 ]
      - [ 0.450944424, 0.450944424, 0.450944424, 0.450944424,
          0.0826772675, 0.0476901829, 0.0398247615, 0.0203869734,
          0.00138949684, 0., 0.0100407405, 0.000452460925, 0., 0., 0.,
          0.4133735, 0.39259401, 0.233734727, 0.223835006, 0.218731359,
          0.0412372723, 0., 0.014211664, 0.39259401, 0.39259401,
          0.133179143, 0.123647399, 0.0494236574, 0.39259401,
          0.109518349, 0.153249025, 0.39259401, 0.398026317, 0.256981552,
          0.0976924077, 0.0145902233, 0.114098504, 0.0165533144, 0.,
          0.0331123136, 0.10394273, 0.398026317, 0.251235902,
          0.0565955713, 0.191277429, 0.398026317, 0.398026317,
          0.398026317, 0.325213045, 0.325213045, 0.325213045,
          0.325213045, 0.247569904, 0.325213045, 0.325213045,
          0.325213045, 0.264155895, 0.0632031187, 0.108586013,
          0.0183377769, 0.0567803085, 0., 0.0150791444, 0.325213045 ]
      - [ 0.427726328, 0.427726328, 0.427726328, 0.427726328,
          0.400258839, 0.0286859367, 0., 0.122710742, 0.258703381,
          0.0641623065, 0., 0., 0., 0., 0.0402744636, 0.12318258,
          0.353773683, 0., 0., 0.0323750116, 0.00623680186, 0., 0.,
          0.297602475, 0.297602475, 0.353773683, 0.353773683,
          0.353773683, 0.2579799, 0.353773683, 0.0274835285, 0.353773683,
          0.360354245, 0.364769906, 0.364769906, 0.364769906,
          0.364394784, 0.0557989888, 0.247053266, 0.364769906,
          0.150419474, 0.178023934, 0., 0.159046307, 0.0965586081, 0.,
          0.049534522, 0.214355618, 0.381591886, 0.381591886,
          0.381591886, 0.381591886, 0.381591886, 0.121460162,
          0.345303863, 0.266685069, 0.0599202439, 0.0427482203,
          0.0301577728, 0.0316262878, 0.00730447378, 0.0569780022,
          0.0535478629, 0.222537294 ]
      - [ 0.316744179, 0.316744179, 0.316744179, 0., 0., 0.245332867,
          0.316744179, 0.316744179, 0.316744179, 0.316744179,
          0.312218517, 0.188255712, 0.0187799726, 0.027541168, 0.,
          0.316744179, 0.296983689, 0.296983689, 0.296983689,
          0.296983689, 0.235060826, 0.129457399, 0.275444865,
          0.289632827, 0.296983689, 0.273889929, 0., 0.246718585,
          0.281821638, 0.144074276, 0., 0.296983689, 0.368048728,
          0.368048728, 0.150067762, 0.0600343272, 0.224358886,
          0.0477282442, 0.117178373, 0.368048728, 0.331955761,
          0.130418777, 0.267396718, 0.132185742, 0.0877144113,
          0.170250818, 0.330388039, 0.368048728, 0.486605167,
          0.486605167, 0.272625446, 0.238123968, 0.0243231319,
          0.153792828, 0.0997017473, 0.225016862, 0.200792104,
          0.00267567649, 0.0144456532, 0., 0.00812659506, 0.0570599735,
          0.158386424, 0.486605167 ]
      - [ 0.427693665, 0.427693665, 0.427693665, 0.427693665,
          0.427693665, 0.167881668, 0.0691854209, 0.00294590858,
          0.00294590858, 0., 0.0200257804, 0.01168379, 0.0604095235,
          0.0473742373, 0.139489576, 0.149136186, 0.425636023,
          0.425636023, 0.14572379, 0.029730659, 0.00244210847, 0., 0.,
          0.0303222705, 0.0303222705, 0.144822001, 0.379237503,
          0.265873522, 0.171243727, 0.201326966, 0.350636423,
          0.425636023, 0.311356336, 0.311356336, 0.136406139,
          0.311356336, 0.311356336, 0.311356336, 0.311356336,
          0.311356336, 0.311356336, 0.0561024696, 0., 0., 0.,
          0.149252057, 0.311356336, 0.283502549, 0.467103928,
          0.467103928, 0.467103928, 0.467103928, 0.205716416,
          0.0827939436, 0.00460939249, 0.0338695683, 0.0227147788, 0.,
          0., 0., 0., 0., 0.0307331048, 0.266058594 ]
      - [ 0.27490136, 0.295332849, 0.311745316, 0.311745316,
          0.00652890233, 0.311745316, 0.190880761, 0.311745316,
          0.311745316, 0.0442375392, 0.30982998, 0.0609980375,
          0.14344871, 0.00238749036, 0.311745316, 0.303723931,
          0.27193296, 0.0638099611, 0., 0., 0., 0.126343042, 0.365702122,
          0.365702122, 0.365702122, 0.224557638, 0.365702122,
          0.365702122, 0.0588748008, 0.0345362686, 0.365702122,
          0.211780757, 0.541858673, 0.140228719, 0.0509171486, 0., 0.,
          0.081707038, 0.0344953835, 0.014357999, 0.0999725759,
          0.0475924537, 0., 0., 0.18870388, 0.188570663, 0.541858673,
          0.541858673, 0.39802143, 0.39802143, 0.141205192,
          0.00313456194, 0.00312394067, 0.00694934977, 0.122533731,
          0.254755348, 0.179518059, 0.0391527601, 0.0018879514,
          0.132585958, 0.229466051, 0.39802143, 0.39802143, 0.39802143 ]
      - [ 0.129001826, 0.203288123, 0.546284139, 0.546284139,
          0.546284139, 0.161699012, 0., 0.0620307699, 0.0106967147,
          0.0460470356, 0.00387430028, 0., 0., 0., 0., 0.095151931,
          0.160530463, 0.0180231724, 0., 0., 0., 0.00357499858,
          0.0760746971, 0.386508882, 0.386508882, 0.386508882,
          0.386508882, 0.386508882, 0.30666697, 0.159187123, 0.225630194,
          0.216803998, 0.326286793, 0.252295315, 0.326286793,
          0.326286793, 0.326286793, 0.326286793, 0.326286793,
          0.326286793, 0.26003167, 0.26624456, 0.0264152102,
          0.00874375831, 0.111487962, 0., 0.00160913751, 0.190096155,
          0.337176412, 0.247206628, 0.337176412, 0.337176412,
          0.337176412, 0.337176412, 0.337176412, 0.290736437,
          0.213233784, 0.0450556092, 0.00490222592, 0., 0.0348690152,
          0.0221627131, 0.0771173686, 0.337176412 ]
      - [ 0.358279198, 0.358279198, 0.358279198, 0.358279198,
          0.358279198, 0.276700348, 0.164174169, 0.202187866,
          0.184467927, 0.00791795924, 0.000642654602, 0.108923554,
          0.0488258675, 0.0903329402, 0.159187362, 0.358279198,
          0.494176686, 0.375042886, 0.490660131, 0.0429819562, 0., 0.,
          0., 0.130466789, 0.225592569, 0.00198421185, 0.0753646567,
          0.161244065, 0.122093715, 0.035386987, 0.0873800963,
          0.494176686, 0.368110031, 0.00986571703, 0.342453897,
          0.18685542, 0.2437554, 0.025689844, 0.00927576888, 0.368110031,
          0.368110031, 0.0719062909, 0.02937207, 0.00849490799,
          0.142048493, 0.368110031, 0.282956719, 0.368110031,
          0.379258454, 0.379258454, 0.379258454, 0.379258454,
          0.379258454, 0.225110605, 0.00346914958, 0.202902704,
          0.202902704, 0., 0., 0., 0., 0.000792490144, 0.0329271257,
          0.378041744 ]
      - [ 0.197288707, 0.454556555, 0.593912065, 0.593912065,
          0.193249002, 0., 0.0220580474, 0.016294308, 0., 0., 0., 0., 0.,
          0., 0., 0.070462279, 0.413767427, 0.12757279, 0.116323397,
          0.304121286, 0., 0., 0., 0.265963197, 0.413767427, 0.413767427,
          0.131986529, 0.413767427, 0.0645819604, 0.0459417328,
          0.294233978, 0.0880056843, 0.506680667, 0.177892044,
          0.09062922, 0.0812436044, 0.0506740771, 0., 0.00832110364,
          0.0835583508, 0.123960666, 0.222778663, 0.00926082022, 0.,
          0.129072353, 0.294860572, 0.506680667, 0.506680667,
          0.370215327, 0.0142308334, 0.370215327, 0.00411438942,
          0.0111792162, 0.0287237111, 0.288402736, 0.231282935,
          0.169829175, 0.0782489479, 0.000333082426, 0.279719919,
          0.244865119, 0.370215327, 0.370215327, 0.370215327 ]
      - [ 0.435498208, 0.435498208, 0.435498208, 0.435498208,
          0.435498208, 0.20434843, 0.00314018107, 0.0277690645,
          0.00042223616, 0., 0., 0., 0.00484720152, 0.00830797292, 0.,
          0.068734698, 0.353295296, 0.13995491, 0.00262338831,
          0.000322432315, 0., 0., 0., 0.120624267, 0.185785174,
          0.353295296, 0.353295296, 0.353295296, 0.353295296,
          0.353295296, 0.232564956, 0.353295296, 0.339223921,
          0.339223921, 0.339223921, 0.339223921, 0.328745186,
          0.339223921, 0.00792510342, 0.339223921, 0.325576514,
          0.0458567813, 0., 0., 0., 0.08763659, 0.23740159, 0.160917878,
          0.360357523, 0.360357523, 0.360357523, 0.360357523,
          0.360357523, 0.316527039, 0.274393171, 0.189731345,
          0.0556170046, 0.109416462, 0.0108768167, 0., 0., 0.,
          0.00510041043, 0.347020745 ]
      - [ 0.248502702, 0.311917096, 0.54774636, 0.54774636, 0.42753908,
          0.166460589, 0.0774408281, 0.016848648, 0.039186094,
          0.0233561881, 0., 0., 0., 0.0141578419, 0.0660760701,
          0.109566107, 0.306839108, 0.0341563113, 0., 0., 0., 0., 0.,
          0.0856449902, 0.372844398, 0.372844398, 0.372844398,
          0.372844398, 0.328426212, 0.180015042, 0.241431773,
          0.372844398, 0.35931924, 0.384603471, 0.391044378, 0.391044378,
          0.0927554667, 0.0457730591, 0.391044378, 0.201682299,
          0.0945232436, 0.100859143, 0.191937596, 0., 0., 0.0010012429,
          0.00880777836, 0.391044378, 0.24712269, 0.27970618,
          0.327465326, 0.256533295, 0.327465326, 0.327465326,
          0.327465326, 0.28025949, 0.22145538, 0.311705112, 0.0145959351,
          0.00826013647, 0.218886733, 0.0414413996, 0.106264889,
          0.277000308 ]
      - [ 0.0349065661, 0.0182981361, 0.178534672, 0.488066435,
          0.493629903, 0.493629903, 0.447062135, 0.180887923,
          0.0276342556, 0., 0.00694716582, 0.0241745617, 0.,
          0.0284167733, 0.0324096195, 0.0159037746, 0.224677876,
          0.0509305336, 0.087459892, 0.0443484336, 0.0460403934, 0.,
          0.047713276, 0.620931923, 0.620931923, 0.344377369,
          0.0427741334, 0.0500577129, 0.0299989879, 0.153663382, 0.,
          0.090318501, 0.322718799, 0.113286115, 0.322718799,
          0.322718799, 0.322718799, 0.322718799, 0.322718799,
          0.201917514, 0.200217873, 0.255850941, 0.063436918,
          0.00358693232, 0.00165233051, 0.0201177411, 0.322718799,
          0.322718799, 0.4893848, 0.4893848, 0.4893848, 0.476279885,
          0.139856592, 0.0481346883, 0.0412378013, 0.0175655987,
          0.039361462, 0.00972231571, 0.018199319, 0.00242762081,
          0.081828095, 0.00213132682, 0., 0.131186798 ]
      - [ 0.153730869, 0.199255452, 0.373931289, 0.618054926,
          0.618054926, 0.0616004989, 0.00638615526, 0.00777623244,
          0.0225431845, 0.00100127375, 0., 0.0273535065, 0.0142975217,
          0., 0.000317025027, 0.146037757, 0.248305097, 0.123138562,
          0.390211016, 0.390211016, 0.0705699474, 0.115037419,
          0.188871175, 0.390211016, 0.390211016, 0.247532785, 0.,
          0.0933267325, 0.111797459, 0.134768575, 0.0585682653,
          0.390211016, 0.298953831, 0.298953831, 0.298953831,
          0.298953831, 0.298953831, 0.298953831, 0.298953831,
          0.267910063, 0.237957299, 0.298953831, 0.178534374,
          0.0392174199, 0.0258727372, 0.0248909742, 0.171905041,
          0.298953831, 0.12406411, 0.286086798, 0.582306325, 0.582306325,
          0.464797229, 0.00963239931, 0., 0.00869553722, 0.0369656198,
          0.017663287, 0., 0., 0.00157140323, 0.0214356706,
          0.00718118344, 0.019745158 ]
      - [ 0.339795232, 0.069506973, 0.100712568, 0.282153666,
          0.154311046, 0.000189735496, 0.0141724441, 0.339795232,
          0.339795232, 0.153090656, 0.035627991, 0.334191978,
          0.339795232, 0.339795232, 0.22102505, 0.339795232, 0.431052357,
          0.431052357, 0., 0., 0., 0., 0.0749860629, 0.255629867,
          0.36803937, 0.112555288, 0., 0.30747962, 0.316143095,
          0.0462596416, 0.150181293, 0.431052357, 0.430420369,
          0.430420369, 0.430420369, 0.313580066, 0.0841164961,
          0.125370681, 0.0269884951, 0.221312836, 0.101554781, 0.,
          0.0274119079, 0.248068511, 0.105834171, 0., 0.00407399051,
          0.430420369, 0.519886911, 0.519886911, 0.067145966,
          0.304326624, 0.27255556, 0.0204726588, 0.00273238099,
          0.0603399053, 0.0463874303, 0.0245199129, 0.0567547642,
          0.0473048799, 0., 0., 0.0164752137, 0.519886911 ]
      - [ 0.321686357, 0.321686357, 0.321686357, 0.0609570034,
          0.247374654, 0.321686357, 0.0141362455, 0.321686357,
          0.256459475, 0.143814772, 0.266034395, 0.167103291,
          0.321686357, 0.0747427717, 0.317335814, 0.139078423,
          0.225202143, 0., 0., 0., 0.00310492748, 0.0349999145,
          0.252140492, 0.329584926, 0.329584926, 0.329584926,
          0.329584926, 0.329584926, 0.326438516, 0.329584926,
          0.119314067, 0.329584926, 0.192707241, 0.362458438,
          0.362458438, 0.362458438, 0.29926756, 0.0104509704, 0.,
          0.217497259, 0.362458438, 0., 0.135567084, 0.110137761,
          0.28532511, 0.00193206442, 0.362458438, 0.231222108,
          0.555602551, 0.555602551, 0.152081832, 0.0270948894,
          0.0934108198, 0.0109843891, 0.0593529195, 0.0492522456,
          0.0874310285, 0.00191143481, 0.0169668384, 0.00910584815,
          0.00519416342, 0.0901038572, 0.116391532, 0.555602551 ]
      - [ 0.216489047, 0.527189195, 0.527189195, 0.527189195,
          0.0861524716, 0.256974906, 0.0503360927, 0.113075256,
          0.0602023862, 0.00904678833, 0.11483258, 0.0758321211,
          0.00908417162, 0., 0., 0.0507770516, 0.0586348735,
          0.0827353448, 0.111287445, 0.0326808617, 0.00805365574,
          0.278218538, 0.332435936, 0.332435936, 0.332435936,
          0.332435936, 0.293170035, 0.312829286, 0.332435936,
          0.332435936, 0.182178274, 0.12405774, 0.202544704, 0.101263128,
          0.042743884, 0.0692457631, 0.0207246132, 0.0597902946,
          0.023502389, 0.0264103301, 0.0272132512, 0.206281871,
          0.0561526679, 0.255625129, 0.452915817, 0.452915817,
          0.452915817, 0.452915817, 0.305514544, 0.0897887498,
          0.0753563195, 0.175340846, 0.0785913318, 0.305514544,
          0.183284134, 0.305514544, 0.305514544, 0.30293256, 0.305514544,
          0.2934587, 0.305514544, 0.305514544, 0.0211383495, 0.284579575 ]
      - [ 0.464023501, 0.464023501, 0.464023501, 0.464023501,
          0.312624335, 0.0349829756, 0.0705018416, 0.0426314026,
          0.00383106945, 0., 0., 0., 0., 0., 0.0987352729, 0.136326373,
          0.394095093, 0.072677128, 0.260326833, 0.403556913,
          0.0582985431, 0.215580717, 0.403556913, 0.403556913,
          0.403556913, 0.0652984083, 0., 0.0863027573, 0.0900517926,
          0.186251223, 0.092115216, 0.0574703142, 0.333066702,
          0.333066702, 0.333066702, 0.309633136, 0.143892244,
          0.0304291192, 0.327609092, 0.148171231, 0.333066702,
          0.225689515, 0.00259815739, 0.0234063827, 0.333066702,
          0.0922578722, 0.155832171, 0.333066702, 0.332476318,
          0.332476318, 0.332476318, 0.332476318, 0.332476318,
          0.287539363, 0.0983841568, 0.332476318, 0.233840927,
          0.0568722226, 0.150713116, 0.107292607, 0.0596800968,
          0.00318846456, 0.186607271, 0.332476318 ]
      - [ 0.312993139, 0.312993139, 0.312993139, 0.272482693,
          0.127910629, 0.312993139, 0.0226418972, 0.27291432,
          0.312993139, 0.312993139, 0.179707244, 0.113382973,
          0.0490073673, 0., 0.312993139, 0.312993139, 0.401067942,
          0.401067942, 0.401067942, 0.259716094, 0.206238002, 0.,
          0.0159163754, 0.0881658122, 0.21410726, 0.054463733,
          0.0222707465, 0.394625247, 0.121455356, 0.113414183,
          0.0437141359, 0.401067942, 0.406101078, 0.101051785,
          0.406101078, 0.26617375, 0.178112, 0.0358030088, 0.0943662226,
          0.0140941767, 0.0443977565, 0.192132175, 0.406101078,
          0.400741965, 0., 0.0999661461, 0.0602340512, 0.406101078,
          0.457326502, 0.457326502, 0.457326502, 0.457326502,
          0.275816709, 0.0474459194, 0., 0.017959591, 0.0292982291, 0.,
          0., 0., 0., 0., 0., 0.28166464 ]
      - [ 0.186535761, 0.362492621, 0.362492621, 0.362492621,
          0.362492621, 0.362492621, 0.0483851992, 0.362492621,
          0.362492621, 0.0509038605, 0., 0., 0., 0., 0.0158340242,
          0.191294044, 0.411343068, 0.0109820245, 0., 0.10767211,
          0.204930916, 0.0193059444, 0.337199748, 0.411343068,
          0.411343068, 0.233250901, 0.322603941, 0.106266968, 0., 0.,
          0.0886163414, 0.377981126, 0.536904335, 0.112887271,
          0.00607328722, 0.0290073808, 0.0275968835, 0., 0.0141540896,
          0.284098774, 0.0690681636, 0., 0.039349135, 0.136926055, 0.,
          0.0973447263, 0.536904335, 0.536904335, 0.6422171, 0.191384032,
          0.230300173, 0.00342718861, 0.208742887, 0.0115734283, 0.,
          0.0526933149, 0.156929836, 0.004851426, 0.0480612293,
          0.0469407588, 0.0332375392, 0.0406145975, 0.0249527059,
          0.6422171 ]
      - [ 0.428896666, 0.428896666, 0.428896666, 0.0612950884,
          0.00208910881, 0.00410373975, 0.334358931, 0.0675981194,
          0.0847415701, 0.265729368, 0.307806522, 0.115706719,
          0.126442924, 0.12519446, 0.0989137292, 0.31039235, 0.34493345,
          0.166177407, 0.0495927893, 0., 0., 0.00811311882, 0.0152251404,
          0.0718625635, 0.34493345, 0.34493345, 0.332989156, 0.34493345,
          0.34493345, 0.34493345, 0.131460786, 0.34493345, 0.370957524,
          0.330180377, 0.137280732, 0., 0.00469967537, 0.0416084044, 0.,
          0.0833921582, 0.289741755, 0.370957524, 0.00118240761,
          0.370957524, 0.242174685, 0.170509428, 0.370957524,
          0.370957524, 0.395769387, 0.395769387, 0.395769387,
          0.362031966, 0.375245184, 0.395769387, 0.138465896,
          0.236310616, 0.042025242, 0., 0., 0.0157102663, 0.00697556697,
          0., 0.00837341975, 0.143141046 ]
      - [ 0.427899987, 0.427899987, 0.427899987, 0.427899987,
          0.162695736, 0., 0., 0.102757812, 0.248444676, 0.177632451,
          0.0561840795, 0.00281738257, 0.00503614964, 0.100123301,
          0.00242326665, 0.346127868, 0.380242854, 0.25730896,
          0.00278708618, 0., 0.0092194248, 0.111651376, 0.211130813,
          0.380242854, 0.380242854, 0.156757876, 0.0592708662,
          0.0291479584, 0.380242854, 0.0156013155, 0.35063982,
          0.377349257, 0.466036707, 0.466036707, 0.200868547,
          0.0522083491, 0.261277288, 0.0637433678, 0., 0.115869738,
          0.156514764, 0.0146359364, 0.238872454, 0.0144511107,
          0.0518048927, 0.258943409, 0.251456529, 0.466036707,
          0.523271978, 0.523271978, 0.489331245, 0.0544278398,
          0.211819977, 0.0507808775, 0., 0.0462696031, 0.0612040497,
          0.0399195217, 0.102331832, 0., 0., 0.00553459395, 0.0187009461,
          0.372774214 ]
      - [ 0.321939319, 0.321939319, 0.0522687435, 0.291301191,
          0.321939319, 0.0262608826, 0.25493753, 0.321939319,
          0.321939319, 0.0710727498, 0.103191748, 0., 0.0287610311,
          0.321939319, 0.318544507, 0.321939319, 0.160218433,
          0.286483645, 0.379191339, 0.379191339, 0.379191339,
          0.379191339, 0.0972418115, 0.342436403, 0.379191339,
          0.147757009, 0., 0., 0., 0.0211436469, 0.119680054,
          0.0788500234, 0.324805319, 0.324805319, 0.185556516, 0.,
          0.105512351, 0.324805319, 0.0780604109, 0.324805319,
          0.304730386, 0.324805319, 0.0775830448, 0., 0.0472162627,
          0.324805319, 0.324805319, 0.324805319, 0.412654012,
          0.412654012, 0.412654012, 0.412654012, 0.173055276, 0.27769798,
          0.288073093, 0.131399989, 0.159501672, 0.071318239,
          0.0353437029, 0., 0., 0.096614182, 0.095883064, 0.239005983 ]
      - [ 0.135117322, 0.205714196, 0.415936768, 0.415936768,
          0.415936768, 0.165607348, 0.415936768, 0.089194566,
          0.00207794341, 0.0564284958, 0.0126003986, 0.0126971602,
          0.0532167479, 0.196053579, 0.266634613, 0.303320676,
          0.308223724, 0.264172226, 0.355557293, 0.355557293,
          0.355557293, 0.355557293, 0.0998217762, 0.193521991,
          0.101570107, 0.197974101, 0.14426291, 0.159527332, 0.355557293,
          0.122215539, 0.00654836977, 0.20344092, 0.388626099,
          0.13577266, 0.101617269, 0.388626099, 0.388626099, 0.387233078,
          0.0452989377, 0.388626099, 0.382998556, 0.00164223637,
          0.0796805322, 0., 0., 0., 0., 0.241237074, 0.0491537601,
          0.0455673933, 0.431020379, 0.109613717, 0.267066747,
          0.0703146607, 0.29339087, 0.502935588, 0.502935588,
          0.307101548, 0.113552757, 0., 0., 0.00536869932, 0.126214176,
          0.0359312817 ]
      - [ 0.388025284, 0.195854664, 0.0814092904, 0.0685746595,
          0.138560548, 0.0992432013, 0.388025284, 0.110278793,
          0.388025284, 0.208690882, 0.0563522428, 0.0534000434,
          0.355317146, 0.282295614, 0.217830911, 0.388025284,
          0.340115488, 0.0637914613, 0.0173571482, 0.0647411495,
          0.064123325, 0.320509464, 0.0418649726, 0.340115488,
          0.340115488, 0.12744683, 0.225999922, 0.340115488, 0.340115488,
          0.340115488, 0.048790399, 0.340115488, 0.569446266,
          0.259405971, 0.173323587, 0.037059091, 0.203797728,
          0.0262133814, 0.00499468297, 0.158991605, 0.0857353285, 0.,
          0.133253247, 0.148598716, 0.110887103, 0.319164753,
          0.134889796, 0.569446266, 0.522238195, 0.522238195,
          0.522238195, 0., 0.162706509, 0.0791475475, 0.00604445161,
          0.0518759862, 0.0538847744, 0., 0.0346752442, 0.0522039123,
          0.0451530367, 0.0199717861, 0.0335502736, 0.36156103 ]
      - [ 0.389614761, 0.389614761, 0.389614761, 0.389614761,
          0.389614761, 0.389614761, 0.136590257, 0.158545718,
          0.0111170327, 0., 0.0215255562, 0.0774682537, 0., 0.0165856443,
          0.102738865, 0.155233458, 0.345084876, 0.0487768315, 0., 0.,
          0., 0.13016817, 0.0565537438, 0.345084876, 0.345084876,
          0.169299394, 0.345084876, 0.340122759, 0.345084876,
          0.335655153, 0.0501951948, 0.345084876, 0.24237974,
          0.306823701, 0.306823701, 0.306823701, 0.185710177,
          0.306823701, 0.306823701, 0.306823701, 0.212188706,
          0.306823701, 0.00712034153, 0.000186772595, 0.149192885,
          0.306823701, 0.211540803, 0.196185723, 0.414951533,
          0.414951533, 0.414951533, 0.198774517, 0.110422596,
          0.0586684272, 0.0405199565, 0.0960493758, 0.236932054,
          0.0804293007, 0., 0., 0.0427096337, 0.0669886023, 0.414951533,
          0.414951533 ]
      - [ 0.3750422, 0.471189737, 0.471189737, 0.407431126, 0.184472382,
          0.00526326988, 0.183694661, 0.0654656515, 0.129452258,
          0.0937224403, 0.1928211, 0.0402409658, 0.021251848,
          0.128519997, 0.241958499, 0.180709943, 0.0588303991,
          0.0529220067, 0.0990891457, 0.0461108573, 0.0246453285,
          0.360068649, 0.397422254, 0.397422254, 0.397422254,
          0.0656866953, 0.397422254, 0.393379718, 0.206570476,
          0.0125058973, 0.0285041668, 0.114393085, 0.301782459,
          0.301782459, 0.301782459, 0.0431590378, 0.276769817,
          0.24790442, 0.0592901185, 0.301782459, 0.301782459,
          0.301782459, 0.234741047, 0.0744668171, 0.301782459,
          0.0390982516, 0.301782459, 0.250578374, 0.424160779,
          0.424160779, 0.424160779, 0.424160779, 0.0627347007,
          0.180836841, 0.379058212, 0.195162401, 0.0697910488,
          0.0550806299, 0., 0.0113606574, 0.130156383, 0.00159838679,
          0.0534781553, 0.172816187 ]
      - [ 0.313914001, 0.313914001, 0.313914001, 0.313914001,
          0.301093578, 0., 0.030133795, 0.313914001, 0.296452224, 0.,
          0.257626861, 0.109721273, 0.0418057255, 0.313914001,
          0.21785751, 0.313914001, 0.205631137, 0., 0., 0., 0., 0., 0.,
          0.33199057, 0.33199057, 0.33199057, 0.33199057, 0.33199057,
          0.33199057, 0.26954934, 0.33199057, 0.33199057, 0.442931861,
          0.0805015936, 0.0256054811, 0.12648052, 0.00838867575, 0.,
          0.0676967651, 0.0359398201, 0.0507010482, 0.195778832,
          0.231888682, 0.108151041, 0.274543077, 0.442931861,
          0.442931861, 0.442931861, 0.429238141, 0.429238141,
          0.429238141, 0.350155115, 0.429238141, 0.190991595,
          0.0578003898, 0.0329047255, 0.0308946986, 0., 0.029362116,
          0.0080919126, 0.00850358512, 0.0534314066, 0.0453402139,
          0.297246724 ]
      - [ 0.313532561, 0.371963352, 0.371963352, 0.371963352,
          0.371963352, 0.371963352, 0.0341613963, 0.104531206,
          0.305538714, 0.0750345811, 0.0939099491, 0.195355117,
          0.0146151567, 0.186073989, 0.0373198576, 0.109119728,
          0.0965013579, 0., 0., 0., 0., 0., 0.000684830185, 0.367694944,
          0.367694944, 0.367694944, 0.367694944, 0.367694944,
          0.367694944, 0.146708801, 0.367694944, 0.13817738, 0.354571909,
          0.354571909, 0.354571909, 0.150247008, 0.230822206,
          0.00629544398, 0.0597762018, 0.21448046, 0.0468414202,
          0.162624538, 0.0797987655, 0.0672672614, 0.354571909,
          0.354571909, 0.27772069, 0.354571909, 0.293856651, 0.441134602,
          0.441134602, 0.441134602, 0.441134602, 0.277779609,
          0.0318999887, 0.147019848, 0.0548308939, 0.00210024533,
          0.0151702566, 0.034263622, 0.00706832483, 0.00819116179,
          0.109070435, 0.120914705 ]
      - [ 0.366276473, 0.366276473, 0.366276473, 0.21986942,
          0.0776205361, 0.350284576, 0.0486245379, 0.125423715,
          0.366276473, 0.366276473, 0.0738014877, 0.157357469,
          0.211035088, 0.100859761, 0.00465054717, 0.21318543,
          0.367658705, 0.367658705, 0.00159685814, 0., 0., 0., 0.,
          0.0436318778, 0.0472835936, 0.104147382, 0.187423393,
          0.367658705, 0.367658705, 0.367658705, 0.367658705,
          0.367658705, 0.3641164, 0.3641164, 0.0552728586, 0.0937077925,
          0., 0., 0.0230518226, 0.0434538163, 0.0481259674, 0.253526688,
          0.288070858, 0.192471191, 0.3641164, 0.3641164, 0.3641164,
          0.3641164, 0.355821431, 0.355821431, 0.203971729, 0.355821431,
          0.22396715, 0.15193297, 0.314329118, 0.355821431, 0.355821431,
          0.0231068041, 0.0332592763, 0.0846108273, 0.0723029748,
          0.0535341464, 0.0790368617, 0.355821431 ]
      - [ 0.477405936, 0.477405936, 0.477405936, 0.477405936,
          0.213383257, 0.0674189553, 0.0961739942, 0.0273629725,
          0.000496502034, 0., 0., 0., 0., 0., 0., 0.153263807,
          0.358734101, 0.0989778042, 0.358734101, 0.0263410788, 0., 0.,
          0.251636535, 0.358734101, 0.358734101, 0.306119591,
          0.0461536273, 0.233632401, 0.3047086, 0.181106701,
          0.0555273816, 0.358734101, 0.359572351, 0.359572351,
          0.197368324, 0.359572351, 0.0351850316, 0., 0.236366987,
          0.227763221, 0.104630567, 0.359572351, 0.164648607,
          0.0843796432, 0., 0.359572351, 0.165950313, 0.359572351,
          0.390976518, 0.390976518, 0.0938674137, 0.181683198,
          0.390976518, 0.390976518, 0.390976518, 0.208572254,
          0.0349361822, 0., 0.206734076, 0.192447662, 0.0601187386,
          0.0541111529, 0.0661285743, 0.233554736 ]
      - [ 0.364930719, 0.364930719, 0.25584054, 0., 0.159369528,
          0.0161065683, 0., 0.364930719, 0.364930719, 0.131195828,
          0.0320861824, 0.0080272276, 0.364930719, 0.119441822,
          0.271334648, 0.364930719, 0.146668732, 0.0116062621, 0.,
          0.00844447874, 0.0149355363, 0.0436670966, 0.263210714,
          0.319555849, 0.343062252, 0.08822117, 0.343062252, 0.343062252,
          0.343062252, 0.343062252, 0.343062252, 0.295627683,
          0.413580596, 0.0507633165, 0.0342250876, 0., 0., 0., 0.,
          0.0187959783, 0.0664641187, 0.00623585703, 0., 0.161026448,
          0.248251393, 0.263436586, 0.573458672, 0.573458672,
          0.149614096, 0.0411093831, 0.0391419344, 0., 0.00229012687,
          0.0808689743, 0.196906671, 0.331427634, 0.331427634,
          0.216819063, 0.331427634, 0.331427634, 0.331427634,
          0.331427634, 0.331427634, 0.331427634 ]
      - [ 0.377113372, 0.377113372, 0.377113372, 0.377113372,
          0.377113372, 0.217039287, 0.199217632, 0.114573896,
          0.166487798, 0.187271416, 0.010769397, 0.0952606872,
          0.256442875, 0.0778026283, 0.107835278, 0.172670037,
          0.331307113, 0.331307113, 0.265238643, 0., 0., 0., 0.,
          0.238044411, 0.331307113, 0.323696792, 0.274142176,
          0.331307113, 0.237201244, 0.225125954, 0.184313238,
          0.331307113, 0.341891438, 0.341891438, 0.341891438,
          0.104922488, 0.151980057, 0.0592635162, 0.0616914779,
          0.341891438, 0.167582959, 0., 0.0781878009, 0.341891438,
          0.341891438, 0.341891438, 0.0513815694, 0.316375881,
          0.389794081, 0.479457766, 0.479457766, 0.479457766,
          0.293685794, 0.108061954, 0.0470200703, 0.000775065855,
          0.00401945598, 0.00014738446, 0., 9.80305995e-05,
          9.83639911e-05, 0.0330452919, 0.0405526534, 0.225254372 ]
      - [ 0.20916751, 0.170946911, 0.481664747, 0.482675403, 0.482675403,
          0.375512868, 0.231939882, 0.113873228, 0.0519302227,
          0.00748445606, 0.028157888, 0.0277232863, 0.0450972728,
          0.047987882, 0.0640868172, 0.0610098168, 0.304877281,
          0.276881039, 0.283602595, 0.198952809, 0., 0., 0.000990973203,
          0.304877281, 0.304877281, 0.304877281, 0.304877281,
          0.304877281, 0.303737968, 0.251042545, 0.144453526,
          0.257739753, 0.411764711, 0.411764711, 0.411764711,
          0.354441315, 0.0502795391, 0.0163146015, 0.0207548328,
          0.411764711, 0.0687461793, 0.00454370631, 0.0465376563,
          0.0710367188, 0.0144644175, 0.0497672968, 0.0680973753,
          0.411764711, 0.434135675, 0.0644897148, 0.434135675,
          0.434135675, 0.434135675, 0.17070663, 0.0542018935,
          0.0889029726, 0.07062383, 0.0125895366, 0., 0., 0.00300925528,
          0.0336145796, 0.0535532348, 0.434135675 ]
      - [ 0.370186567, 0.370186567, 0.370186567, 0.114465438,
          0.370186567, 0., 0.270059526, 0.11313764, 0.280450881,
          0.157383516, 0.232217118, 0.0272872839, 0.207130492,
          0.135185525, 0.0817283168, 0.3512339, 0.341914803, 0.341914803,
          0.341914803, 0.0270706546, 0., 0., 0., 0.266379237,
          0.341914803, 0.158346757, 0.247921407, 0.341914803,
          0.0376590751, 0.13636674, 0.341914803, 0.341914803,
          0.184462368, 0.318850726, 0.318850726, 0.318850726,
          0.0143962232, 0.186570868, 0.00454082387, 0.181999519,
          0.318850726, 0.318850726, 0.197975382, 0.318850726,
          0.118222587, 0.167720824, 0.318850726, 0.318850726,
          0.329794884, 0.329794884, 0.329794884, 0.329794884,
          0.310610473, 0.319428325, 0.329794884, 0.329794884,
          0.204825506, 0.000149800195, 0., 0., 0.000171742475,
          0.000509757607, 0.03013728, 0.320533097 ]
      - [ 0.416614532, 0.43643117, 0.43643117, 0.350298315, 0.225530744,
          0.0253167823, 0.0837057605, 0.112935632, 0.273582399,
          0.201285571, 0.0335541144, 0.304254681, 0.116974995,
          0.00674741482, 0.0848199576, 0.131035283, 0.313950151,
          0.313950151, 0.0310068391, 0.000524442585, 0.000522662012, 0.,
          0.00023770082, 0.107714072, 0.313950151, 0.313950151,
          0.313950151, 0.313950151, 0.313950151, 0.313950151,
          0.311795205, 0.313950151, 0.310362697, 0.310362697,
          0.310362697, 0.0959646627, 0.0300021395, 0.149023548,
          0.00563270971, 0.12692453, 0.0755613074, 0.291784197,
          0.310362697, 0.294944465, 0.310362697, 0.310362697,
          0.310362697, 0.310362697, 0.345524639, 0.345524639,
          0.345524639, 0.345524639, 0.345524639, 0.345524639,
          0.238255516, 0.144454449, 0.0678745061, 0.00139069895,
          7.33481138e-05, 0., 0., 0.0482662208, 0.30971697, 0.315797746 ]
      - [ 0.369288951, 0.369288951, 0.369288951, 0.369288951,
          0.205745399, 0.00820508413, 0.364223331, 0.0946563259,
          0.114490539, 0.251288474, 0.145659804, 0.197986096,
          0.186671302, 0.0308444314, 0.0714191347, 0.298711956,
          0.32174173, 0.32174173, 0., 0., 0.0149732353, 0.0662548095,
          0.272362649, 0.32174173, 0.32174173, 0.204021573, 0.32174173,
          0.32174173, 0.184178829, 0.119587637, 0.32174173, 0.32174173,
          0.310263187, 0.310263187, 0.310263187, 0.310263187,
          0.223439649, 0.236389682, 0.0286922194, 0.199624732,
          0.0443853624, 0.173583001, 0.285211593, 0.310263187,
          0.310263187, 0.214218676, 0.131308794, 0.310263187, 0.40359965,
          0.40359965, 0.40359965, 0.40359965, 0.319361269, 0.252164155,
          0.0207770988, 0.0538451858, 0.0769245625, 0.0163519457,
          0.00406894134, 0.00528961793, 0.000942051585, 0.00233882177,
          0.0797477216, 0.40359965 ]
      - [ 0.348043144, 0.348043144, 0.348043144, 0.348043144,
          0.306310654, 0.0858132616, 0.102857128, 0.340463996,
          0.348043144, 0.0452043153, 0.0208076369, 0.194121242,
          0.118639559, 0.11345122, 0.0988702476, 0.293744177,
          0.378570765, 0.378570765, 0.175174966, 0., 0., 0.,
          0.0241458379, 0.216116205, 0.378570765, 0.203507617,
          0.378570765, 0.0816509202, 0.241160214, 0.169412836,
          0.258306384, 0.378570765, 0.279287189, 0.316635609,
          0.176515505, 0.248282641, 0.0177943558, 0.177060559,
          0.00727270124, 0.108648419, 0.290511638, 0.316635609,
          0.0742665306, 0.316635609, 0.316635609, 0.316635609,
          0.316635609, 0.30174017, 0.516245246, 0.516245246, 0.516245246,
          0.092838347, 0.329305053, 0.0998824686, 0.0178550594,
          0.0495374501, 0.0185078606, 0., 0., 3.81295613e-05,
          3.82592334e-05, 0.002356807, 0.00395278679, 0.25523138 ]
      - [ 0.137193292, 0.478636891, 0.478636891, 0.478636891,
          0.478636891, 0.180196136, 0.0284060556, 0.00503526675,
          0.00503526675, 0.00299721584, 0.000930759707, 0., 0., 0., 0.,
          0.163358912, 0.306891918, 0.252854764, 0.247655883,
          0.120184496, 0., 0., 0.0769399852, 0.306891918, 0.306891918,
          0.306891918, 0.306891918, 0.306891918, 0.306891918,
          0.306891918, 0.0604697056, 0.306891918, 0.336841851,
          0.336841851, 0.336841851, 0.336841851, 0.219550386,
          0.336841851, 0.179561794, 0.336841851, 0.172212988,
          0.0984909609, 0.0589391403, 0.0178440996, 0.170083284,
          0.223273203, 0.00483188033, 0.336841851, 0.242211118,
          0.470906168, 0.470906168, 0.470906168, 0.470906168,
          0.146197826, 0.0324577577, 0.0343216769, 0.0928602591,
          0.0332900919, 0.00074511749, 0., 0.00555579644, 0.0825186595,
          0.00294957124, 0.0971273929 ]
      - [ 0.349511713, 0.241693377, 0.349511713, 0.0609270483, 0.,
          0.349511713, 0.0653962642, 0.120589666, 0.349511713,
          0.349511713, 0.128037497, 0.0640478507, 0.349511713,
          0.161054894, 0.118398353, 0.349511713, 0.343199521,
          0.116027258, 0., 0., 0., 0., 0.00529569294, 0.343199521,
          0.343199521, 0.197382867, 0.343199521, 0.292698771,
          0.343199521, 0.216156945, 0.324050546, 0.343199521,
          0.381135345, 0.381135345, 0.0469415598, 0.0799173117,
          0.0567945503, 0., 0.0490362458, 0.0721819326, 0.263061255,
          0.208945528, 0.219677866, 0.148827925, 0.381135345,
          0.259178042, 0.381135345, 0.381135345, 0.355109304,
          0.355109304, 0.355109304, 0.311530471, 0.0933203995,
          0.289428353, 0.328161597, 0.355109304, 0.237021014,
          0.0308603048, 0.032445427, 0.0133964485, 0.0790360123,
          0.00699268887, 0.0637274981, 0.355109304 ]
      - [ 0.261543006, 0.21887055, 0.302600652, 0.302600652, 0.16785942,
          0.302600652, 0.112542428, 0.302600652, 0.302600652,
          0.302600652, 0.0361256823, 0.302600652, 0.302600652,
          0.302600652, 0.043440666, 0.111929156, 0.00794779975, 0., 0.,
          0., 0.0264751203, 0.0308312103, 0.391529053, 0.391529053,
          0.391529053, 0.313841999, 0.391529053, 0.331644028,
          0.384460539, 0.132497713, 0.0842291862, 0.0157864783,
          0.46781978, 0.101184115, 0.0579128265, 0.00503754755,
          0.0708632991, 0.0671154782, 0.00307588279, 0.0715246573,
          0.0917910263, 0., 0.106399484, 0.192295507, 0.186850518,
          0.46781978, 0.46781978, 0.46781978, 0.356091976, 0.250935256,
          0.356091976, 0.182393327, 0.162912875, 0.0400576629,
          0.168115556, 0.356091976, 0.139209732, 0.0769203529,
          0.0155778779, 0.187606916, 0.149178877, 0.356091976,
          0.356091976, 0.356091976 ]
      - [ 0.0710164532, 0.0964460596, 0.501145422, 0.522732139,
          0.522732139, 0.395464808, 0.0691204742, 0.115586147,
          0.0681020692, 0., 0., 0.0142430784, 0.0180153642, 0., 0.,
          0.0556287728, 0.34231922, 0.294040173, 0.29478094, 0.,
          0.0354324542, 0.235252514, 0.0465880409, 0.34231922,
          0.34231922, 0.34231922, 0.131638393, 0.34231922, 0.0496016555,
          0.179157421, 0.0973331034, 0.34231922, 0.333699316,
          0.0125939595, 0.0729682669, 0.392950147, 0.392950147,
          0.392950147, 0.392950147, 0.392950147, 0.22777921, 0.,
          0.17171298, 0.0486377738, 0., 0.00802914146, 0.021752866,
          0.151377305, 0.460969895, 0.460969895, 0.460969895,
          0.460969895, 0.278048784, 0.156596377, 0.12774089,
          0.00495046936, 0.00495046936, 0., 0., 0., 0.0104086641,
          0.0608575642, 0.0122954827, 0.152509615 ]
      - [ 0.363811761, 0.363811761, 0.023634322, 0., 0., 0.00530407066,
          0.000324988127, 0.266457886, 0.363811761, 0.140777364,
          0.330985248, 0.0605756827, 0.363811761, 0.0924550891,
          0.348420143, 0.363811761, 0.211537763, 0.170130059,
          0.206736147, 0.00919984654, 0.00174102141, 0.135980621,
          0.328492016, 0.328492016, 0.328492016, 0.328492016,
          0.0942576751, 0.328492016, 0.328492016, 0.115604363,
          0.290015817, 0.328492016, 0.349161744, 0.349161744,
          0.349161744, 0.0546123497, 0.0648748651, 0.145114407,
          0.20252578, 0.296274215, 0.349161744, 0.121269882,
          0.0539799146, 0.0585736744, 0.0436104015, 0.313113302,
          0.330006868, 0.349161744, 0.337213814, 0.337213814,
          0.239865407, 0.137135997, 0.214544892, 0.337213814,
          0.337213814, 0.337213814, 0.259249657, 0.000518101384,
          0.0750936419, 0.155469954, 0.0175601467, 0.0210635215,
          0.306933403, 0.337213814 ]
      - [ 0.0759849921, 0.18113029, 0.0277151596, 0., 0.229246825,
          0.107540727, 0.121380024, 0.336905539, 0.336905539,
          0.226353511, 0.180716366, 0.336905539, 0.336905539,
          0.336905539, 0.336905539, 0.336905539, 0.219678685, 0., 0., 0.,
          0., 0., 0.0323858373, 0.406511545, 0.406511545, 0.108523801,
          0.406511545, 0.406511545, 0.14970246, 0.231595516, 0.180411786,
          0.406511545, 0.343584031, 0.366967499, 0.122380778,
          0.200190142, 0.105871432, 0.00204791268, 0.064557381,
          0.0630944967, 0.0518915467, 0.274144232, 0.221800536,
          0.059162166, 0.366967499, 0.366967499, 0.366967499,
          0.366967499, 0.412426561, 0.412426561, 0.412426561,
          0.398320705, 0.301794589, 0.0470838659, 0.098657608,
          0.165820926, 0.137488127, 0.0436758101, 5.79579355e-05,
          0.0437511951, 0.0166653469, 4.8220867e-05, 0.0575212277,
          0.412426561 ]
      - [ 0.441155583, 0.463210195, 0.463210195, 0.463210195,
          0.0796629116, 0.245721489, 0.071676299, 0.079908222,
          0.079908222, 0.0343605652, 0.122097462, 0.0182233583, 0.,
          0.0722986534, 0.115010828, 0.193792507, 0.334637552,
          0.279149473, 0., 0., 0., 0., 0., 0.334637552, 0.334637552,
          0.334637552, 0.0939456373, 0.334637552, 0.270837486,
          0.235511974, 0.330444545, 0.334637552, 0.377551585,
          0.377551585, 0.356170505, 0.0870241672, 0.141801059,
          0.0420508534, 0.0058350563, 0.112097941, 0.377551585,
          0.000390148984, 0.20447433, 0.0305183791, 0.258981466,
          0.0691593885, 0.377551585, 0.377551585, 0.474414498,
          0.474414498, 0.474414498, 0.295118719, 0., 0.0343100317,
          0.0379418731, 0.00558741763, 0.0144580565, 0.020226229,
          0.003263772, 0.0406662822, 0.0182156097, 0.0378175378,
          0.0346063487, 0.474414498 ]
      - [ 0.36033088, 0.36033088, 0.36033088, 0.334848613, 0.00887603499,
          0.266304225, 0.0373107344, 0.36033088, 0.0925996676,
          0.0657544658, 0.0643468127, 0.195486799, 0.169595376,
          0.217378527, 0.177273661, 0.36033088, 0.154903948,
          0.00262908195, 0., 0.0766526237, 0.294045001, 0.294045001,
          0.294045001, 0.294045001, 0.294045001, 0.294045001,
          0.294045001, 0.223702639, 0.229165003, 0.294045001,
          0.294045001, 0.294045001, 0.460619211, 0.460619211,
          0.460619211, 0.198875248, 0.118746474, 0.013027315,
          0.0264772046, 0.124077052, 0.152332827, 0.233365491,
          0.0832347572, 0.00858987495, 0., 0.284056246, 0.0761124119,
          0.343254149, 0.336631626, 0.336631626, 0.0144031364,
          0.311697185, 0.314096063, 0.170107335, 0.286883771,
          0.336631626, 0.193558246, 0.0803711414, 0.129670501,
          0.0990570784, 0.144192562, 0.177290708, 0.336631626,
          0.336631626 ]
      - [ 0.436638921, 0.436638921, 0.436638921, 0.436638921,
          0.124349616, 0.126155064, 0.000972755603, 0.0800939128,
          0.0477119572, 0., 0.0373105966, 0.0301344749, 0., 0., 0.,
          0.436638921, 0.351485223, 0.351485223, 0.230650455,
          0.0105500724, 0.0558517352, 0.0805180371, 0.0924379975,
          0.121324956, 0.107980393, 0.0194844231, 0.195233658,
          0.351485223, 0.344824135, 0.351485223, 0.351485223,
          0.351485223, 0.323695421, 0.323695421, 0.319544911,
          0.323695421, 0.221166775, 0.0444899239, 0.240089148,
          0.311520159, 0.323695421, 0., 0., 0.00309609133, 0.0551736802,
          0.323695421, 0.239476517, 0.323695421, 0.244596973, 0.13243337,
          0.375106543, 0.375106543, 0.375106543, 0.375106543,
          0.375106543, 0.358072251, 0.206807315, 0., 0., 0., 0.,
          0.0437938645, 0.114093915, 0.1715848 ]
      - [ 0.37354964, 0.37354964, 0.37354964, 0.37354964, 0.0325418301,
          0.000900296494, 0.193561748, 0.37354964, 0.253195286,
          0.022970302, 0.00306953862, 0.142772987, 0.111114085,
          0.0624035336, 0.352487594, 0.185818061, 0.357386678,
          0.357386678, 0., 0., 0., 0., 0., 0.0243776608, 0.357386678,
          0.356076688, 0.213502556, 0.357386678, 0.286076903,
          0.246421307, 0.205600128, 0.357386678, 0.331865251,
          0.331865251, 0.331865251, 0.0984335244, 0.0779661462,
          0.0322006233, 0.0833263844, 0.265779167, 0.331865251,
          0.0502848476, 0.0175014306, 0.331865251, 0.331865251,
          0.135596782, 0.331865251, 0.331865251, 0.394609094,
          0.394609094, 0.394609094, 0.394609094, 0.394609094,
          0.217830658, 0.102594979, 0.0546327718, 0.00596574042,
          0.00230880547, 0., 0., 0., 0.000102146107, 0.0275351163,
          0.394609094 ]
      - [ 0.124415189, 0.0411768891, 0.426524878, 0.56558907, 0.56558907,
          0.361402273, 0.044195924, 0.0348215587, 0.0668137521, 0., 0.,
          0., 0., 0., 0.0217445791, 0.129451737, 0.355975121,
          0.187083289, 0.0295280926, 0.160306007, 0.252218664,
          0.147233933, 0.459635466, 0.459635466, 0.459635466,
          0.0392036811, 0.129896998, 0., 0., 0.196059048, 0.0744368359,
          0.160137549, 0.373446405, 0.0364931785, 0.373446405,
          0.373446405, 0.373446405, 0.373446405, 0.0631005764,
          0.373446405, 0.350238591, 0.0180006027, 0.0995988399,
          0.0972610936, 0., 0., 0., 0.108680964, 0.445330292,
          0.400930703, 0.445330292, 0.445330292, 0.445330292,
          0.0900529623, 0.0551490225, 0.124081679, 0.0232929606,
          0.0117306672, 0.00981307495, 0.031209942, 0.0209768154,
          0.0400701575, 0.0240594037, 0.102993429 ]
      - [ 0.390288204, 0.390288204, 0.348697335, 0.307787657,
          0.00171293609, 0.146120086, 0.169718787, 0.246346578,
          0.390288204, 0.0774041712, 0.129014611, 0., 0., 0.177208975,
          0.0747928619, 0.390288204, 0.199100688, 0.262983561,
          0.198280767, 0.00369122182, 0., 0.0145824235, 0.174782291,
          0.371537089, 0.371537089, 0.371537089, 0.371537089,
          0.313664287, 0.333324611, 0.103673927, 0.173236564,
          0.122422934, 0.564284563, 0.0555868372, 0.0245346464, 0., 0.,
          0.0731195435, 0.0243141223, 0.0640257969, 0.0850927979,
          0.0453144014, 0.0459299237, 0.178864166, 0.0361118354,
          0.253032118, 0.484847039, 0.564284563, 0.15179345, 0.148515955,
          0.372395337, 0.372395337, 0.293340743, 0.372395337,
          0.372395337, 0.372395337, 0.239755809, 0.218592316,
          0.184452519, 0.0912678838, 0.117489561, 0.0324149653,
          0.0289039202, 0.0918313488 ]
      - [ 0.389121622, 0.389121622, 0.389121622, 0.129609153,
          0.250598341, 0.194978639, 0.181684226, 0.115851961,
          0.140451267, 0.0452600494, 0.23039709, 0.0106144603, 0.,
          0.00428799819, 0.389121622, 0.389121622, 0.136831865,
          0.203853235, 0.321306169, 0.243936971, 0.387366921,
          0.387366921, 0.240688577, 0.387366921, 0.380689114,
          0.00366372662, 0.308940828, 0.00331963692, 0., 0.0114907222,
          0.152079299, 0.0369374268, 0.432534695, 0.181693062,
          0.284450144, 0.0655348301, 0.0532150269, 0.261874974,
          0.177164957, 0.0638218671, 0.222022593, 0.0547446609, 0.,
          0.184690073, 0.270059079, 0.22360073, 0.432534695, 0.432534695,
          0.456386149, 0.456386149, 0.0325083286, 0.191075504,
          0.0670921281, 0., 0.0260531735, 0.271827847, 0.166309878,
          0.0409467779, 0.028907204, 0.0352597013, 0.0964868814,
          0.0701898038, 0.456386149, 0.456386149 ]
      - [ 0.269188523, 0.403988153, 0.452635527, 0.452635527,
          0.452635527, 0.237766251, 0.257845819, 0.0566508658,
          0.0855458453, 0., 0., 0.0251153614, 0.0143153295, 0., 0.,
          0.103887513, 0.370991111, 0.0840790495, 0., 0., 0.0063551669,
          0.0734970868, 0.105380982, 0.370991111, 0.370991111,
          0.24934797, 0.141175002, 0.370991111, 0.370991111, 0.230328202,
          0.149505764, 0.356366247, 0.407102346, 0.407102346,
          0.407102346, 0.0771471485, 0.207501933, 0.376764774,
          0.0116978493, 0.234477714, 0.20081754, 0.0354218744,
          0.257041276, 0., 0.00664768042, 0.0127599807, 0.063675046,
          0.375159949, 0.485935688, 0.485935688, 0.485935688,
          0.152125105, 0.106242947, 0.0995705649, 0.00955436006,
          0.0226738509, 0.00536688557, 0.0179790612, 0., 0.0363060609,
          0.0199893136, 0.0154582625, 0.0579183139, 0.485935688 ]
      - [ 0.172728837, 0.237247199, 0.178650588, 0.56898731, 0.56898731,
          0.368325084, 0.110602908, 0.00105891866, 0.00105891866,
          0.0295270309, 0.00410963036, 0., 0., 0., 0.0257596597,
          0.281667441, 0.355285615, 0.355285615, 0.0196645539,
          0.0369966663, 0.0331203528, 0., 0.0161593445, 0.201674566,
          0.355285615, 0.3208327, 0.0756124184, 0.355285615, 0.333765596,
          0.244486153, 0.204208523, 0.355285615, 0.401905984,
          0.401905984, 0.254917622, 0.00820930861, 0.0805596188,
          0.0273308735, 0.0586797707, 0.154036194, 0.213274479,
          0.150420099, 0.0575847104, 0.398370743, 0.0831487998,
          0.164961323, 0.384302765, 0.401905984, 0.302565396,
          0.420496613, 0.420496613, 0.148615226, 0.0597169362,
          0.23323366, 0.420496613, 0.420496613, 0.308768064,
          0.0319755115, 0.027986683, 0., 0., 0.0719074234, 0.0102434987,
          0.120475776 ]
      - [ 0.440822512, 0.440822512, 0.440822512, 0.440822512,
          0.361480176, 0., 0., 0.000296917395, 0.00324872625,
          0.024038041, 0., 0., 0., 0., 0., 0.295029044, 0.346691698,
          0.239272311, 0.169463381, 0.0152390059, 0.0675405189,
          0.074627094, 0., 0.346691698, 0.346691698, 0.0968270078,
          0.346691698, 0.221894324, 0.0150097776, 0.346691698,
          0.346691698, 0.346691698, 0.435659468, 0.435659468,
          0.435659468, 0.347745538, 0.110878095, 0.102474809,
          0.0304538254, 0.0552180782, 0.22900039, 0.0178217962,
          0.0386213437, 0.152111322, 0.106605604, 0., 0., 0.435659468,
          0.413092911, 0.413092911, 0.413092911, 0.351520211,
          0.154158413, 0.132916093, 0.215906367, 0.16842109, 0.143603995,
          0.0454098508, 0.0252834409, 0.0512073562, 0.20306097,
          0.0783059001, 0., 0.413092911 ]
      - [ 0.43399936, 0.43399936, 0.00527827768, 0.0368540734,
          0.111544468, 0.317984581, 0., 0.207361981, 0.43399936,
          0.13859494, 0.0503989644, 0.105926886, 0.0125060258, 0.,
          0.22622101, 0.43399936, 0.228864178, 0.301671952, 0.301671952,
          0.202977762, 0.301671952, 0.277837247, 0.238919333,
          0.301671952, 0.301671952, 0.200370327, 0.301671952,
          0.0303628016, 0., 0.00359877315, 0.301671952, 0.301671952,
          0.513654172, 0.513654172, 0.131801799, 0., 0.0556046516,
          0.00215916918, 0., 0.114524618, 0.380734116, 0., 0.0325927511,
          0.118124664, 0.0984207392, 0.00986416452, 0.00242451695,
          0.513654172, 0.481326431, 0.316104174, 0.0892166197,
          0.132852703, 0., 0.0156779606, 0.0046438314, 0.216121688,
          0.13305071, 0.0157334339, 0.00627762219, 0.0981327593,
          0.119388148, 0.292893916, 0.481326431, 0.481326431 ]
      - [ 0.411573231, 0.411573231, 0.411573231, 0.411573231,
          0.260977089, 0.00731453905, 0.0342020094, 0.411573231,
          0.145356268, 0., 0., 0.0815955102, 0.0145318229, 0.00525641628,
          0.0823282897, 0.211637884, 0.374059021, 0.0168875549,
          0.140328765, 0.0322373807, 0., 0., 0.0837534443, 0.374059021,
          0.374059021, 0.219795942, 0.374059021, 0.283499867,
          0.374059021, 0.00534593547, 0., 0.374059021, 0.328383058,
          0.260381371, 0.375876635, 0.375876635, 0.375876635,
          0.328158021, 0.282034189, 0.173918754, 0.173918754, 0., 0.,
          0.268241286, 0.0387779474, 0., 0.164505422, 0.220262319,
          0.365629166, 0.224885613, 0.339150637, 0.0183912981,
          0.365629166, 0.365629166, 0.00511882547, 0.107670508,
          0.075603731, 0.0555205308, 0.00018703856, 0.086664021,
          0.0193842147, 0.365629166, 0.365629166, 0.365629166 ]
      - [ 0.22717689, 0.214949042, 0.437701702, 0.437701702, 0.437701702,
          0.0085219061, 0.0556157567, 0.437701702, 0.201913878,
          0.0111962873, 0.0151878847, 0., 0.0739396513, 0.110188574,
          0.0615877993, 0.256498754, 0.351773649, 0.351773649,
          0.351773649, 0., 0., 0.0245002676, 0.0145221818, 0.227746129,
          0.351773649, 0.102433853, 0.351773649, 0.351773649,
          0.181849331, 0.18463397, 0.178168997, 0.303219229, 0.408284277,
          0.408284277, 0.408284277, 0.11535614, 0.0130001782,
          0.198891506, 0.158916131, 0.219782874, 0.219782874, 0.,
          0.332004786, 0.118310243, 0.0182641558, 0.0220225975,
          0.170870781, 0.408284277, 0.542419136, 0.542419136,
          0.542419136, 0.154683411, 0.0391236842, 0.0505334213,
          0.00991312787, 0.0358557366, 0.0211636238, 0.00337819033, 0.,
          0., 0.00587842753, 0.00213506445, 0.0428591929, 0.283191383 ]
      - [ 0.340764016, 0.271918684, 0.340764016, 0.340764016,
          0.340764016, 0.210637808, 0.0366084762, 0.117156774,
          0.237686962, 0.0579530708, 0., 0.0381102711, 0.122194208,
          0.329381615, 0.340764016, 0.31287542, 0.354996741, 0.354996741,
          0.354996741, 0.239714205, 0.137339547, 0.0461067557,
          0.173650935, 0.0423230417, 0.00410593068, 0., 0.0543244407,
          0.145384863, 0.354996741, 0.354996741, 0.325293094,
          0.354996741, 0.353421301, 0.353421301, 0.353421301,
          0.324330598, 0.353421301, 0.353421301, 0.0948223844,
          0.233375251, 0.162306905, 0., 0.254033238, 0.0426711105, 0.,
          0.0051058298, 0.0299450979, 0.331165045, 0.484378636,
          0.484378636, 0.484378636, 0.484378636, 0.0585108623, 0.,
          0.00564319268, 0.021982763, 0.0593393408, 0., 0., 0.0061571477,
          0.0781720579, 0.00702605117, 0., 0.207397267 ]
      - [ 0.371642292, 0.110485181, 0.371642292, 0., 0.00904557016,
          0.259253412, 0.0414474644, 0.346461266, 0.371642292,
          0.0122489128, 0.123015344, 0., 0.0371742807, 0.371642292,
          0.2962735, 0.371642292, 0.364984006, 0.364984006, 0.364984006,
          0.1217205, 0., 0., 0., 0.0053462619, 0.0362646654, 0.145112455,
          0.229283944, 0.364984006, 0.364984006, 0.188404262,
          0.267934859, 0.364984006, 0.361674905, 0.361674905,
          0.361674905, 0.131853938, 0.173015594, 0.00974822417,
          0.203705058, 0.152062371, 0.115069404, 0.0887214169,
          0.315063119, 0., 0.361674905, 0.152180493, 0.294573009,
          0.361674905, 0.536654651, 0.536654651, 0.536654651,
          0.0895538107, 0.0301522706, 0., 0.0320067219, 0.00903429929,
          0.00518398592, 0., 0., 0., 0., 0., 0.0161365047, 0.346876889 ]
      - [ 0.015806878, 0.0207660086, 0.162458003, 0.479506075,
          0.479506075, 0.479506075, 0.155664057, 0.479506075,
          0.154763207, 0., 0., 0., 0., 0., 0., 0.015806878, 0.0276379324,
          0.0853151977, 0.0323876217, 0.039453458, 0.0677436888, 0.,
          0.392848194, 0.445696831, 0.445696831, 0.445696831,
          0.445696831, 0.102318332, 0.0308089834, 0.0197003465,
          0.135941997, 0.0333439186, 0.408567756, 0.408567756,
          0.365884334, 0.408567756, 0.134223357, 0.0234113559,
          0.0996263996, 0.275970727, 0.0826546252, 0.00239240122,
          0.249831021, 0.0017636288, 0.00021660293, 0., 0.142937571,
          0.408567756, 0.375820398, 0.375820398, 0.335926861,
          0.375820398, 0.187326774, 0., 0.128602415, 0.162460744,
          0.0878326222, 0.00391429942, 0.00898208097, 0.0918403193,
          0.15741384, 0.24113442, 0.375820398, 0.375820398 ]
      - [ 0.127416015, 0.454860747, 0.454860747, 0.454860747,
          0.454860747, 0.330974072, 0.122813664, 0.0988043323,
          0.0215246025, 0.0757356361, 0.0340312272, 0.0409118198,
          0.0176478885, 0., 0.0570271388, 0.0681508332, 0.270970166,
          0.110551789, 0.114531651, 0., 0., 0., 0., 0.350888044,
          0.376906723, 0.376906723, 0.376906723, 0.376906723,
          0.376906723, 0.145681754, 0.149461314, 0.143153325,
          0.0756718889, 0.0911374837, 0.144901723, 0.593253076,
          0.593253076, 0.380859137, 0.104829378, 0.28457883, 0.119795822,
          0., 0., 0.0219864622, 0.051014401, 0., 0.00782223791,
          0.0249615181, 0.174629048, 0.188641816, 0.590342879,
          0.590342879, 0.432861924, 0.112325348, 0.0961072594,
          0.0920712128, 0.0540164821, 0.0301447157, 0.0344663449,
          0.00263529806, 0., 0., 0., 0.0910687298 ]
      - [ 0.430808336, 0.441985339, 0.441985339, 0.441985339,
          0.441985339, 0.0574605241, 0.0455609374, 0.0302485339,
          0.00060231745, 0., 0., 0., 0., 0., 0.0352996178, 0.145073026,
          0.318101376, 0.23086229, 0.318101376, 0.259634584,
          0.0969514325, 0., 0., 0.267489702, 0.267489702, 0.187612697,
          0.318101376, 0.318101376, 0.318101376, 0.051866021,
          0.280345112, 0.318101376, 0.343178332, 0.343178332,
          0.151735649, 0.343178332, 0.343178332, 0.205158368,
          0.145080835, 0.343178332, 0.279615313, 0., 0., 0.0884583816,
          0.343178332, 0., 0., 0.343178332, 0.402276844, 0.402276844,
          0.402276844, 0.402276844, 0.402276844, 0.0851786956,
          0.0560809039, 0.0219383277, 0.0386245474, 0.010931069,
          0.0181125533, 0.0074645048, 0.00260149571, 0.0346228629,
          0.104589596, 0.402276844 ]
      - [ 0.382816762, 0.406100363, 0.406100363, 0.406100363,
          0.406100363, 0.235306814, 0.148110956, 0.168423027,
          0.168423027, 0., 0.164975956, 0.0266615339, 0.128405958,
          0.0995111093, 0.0255864877, 0.026693413, 0.143224612,
          0.012227525, 0.00663004722, 0., 0., 0., 0., 0.239890426,
          0.385843724, 0.380530149, 0.385843724, 0.385843724,
          0.385843724, 0.385843724, 0.143552378, 0.0900207758,
          0.437765807, 0.289383262, 0.437765807, 0.437765807,
          0.0891211331, 0.104818493, 0.397418231, 0.175502509,
          0.175502509, 0.0118773105, 0.000248830969, 0.263942391,
          0.044436533, 0.0744756833, 0.0520724207, 0.135850072,
          0.404402703, 0.327418208, 0.404402703, 0.404402703,
          0.267442852, 0.0502976626, 0.168857709, 0.0392636284,
          0.0809938014, 0.064399533, 0.0388443358, 0.219616681,
          0.184072211, 0.154154345, 0.11129874, 0.404402703 ]
      - [ 0.433268189, 0.454117268, 0.454117268, 0.454117268,
          0.299433202, 0.0820812806, 0., 0.0942610353, 0.0518819951,
          0.0259473119, 0.00248750113, 0.0899285227, 0.027805509,
          0.0482800975, 0.00114131765, 0.263113558, 0.350924104,
          0.0219805129, 0.201225787, 0.350924104, 0.00214741961, 0., 0.,
          0.248048916, 0.350924104, 0.350924104, 0.0873116776,
          0.350924104, 0.350924104, 0.0160675272, 0.155146301,
          0.350924104, 0.269441664, 0.39827612, 0.39827612, 0.39827612,
          0.0894219503, 0.143167645, 0.00259809848, 0.205264136,
          0.39827612, 0.193653181, 0., 0.094401598, 0.0842734203,
          0.0432304777, 0.0877091438, 0.393975556, 0.372466028,
          0.389711231, 0.389711231, 0.389711231, 0.389711231,
          0.389711231, 0.0762894154, 0.0983279794, 0.0675629005,
          0.00112586899, 0., 0.00155952864, 0.036546547, 0.,
          0.0229400415, 0.275830984 ]
      - [ 0.202659354, 0.283661634, 0.283661634, 0.242120206,
          0.269676268, 0.283661634, 0.283661634, 0.283661634,
          0.283661634, 0.283661634, 0.0469192453, 0.0786580741,
          0.108256541, 0.283661634, 0.283661634, 0.283661634, 0.32236582,
          0.217358425, 0.290568441, 0.00408166926, 0., 0.028195573,
          0.275517404, 0.32236582, 0.32236582, 0.32236582, 0.300161839,
          0.0921735391, 0.32236582, 0.32236582, 0.0713343769,
          0.247351378, 0.364699781, 0.364699781, 0.364699781,
          0.364699781, 0.17777501, 0.00205672113, 0.121479236,
          0.364699781, 0.209614471, 0., 0.00848853216, 0.311536998, 0.,
          0., 0.104354419, 0.364699781, 0.464111179, 0.464111179,
          0.464111179, 0.338801533, 0.0493503399, 0.0203420576,
          0.00715261418, 0.00393998995, 0.0489445888, 0.0648355335,
          0.0035370707, 0.0686388388, 0.0662949532, 0.000933380914,
          0.0186036173, 0.464111179 ]
      - [ 0.269214064, 0.376037896, 0.376037896, 0.376037896,
          0.376037896, 0.376037896, 0.100974858, 0.105413862,
          0.105413862, 0., 0.00730779069, 0.10648758, 0.0487065837,
          0.286185384, 0.162755564, 0.249334142, 0.150528908,
          0.00840781908, 0., 0., 0., 0., 0., 0.0876249745, 0.374212205,
          0.374212205, 0.374212205, 0.374212205, 0.374212205,
          0.202950925, 0.366893381, 0.29979974, 0.131973535, 0.396757126,
          0.445944875, 0.445944875, 0.445944875, 0.30853039, 0.155247703,
          0.127704829, 0.12769419, 0., 0.106286071, 0.174632281, 0., 0.,
          0.0115610883, 0.174005046, 0.425667673, 0.425667673,
          0.425667673, 0.425667673, 0.06342002, 0.0563201681,
          0.0390907675, 0.0599625036, 0.0242016222, 0.000663092069,
          0.0188730378, 0.00381337805, 0.0534694158, 0.123590797,
          0.241608769, 0.425667673 ]
      - [ 0.152096644, 0.185398415, 0.469185829, 0.469185829,
          0.469185829, 0.441864848, 0.123502567, 0.0203185696,
          0.0915855095, 0.171048239, 0.0302968584, 0.00839892682,
          0.0171925239, 0.14454861, 0.0681808963, 0.0449331068,
          0.372844577, 0.372844577, 0.372844577, 0.147379041,
          0.175090134, 0.109299019, 0.0912903175, 0.352881998,
          0.372844577, 0.15164116, 0.185742766, 0.0597981066,
          0.130759746, 0.144286215, 0.0709830746, 0.372844577,
          0.325016946, 0.325016946, 0.325016946, 0.325016946,
          0.325016946, 0.325016946, 0.325016946, 0.325016946,
          0.196668118, 0.0606215671, 0.0049198065, 0., 0., 0.225759238,
          0.184096202, 0.156295255, 0.371146441, 0.476861328,
          0.476861328, 0.476861328, 0.274055362, 0.0439572372,
          0.000777036359, 0.00682277838, 0.00682277838, 0.,
          0.00316447043, 0.0311023835, 0.0298223719, 0., 0.0324727632,
          0.308615804 ]
      - [ 0.399663925, 0.120234676, 0.0799320266, 0.0104643609, 0., 0.,
          0.179646268, 0.139749214, 0.18344219, 0.112789407, 0.242803022,
          0.138807654, 0.399663925, 0.399663925, 0.399663925,
          0.399663925, 0.363765091, 0.0663442239, 0.0719279125,
          0.279803425, 0.390558451, 0.390558451, 0.0274609663,
          0.390558451, 0.390558451, 0.0041886433, 0.120324671,
          0.317280889, 0.00246625603, 0.0977781862, 0.036228992,
          0.197404012, 0.31601572, 0.194969699, 0.0471945331,
          0.0287038926, 0.0176150352, 0.00693705864, 0.00766826095,
          0.246205986, 0.31601572, 0.31601572, 0.31601572, 0.31601572,
          0.31601572, 0.309541136, 0.31601572, 0.31601572, 0.27173537,
          0.0493685901, 0.167167306, 0.0113972025, 0.174930453,
          0.147712007, 0.181154594, 0.299521536, 0.299521536,
          0.299521536, 0.299521536, 0.299521536, 0.299521536,
          0.299521536, 0.299521536, 0.299521536 ]
      - [ 0.383710355, 0.179310292, 0.400260508, 0.400260508,
          0.400260508, 0.295064002, 0.162819177, 0.168756753,
          0.0894571394, 0.248687968, 0.0884486586, 0., 0.09585388,
          0.0737884045, 0.214225024, 0.236097455, 0.289086878,
          0.24901779, 0.213795662, 0., 0., 0., 0., 0.109913573,
          0.331588686, 0.348701239, 0.348701239, 0.348701239,
          0.348701239, 0.257388055, 0.16110158, 0.323453009, 0.268940866,
          0.1043626, 0.484021097, 0.484021097, 0.484021097, 0.0447600558,
          0.0724284649, 0.364742905, 0.0855996907, 0.0805220753,
          0.0735996887, 0.0157371406, 0.150181875, 0.043220073,
          0.0748765916, 0.139011711, 0.110770099, 0.294167548,
          0.372930855, 0.372930855, 0.372930855, 0.372930855,
          0.372930855, 0.372930855, 0.210882708, 0., 0.0247371253,
          0.124929644, 0.0172176119, 0.00740653602, 0.0207562875,
          0.0391413532 ]
      - [ 0.269649267, 0.379470766, 0.472746521, 0.472746521,
          0.461024582, 0.0856345743, 0.0220463406, 0.00567823835,
          0.00567823835, 0., 0., 0., 0.0179933067, 0.00517079886,
          0.00566342287, 0.332837522, 0.334320575, 0.334320575,
          0.334320575, 0.0785810426, 0.182194218, 0.0501168817, 0.,
          0.154071555, 0.243987978, 0.242994368, 0.334320575,
          0.139877439, 0.334320575, 0.185771763, 0.296252042,
          0.334320575, 0.327646583, 0.0311002769, 0.327646583,
          0.327646583, 0.327646583, 0.312580615, 0.327646583,
          0.291001171, 0.235040411, 0.327646583, 0.0396507569,
          0.0296417922, 0.0316278525, 0.0133384168, 0.0550591126,
          0.327646583, 0.352745265, 0.343573958, 0.448827416,
          0.481760323, 0.481760323, 0.0489854664, 0.00406711223,
          0.104222693, 0.191241607, 0.0504868068, 0., 0., 0.0580017939,
          0.0387240574, 0.024884982, 0.170880422 ]
      - [ 0.383558542, 0.0532241389, 0.400768578, 0.400768578,
          0.400768578, 0.029351715, 0.0361255743, 0.400768578,
          0.138480768, 0.00815682858, 0.028817337, 0.0918043628,
          0.273877621, 0.187429383, 0., 0.250553936, 0.404387325,
          0.404387325, 0.404387325, 0.0723480061, 0.00594034279, 0.,
          0.0382812954, 0.0634719431, 0.301875979, 0.30055657,
          0.0512658954, 0.317348987, 0.16226913, 0.0893808454,
          0.109352306, 0.404387325, 0.32583034, 0.32583034, 0.32583034,
          0.0781181902, 0.038782876, 0.225817993, 0.120792814,
          0.32583034, 0.32583034, 0.292679608, 0.0255595762, 0.186327979,
          0.32583034, 0.0726772919, 0.23255229, 0.32583034, 0.36800164,
          0.36800164, 0.36800164, 0.36800164, 0.36800164, 0.265520513,
          0.0197421964, 0.36800164, 0.157577917, 0., 0., 0.0102451397,
          0.0208075643, 0.00651537906, 0.0170352403, 0.295262545 ]
      - [ 0.47800374, 0.47800374, 0.47800374, 0.168125629, 0., 0.,
          0.132459879, 0.137618631, 0.061664436, 0.00966633856, 0.,
          0.0345889479, 0.0568902902, 0., 0.0905312225, 0.47800374,
          0.325443804, 0.273946732, 0.0549123064, 0.00107714452,
          0.0269744135, 0.00553147821, 0.22621052, 0.325443804,
          0.325443804, 0.325443804, 0.198746219, 0.325443804, 0.29301849,
          0., 0.325443804, 0.325443804, 0.416591555, 0.416591555,
          0.416591555, 0.22536622, 0.0734599531, 0., 0.117729619,
          0.0406918451, 0.0636540875, 0.202713028, 0.0064025824,
          0.304247916, 0.138668448, 0.00566070573, 0.270053089,
          0.416591555, 0.324747652, 0.324747652, 0.324747652,
          0.324747652, 0.324747652, 0.324747652, 0.269120693,
          0.193057686, 0.12868619, 0.0320497863, 0.324747652,
          0.0542487465, 0., 0.0365507118, 0.146640375, 0.324747652 ]
      - [ 0.381672561, 0.381672561, 0.109930493, 0.0193287544,
          0.381672561, 0.0223259758, 0.0184375029, 0.381672561,
          0.351751447, 0.325323164, 0.00302887335, 0.000412792811, 0.,
          0.000427432475, 0.157945514, 0.381672561, 0.34803018,
          0.0653463006, 0., 0., 0., 0.0505553074, 0.34803018, 0.34803018,
          0.34803018, 0.34803018, 0.273519516, 0.0156871937,
          0.0424952768, 0.34803018, 0.254866302, 0.34803018, 0.362128675,
          0.362128675, 0.362128675, 0.0719525814, 0.0602709092,
          0.200009808, 0., 0.118858539, 0.10976816, 0.0923785567,
          0.0986802503, 0.226388097, 0.362128675, 0.355356008,
          0.264395684, 0.362128675, 0.348904192, 0.348904192,
          0.348904192, 0.305227101, 0.293055296, 0.348904192,
          0.0157006718, 0.229291037, 0.0975359529, 0.097164087,
          0.0120357573, 0.0105571635, 0.00658394909, 0.1224318,
          0.348904192, 0.348904192 ]
      - [ 0.368240505, 0.368240505, 0.368240505, 0.368240505,
          0.368240505, 0.368240505, 0.000708379317, 0.154303178,
          0.0902109891, 0.104191341, 0., 0.00362478895, 0.0613175668,
          0.00413952069, 0.0227955189, 0.368240505, 0.393105686,
          0.393105686, 0., 0., 0., 0., 0., 0.00212289137, 0.0166244861,
          0.326949656, 0.183065966, 0.393105686, 0.148006916,
          0.318586171, 0.337418377, 0.393105686, 0.320786089,
          0.320786089, 0.261100888, 0.320786089, 0.140359685,
          0.0433368534, 0.238939419, 0.320786089, 0.320786089,
          0.0804658532, 0., 0., 0.320786089, 0.320786089, 0.320786089,
          0.142286792, 0.442816794, 0.442816794, 0.442816794, 0.29191938,
          0.349026978, 0.0336745307, 0.0314451121, 0.011635934,
          0.0278646704, 0.0102635166, 0.00721980631, 0.0316163972,
          0.00126244337, 0., 0., 0.442816794 ]
      - [ 0.485766619, 0.485766619, 0.485766619, 0.198047534,
          0.0233148076, 0.0696096495, 0.0720924735, 0.0215568617,
          0.00186115608, 0., 0., 0., 0., 0., 0.0315275565, 0.485766619,
          0.161423624, 0.0732955113, 0.123684481, 0.221984059,
          0.255002528, 0.0583970584, 0.012437053, 0.0584750138,
          0.367156982, 0.367156982, 0.367156982, 0.367156982,
          0.208171487, 0.00382895535, 0.333084822, 0.367156982,
          0.376010835, 0.376010835, 0.23963213, 0.0779279768,
          0.0446701162, 0.0859211758, 0.0450915247, 0.376010835,
          0.316190869, 0.0622148775, 0.0425801463, 0.376010835,
          0.126557902, 0.169960633, 0.252688438, 0.376010835,
          0.441417307, 0.441417307, 0.265589327, 0.354810834,
          0.0204096232, 0.0139270267, 0.104067311, 0.213998258,
          0.199142069, 0.078684777, 0.00666989572, 0.00350490399,
          0.0810015798, 0.0791417137, 0.314083606, 0.441417307 ]
      - [ 0.317098141, 0.420766175, 0.420766175, 0.420766175,
          0.420766175, 0.109467551, 0.251480937, 0.153549135,
          0.149604306, 0.0501446761, 0., 0.0423689149, 0.0488186292,
          0.0128254304, 0.0323726013, 0.240788251, 0.397990972, 0., 0.,
          0., 0., 0.0252327006, 0.0160360131, 0.0748730674, 0.397990972,
          0.374461293, 0.0877117515, 0.397990972, 0.397990972,
          0.102308355, 0.19788529, 0.397990972, 0.309712172, 0.363242239,
          0.363242239, 0.363242239, 0.363242239, 0.272476971,
          0.212647259, 0.1960783, 0.196628839, 0.00448325323,
          0.111452527, 0.283609658, 0.0145144137, 0., 0., 0.288115442,
          0.546979308, 0.219863579, 0.175027162, 0.0352728553,
          0.0624732897, 0.0214014184, 0., 0.0332243443, 0.0435836166, 0.,
          0.00120326516, 0.041187454, 0.0685833395, 0.0547202379,
          0.546979308, 0.546979308 ]
      - [ 0.452495724, 0.461440891, 0.461440891, 0.461440891, 0.22760047,
          0.0432895236, 0.0700541735, 0.177000955, 0.0550941192,
          0.0533926524, 0.0306154471, 0.157423049, 0.0305229928,
          0.0656207278, 0.0174915269, 0.157459229, 0.330001205,
          0.149680912, 0.330001205, 0.330001205, 0., 0.00655822549,
          0.0727773458, 0.330001205, 0.330001205, 0.177755699,
          0.330001205, 0.28390345, 0.049314782, 0.0419824459,
          0.300433934, 0.330001205, 0.141025931, 0.297982067,
          0.297982067, 0.297982067, 0.297982067, 0.264641345,
          0.297982067, 0.264342815, 0.256359488, 0.297982067,
          0.0223488975, 0.27155146, 0.283351481, 0.0899623036,
          0.25957492, 0.0934970528, 0.309830457, 0.530560136,
          0.530560136, 0.530560136, 0.0982917473, 0.0258996543,
          0.00102845952, 0.00913445279, 0.0132590691, 0., 0., 0., 0., 0.,
          0.00849469565, 0.208710387 ]
      - [ 0.42397815, 0.42397815, 0.42397815, 0.405711383, 0.164695308,
          0., 0.0564040765, 0.42397815, 0.0925892591, 0., 0.00961679593,
          0.11172533, 0.0320960917, 0.0228862073, 0.207002699,
          0.127575144, 0.335553527, 0.0410611555, 0., 0., 0.0379635245,
          0.219195932, 0.219413012, 0.35994038, 0.35994038, 0.,
          0.0510188378, 0.35994038, 0.343028128, 0.35994038, 0.128199026,
          0.35994038, 0.345153153, 0.290809631, 0.345153153, 0.345153153,
          0.239879429, 0.0974287912, 0.0420239083, 0.224717528,
          0.345153153, 0.221953809, 0.0843311176, 0.22756739,
          0.270316333, 0.11511682, 0.0504410379, 0.345153153,
          0.540000141, 0.540000141, 0.325354069, 0.143297061,
          0.0565905608, 0.278481036, 0.168883279, 0.151494175,
          0.08917851, 0., 0., 0.0568910837, 0.0548281148, 0.0223783776,
          0.0442067496, 0.368972957 ]
      - [ 0.322564751, 0.421658516, 0.421658516, 0.421658516,
          0.383697212, 0.131471485, 0., 0.260848373, 0.0875900835, 0.,
          0., 0.102246918, 0.133895665, 0.076721333, 0.08428213,
          0.277052075, 0.341297477, 0.213361233, 0.341297477, 0., 0., 0.,
          0.00529079279, 0.0274360087, 0.0150706023, 0.167540684,
          0.326498896, 0.341297477, 0.341297477, 0.341297477,
          0.341297477, 0.341297477, 0.346883118, 0.346883118,
          0.346883118, 0.346883118, 0.346883118, 0.0254075285,
          0.0458225049, 0.346883118, 0.346883118, 0.146805584,
          0.0735462233, 0., 0.137458697, 0.171561986, 0., 0.276051283,
          0.35442552, 0.35442552, 0.35442552, 0.35442552, 0.35442552,
          0.35442552, 0.173642367, 0.0391387008, 0.0215154197,
          0.0474497154, 0.0198960286, 0., 0.0213776343, 0.35442552,
          0.154709697, 0.240730062 ]
      - [ 0.123389818, 0.339156181, 0.411253065, 0.411253065,
          0.411253065, 0.411253065, 0.106623083, 0.309515119,
          0.214070603, 0.0507773533, 0.0638706163, 0.0382955521, 0., 0.,
          0.100584425, 0.133743823, 0.36355114, 0.18043755, 0.313654721,
          0., 0.00133370981, 0.0950831696, 0.0244078692, 0.159204707,
          0.36355114, 0.339027524, 0.36355114, 0.36355114, 0.181931257,
          0.155455783, 0.144718602, 0.32957536, 0.345240086, 0.335169852,
          0.345240086, 0.345240086, 0.345240086, 0.0374460034,
          0.345240086, 0.345240086, 0.285365075, 0.0931908414, 0.,
          0.193672791, 0.0879307389, 0.00337785017, 0.0137205441,
          0.179183915, 0.191420227, 0.512851715, 0.512851715,
          0.512851715, 0.372852027, 0.097272858, 0.0587908253,
          0.0466287285, 0.0282807592, 0.025850106, 0.00553675648, 0., 0.,
          0., 0., 0.116515234 ]
      - [ 0.183658391, 0.217836976, 0.436429709, 0.436429709,
          0.436429709, 0.194888234, 0.436429709, 0.194119468,
          0.194119468, 0.0994411409, 0.0954404548, 0., 0., 0.,
          0.0582611822, 0.129752427, 0.0847528577, 0.0309364498,
          0.0658430606, 0.114832006, 0.225938901, 0.328502119,
          0.406566232, 0.406566232, 0.406566232, 0.331487328,
          0.256491512, 0.00814826414, 0.199755624, 0.15123409,
          0.0925531313, 0.261434734, 0.433269352, 0.00930742081,
          0.00600229157, 0.00286038453, 0.00465562241, 0.0230745599,
          0.0559185632, 0.0320996456, 0.0289179254, 0.0794317648,
          0.015596007, 0.105685435, 0.430689037, 0.446811289,
          0.446811289, 0.446811289, 0.347336382, 0.303894073,
          0.327923506, 0.320744306, 0.0061117108, 0.0678263158,
          0.197970182, 0.263432413, 0.273683161, 0.0898288786,
          0.0492882207, 0.0471350774, 0.17704685, 0.315665662,
          0.347336382, 0.347336382 ]
      - [ 0.0116961244, 0.00851032417, 0.172979027, 0.571930826,
          0.571930826, 0.537106335, 0.0969855934, 0.0982358679,
          0.0476629473, 0., 0., 0., 0., 0., 0., 0.0116961244,
          0.0837746635, 0.150601417, 0.0685316101, 0.0113581764,
          0.0726922974, 0.0959920734, 0.397629678, 0.429708302,
          0.429708302, 0.210884929, 0.146366224, 0.429708302,
          0.0949755982, 0.169195473, 0.0244087055, 0.361232162,
          0.112166621, 0.03518584, 0.156399935, 0.412857026, 0.412857026,
          0.205023333, 0.277656943, 0.412857026, 0.412857026,
          0.0250564031, 0., 0., 0.0693483874, 0.152411476, 0.0760396197,
          0.349593312, 0.454290211, 0.454290211, 0.454290211,
          0.454290211, 0.246397659, 0.0797911882, 0.0773349926,
          0.144578159, 0.0784649625, 0.061401289, 0.0488534048,
          0.00541209197, 0.0621734373, 0.0168708358, 0.0413385183,
          0.240374759 ]
      - [ 0.475146592, 0.475146592, 0.475146592, 0.475146592,
          0.245513871, 0.00636765268, 0.033404164, 0.0926076621,
          0.0272745304, 0.0487343967, 0.029178815, 0.00056435907,
          0.000566278351, 0., 0., 0.134967819, 0.368273228,
          0.00286017731, 0.000951986411, 0.000426003186, 0., 0., 0.,
          0.0449245274, 0.21183525, 0.0065445099, 0.368273228,
          0.368273228, 0.368273228, 0.368273228, 0.368273228,
          0.368273228, 0.362394542, 0.362394542, 0.362394542,
          0.362394542, 0.362394542, 0.340780497, 0.0357169434,
          0.0780370235, 0.176887289, 0.0676945373, 0.229547411, 0.,
          0.000535479456, 0.0101908799, 0.0155905299, 0.356822878,
          0.350874603, 0.0404943861, 0.360559702, 0.360559702,
          0.360559702, 0.360559702, 0.360559702, 0.360559702,
          0.146847054, 0.07687556, 0.00657435693, 0.0425902419,
          0.00175034185, 0.0824214742, 0.0209606104, 0.234644935 ]
      - [ 0.156296805, 0.317399561, 0.519699514, 0.519699514,
          0.519699514, 0.15242976, 0.139246121, 0.0779135227,
          0.00166267494, 0.014267955, 0.0492395125, 0.00348766986,
          0.00958756357, 0.0665468052, 0.0353738219, 0.0476054996,
          0.341041178, 0.208019972, 0.274085343, 0.341041178,
          0.0196954533, 0.136843398, 0.0610868298, 0.341041178,
          0.341041178, 0.155765146, 0.309778422, 0.33286041,
          0.0153195048, 0.0361203514, 0.203089923, 0.341041178,
          0.410420984, 0.108868733, 0.00627404591, 0.410420984,
          0.410420984, 0.410420984, 0.246782124, 0.410420984, 0.2320337,
          0., 0., 0., 0.0372708105, 0.0184639618, 0., 0.159091771,
          0.193235949, 0.188568935, 0.310128659, 0.566144228,
          0.566144228, 0.396859825, 0.117818393, 0.0601098798,
          0.0151367569, 0.000842883543, 0., 0.000516014232,
          0.00745393941, 0., 0.0703811944, 0.0632345006 ]
      - [ 0.254092634, 0.434810489, 0.434810489, 0.434810489,
          0.434810489, 0.0348056033, 0., 0.228001684, 0.156531319,
          0.067595385, 0.18107982, 0., 0.00493875286, 0.000762354292,
          0.0273503214, 0.242945358, 0.129496574, 0.0408836715,
          0.150898799, 0., 0., 0., 0.10935495, 0.445708573, 0.445708573,
          0.445708573, 0.0502350479, 0.445708573, 0.0626153722, 0.,
          0.120357916, 0.356122643, 0.517060459, 0.517060459,
          0.104162626, 0.0245510638, 0.0672407299, 0.00580402883,
          0.0908759385, 0.273155421, 0.131847531, 0.0829085782,
          0.00572443753, 0.00299240649, 0.194546968, 0.17110838,
          0.0497554876, 0.517060459, 0.468389899, 0.468389899,
          0.0347543284, 0.0602889173, 0.319149405, 0.049510695,
          0.00735281827, 0.18794854, 0.145231292, 0.0392976552,
          0.150407299, 0.103812277, 0.0386892445, 0.0354617685,
          0.365834951, 0.468389899 ]
      - [ 0.159091815, 0.108265266, 0.425518572, 0.425518572,
          0.425518572, 0.425518572, 0.192535415, 0.331562549,
          0.167786881, 0.183722779, 0.0264888983, 0.0460410528, 0.,
          0.137450889, 0.0409884341, 0.046360597, 0.303060532,
          0.348429441, 0.264094114, 0., 0., 0., 0., 0.330948204,
          0.348429441, 0.348429441, 0.348429441, 0.262991101,
          0.142063335, 0.083454594, 0.148573667, 0.348429441,
          0.344907284, 0.344907284, 0.270389169, 0.00648816023,
          0.107013933, 0.0913825333, 0., 0.168751597, 0.187435374,
          0.0613150261, 0.309815079, 0.162722498, 0.344907284,
          0.344907284, 0.344907284, 0.344907284, 0.373775244,
          0.373775244, 0.373775244, 0.0950990021, 0.282709658,
          0.150157154, 0.248465136, 0.373775244, 0.373775244,
          0.222148821, 0.0219751541, 0.00411217893, 0.0692611039,
          0.0102656558, 0.013662247, 0.263697386 ]
      - [ 0.0794286728, 0.119609386, 0.548872173, 0.548872173,
          0.548872173, 0.215815172, 0.102901094, 0., 0., 0.,
          0.00467559649, 0.0431688726, 0.0116071366, 0.0478600264,
          0.00270624296, 0.0929443091, 0.397879124, 0.276156217,
          0.159894079, 0., 0., 0.0058585736, 0.11589846, 0.397879124,
          0.397879124, 0.224012867, 0.137028098, 0.307303756,
          0.095143646, 0.22148864, 0.161230847, 0.397879124, 0.470482826,
          0.171992168, 0.0901674628, 0.0803350657, 0.150926277,
          0.057119973, 0.130138293, 0.133976996, 0.181004018,
          0.0379772335, 0.103358559, 0.051671885, 0.027865978, 0.4216775,
          0.470482826, 0.470482826, 0.46560511, 0.46560511, 0.419142306,
          0.357921332, 0.0571736209, 0., 0., 0.056746874, 0.0983242244,
          0., 0., 0.0109842066, 0.00593951298, 0.0298096593, 0.154905453,
          0.46560511 ]
      - [ 0.264046311, 0.365827322, 0.365827322, 0.365827322,
          0.251154989, 0.365827322, 0.0959870517, 0.365827322,
          0.365827322, 0.0433261022, 0.00894520152, 0., 0., 0.158843324,
          0.116498716, 0.102927648, 0.356536895, 0.198852539,
          0.0448304452, 0., 0., 0., 0.356536895, 0.356536895,
          0.356536895, 0.356536895, 0.0915851295, 0.356536895,
          0.0219526161, 0.116620973, 0.206362799, 0.356536895,
          0.373511642, 0.373511642, 0.174573228, 0.00333171082,
          0.0637847632, 0.0701052621, 0., 0.0614495389, 0.290545255,
          0.170354113, 0.0256022792, 0.324166447, 0.190501839,
          0.373511642, 0.373511642, 0.373511642, 0.364341348,
          0.364341348, 0.199333593, 0.199015424, 0.364341348,
          0.211689591, 0.272830069, 0.364341348, 0.283106983,
          0.016859835, 0.105206862, 0.0380476788, 0.0109689692,
          0.0214410927, 0.222624689, 0.351709872 ]
      - [ 0.328848988, 0.328848988, 0.328848988, 0.328848988,
          0.0671333075, 0.237116411, 0.328848988, 0.328848988,
          0.328848988, 0., 0., 0.327553689, 0.0646889731, 0.139803767,
          0.000117547766, 0.219021276, 0.188430756, 0.187061548,
          0.0842364803, 0.0313033313, 0.0399602726, 0.0290258657,
          0.237175405, 0.43732816, 0.43732816, 0.43732816, 0.114719719,
          0.0308523215, 0.347053826, 0.216818348, 0.255835772,
          0.193848908, 0.471478611, 0.423215091, 0.00211374322, 0.,
          0.024872724, 0.0833180323, 0.115054123, 0.0844579563,
          0.161741659, 0.0982674733, 0.147296831, 0.00898351148,
          0.0479762629, 0.419799864, 0.327921391, 0.471478611,
          0.419743925, 0.419743925, 0.260261565, 0.190302819,
          0.337986052, 0.0730855018, 0.419743925, 0.0764908493,
          0.0813920274, 0.0871744826, 0.00360052311, 0.170200095,
          0.124086224, 0.0110597778, 0.0544434823, 0.419743925 ]
      - [ 0.380357832, 0.382077903, 0.382077903, 0.382077903,
          0.382077903, 0., 0., 0.285121262, 0.361059755, 0.165163085, 0.,
          0., 0., 0.0764523372, 0.0907286033, 0.120676979, 0.268705517,
          0.10744302, 0.00613301061, 0., 0., 0., 0., 0.139995903,
          0.405140549, 0.405140549, 0.150320604, 0.405140549,
          0.171385825, 0.405140549, 0.360185981, 0.233046979,
          0.423693031, 0.239225134, 0.274816692, 0.0391832553,
          0.0139496308, 0., 0.00445123482, 0.0274362434, 0.0675665364,
          0.127181172, 0.0753789991, 0.135595411, 0.312475234,
          0.423693031, 0.423693031, 0.423693031, 0.306570619,
          0.301779687, 0.306570619, 0.306570619, 0.306570619,
          0.306570619, 0.306570619, 0.306570619, 0.306570619,
          0.0350973681, 0.161540374, 0.0790653229, 0.0476725549,
          0.169829905, 0.154466122, 0.255789071 ]
      - [ 0.350256979, 0.350256979, 0.157779381, 0.311266005,
          0.350256979, 0.0538885146, 0.162386715, 0.350256979,
          0.349618405, 0.277785778, 0.350256979, 0., 0., 0.0546952374,
          0.10865362, 0.133609042, 0.333230585, 0.107881412,
          0.0859818012, 0.00755186612, 0., 0., 0.0129990876, 0.333230585,
          0.333230585, 0.333230585, 0.333230585, 0.333230585,
          0.283790529, 0.236722022, 0.252072453, 0.333230585,
          0.446384192, 0.241741106, 0.0010295359, 0.00358253135, 0.,
          0.0253285486, 0.0111775883, 0.135151356, 0.331178039,
          0.134075671, 0.211832702, 0.0238782745, 0.149493933,
          0.446384192, 0.353316754, 0.446384192, 0.378658116,
          0.378658116, 0.128373682, 0.25497207, 0.210788816, 0.234009951,
          0.378658116, 0.378658116, 0.265526205, 0.0756832808,
          0.071951434, 0.0282788295, 0.0504082032, 0.102831081,
          0.0574454926, 0.378658116 ]
      - [ 0.073702991, 0.084940128, 0.456895441, 0.615860939,
          0.615860939, 0.090395309, 0.0227564294, 0.0023895849,
          0.00162043131, 0., 0., 0.0103923054, 0.0142381908, 0.,
          0.0233589076, 0.065781191, 0.394126683, 0.394126683,
          0.124273226, 0.0328307822, 0.00208300329, 0., 0.061042551,
          0.394126683, 0.394126683, 0.170610204, 0.203913853,
          0.296527833, 0.176545411, 0.0275897197, 0.0926509723,
          0.394126683, 0.374259084, 0.0663527548, 0.0209346823,
          0.0189163275, 0.178846225, 0.184584469, 0.249135837,
          0.29974544, 0.374259084, 0.284108937, 0.207454264,
          0.0436019823, 0.0158588514, 0.3146936, 0.357686043,
          0.374259084, 0.35202691, 0.35202691, 0.35202691, 0.254419386,
          0.341721684, 0.35202691, 0.35202691, 0.35202691, 0.148312375,
          0.00627726223, 0.0440361388, 0.00348661677, 0.000231568934, 0.,
          0.0363167264, 0.21479325 ]
      - [ 0.208729982, 0.521927595, 0.521927595, 0.521927595, 0.32815665,
          0.133416057, 0.00644367188, 0.00433117477, 0.00433117477, 0.,
          0., 0., 0., 0., 0., 0.0918068886, 0.321226686, 0.147752196, 0.,
          0., 0., 0., 0.0208338276, 0.321226686, 0.321226686,
          0.321226686, 0.321226686, 0.321226686, 0.21411708, 0.321226686,
          0.321226686, 0.321226686, 0.331428498, 0.331428498,
          0.331428498, 0.331428498, 0.297109634, 0.0649482757,
          0.331428498, 0.331428498, 0.317661643, 0.0519153327,
          0.16777809, 0.288595468, 0., 0., 0., 0.173453256, 0.484784365,
          0.484784365, 0.484784365, 0.0685177743, 0.020211203,
          0.167528093, 0.00968443695, 0.0760244727, 0.0842676163,
          0.00183710037, 0.0563323423, 0., 0.0496931523, 0.00206555845,
          0.0574524254, 0.484784365 ]
      - [ 0.456564158, 0.456564158, 0.456564158, 0.456564158,
          0.340533555, 0.0474874899, 0.015881151, 0.0762208328,
          0.0527794585, 0., 0.114630692, 0.0256456491, 0.0300139245, 0.,
          0.0062676589, 0.14082785, 0.252270281, 0.0213628057, 0., 0.,
          0., 0.0581284575, 0.044937063, 0.379962862, 0.379962862,
          0.379962862, 0.379962862, 0.379962862, 0.379962862,
          0.101241663, 0.167028621, 0.14943254, 0.211238623, 0.362181902,
          0.362181902, 0.362181902, 0.362181902, 0.210558742, 0.17867063,
          0.345336407, 0.11913003, 0.157002434, 0.0814755559, 0.18737784,
          0.0434689149, 0., 0.133736968, 0.362181902, 0.324328512,
          0.324328512, 0.324328512, 0.324328512, 0.0934781432,
          0.131332576, 0.0134127093, 0.234509334, 0.143324107,
          0.108883493, 0.198016465, 0.049785465, 0.324328512,
          0.324328512, 0.324328512, 0.324328512 ]
      - [ 0.30942443, 0.30942443, 0.30942443, 0.272152036, 0., 0., 0.,
          0.297384143, 0.30942443, 0.308263689, 0.30942443, 0.0688819885,
          0.0288273115, 0.252185553, 0.30942443, 0.30942443, 0.074857004,
          0.163632914, 0.0162033122, 0., 0., 0., 0.0462360978,
          0.462753117, 0.462753117, 0.0835415274, 0.462753117,
          0.126235515, 0.462753117, 0.0730486512, 0.247923404,
          0.119665749, 0.351969033, 0.351969033, 0.351969033,
          0.0877279267, 0.33107698, 0.0111528644, 0.209583491,
          0.191938341, 0.0944987386, 0.28455165, 0.151609033, 0.,
          0.21897845, 0.351969033, 0.134305209, 0.351969033, 0.465210974,
          0.2600815, 0.0249855816, 0.00977844838, 0.169599473,
          0.171293825, 0.00275445078, 0.176406205, 0.271880865,
          0.238146991, 0.0766234919, 0.0581623614, 0.212314278,
          0.0930401459, 0.459668607, 0.465210974 ]
      - [ 0.333503693, 0.333503693, 0.163670301, 0.333503693,
          0.223155573, 0.0791907459, 0.333503693, 0.333503693,
          0.333503693, 0.225698888, 0., 0.228628948, 0.152089864,
          0.000270225282, 0.0943105444, 0.333503693, 0.285149992,
          0.0546595529, 0., 0., 0., 0., 0.014118501, 0.379747331,
          0.379747331, 0.379747331, 0.379747331, 0.379747331,
          0.0658340827, 0.125265181, 0.264975578, 0.31690833, 0.16104503,
          0.320005596, 0.320005596, 0.320005596, 0.320005596,
          0.255553246, 0.320005596, 0.108751073, 0.320005596,
          0.172596112, 0.292029023, 0.248671219, 0., 0., 0., 0.320005596,
          0.441341311, 0.481678545, 0.481678545, 0.481678545, 0.,
          0.0286237318, 0.23686941, 0.0876383111, 0.0575676225,
          0.0111855101, 0.0879254714, 0., 0.0017126376, 0.0519932583,
          0.0930467024, 0.131238088 ]
      - [ 0.252185166, 0.420186281, 0.420186281, 0.420186281,
          0.420186281, 0.311398774, 0.0957128182, 0.0620120205,
          0.0659105852, 0.0705704764, 0.0139506916, 0., 0.00799060706,
          0.0278637074, 0.0102410996, 0.324868292, 0.354125023,
          0.354125023, 0.0872010216, 0., 0., 0., 0., 0.0068023745,
          0.148048222, 0.354125023, 0.354125023, 0.354125023,
          0.269685119, 0.354125023, 0.127794683, 0.354125023,
          0.143211275, 0.303032279, 0.310743779, 0.310743779,
          0.310743779, 0.258246988, 0.299695611, 0.310743779,
          0.310743779, 0., 0.310743779, 0.192280576, 0., 0.0106069427,
          0.12260402, 0.310743779, 0.397842288, 0.397842288, 0.397842288,
          0.253964901, 0.397842288, 0.341722369, 0.0148851052,
          0.115948625, 0.0965521634, 0., 0., 0., 0., 0.00025854347,
          0.0193071663, 0.397842288 ]
      - [ 0.410147637, 0.410147637, 0.410147637, 0.234399378,
          0.0515003353, 0.151202008, 0., 0.236100316, 0.0983657986, 0.,
          0.0392639227, 0.0529520549, 0., 0.358338296, 0.21068947,
          0.410147637, 0.348272711, 0.0367557742, 0.269650221,
          0.148175821, 0.348272711, 0.064823851, 0.348272711,
          0.348272711, 0.348272711, 0.218089685, 0.0145107778,
          0.0219214503, 0.251151413, 0.252098411, 0.225180537,
          0.253454804, 0.311325341, 0.311325341, 0.311325341,
          0.311325341, 0.0122113759, 0.15822193, 0.311325341,
          0.289317369, 0.301508754, 0.113730341, 0.311325341, 0.,
          0.0030146814, 0.0936081335, 0.311325341, 0.311325341,
          0.462432921, 0.462432921, 0.462432921, 0.462432921,
          0.0823445395, 0.0394885875, 0.0432889871, 0.0403717496,
          0.105339825, 0.0499676727, 0.0235996526, 0.0230032671,
          0.0418917499, 0.0514144152, 0.103140116, 0.313759297 ]
      - [ 0.387866646, 0.387866646, 0.387866646, 0.387866646, 0.28236267,
          0.0891022012, 0.281001836, 0.111070871, 0.111070871, 0.,
          0.177659228, 0.00193679007, 0.0616457313, 0.125976995,
          0.0371769555, 0.387866646, 0.351801068, 0.121205904,
          0.0702983961, 0., 0., 0., 0.0178415552, 0.374837399,
          0.374837399, 0.374837399, 0.374837399, 0.173177943,
          0.374837399, 0.0977773592, 0.252412617, 0.216244474,
          0.31091699, 0.31091699, 0.31091699, 0.215794906, 0.259524286,
          0.245101929, 0.31091699, 0.31091699, 0.31091699, 0.,
          0.234647557, 0.294090897, 0., 0., 0.0682900921, 0.31091699,
          0.503220499, 0.503220499, 0.503220499, 0.150707588,
          0.110012121, 0.000265840499, 0.00793501735, 0.037147332,
          0.0206689499, 0.0848211423, 0.0532164127, 0., 0.00964806601,
          0.0452229381, 0.0912760347, 0.422019035 ]
      - [ 0.323093534, 0.0284486301, 0.0971055701, 0.259132832,
          0.092546016, 0.242037117, 0.323093534, 0.323093534,
          0.323093534, 0.323093534, 0.323093534, 0.323093534,
          0.278996944, 0.140523687, 0.0535849854, 0.145095974,
          0.068995133, 0., 0.196863636, 0.135596484, 0.418688357,
          0.418688357, 0.418688357, 0.392535359, 0.418688357,
          0.00228650006, 0.00344988913, 0.00723890495, 0.126437962,
          0.15677017, 0.125078529, 0.14951314, 0.349690229, 0.349690229,
          0.198444813, 0.0019768388, 0.234587207, 0.333098888,
          0.349690229, 0.349690229, 0.336079687, 0.349690229,
          0.0579113252, 0.170635015, 0.135139376, 0., 0., 0.126639053,
          0.276161969, 0.38474682, 0.366218209, 0.315166771, 0.38474682,
          0.38474682, 0.299497545, 0.0229409412, 0.0055484958,
          0.00918000378, 0.0483556166, 0.154548213, 0.233444527,
          0.145185396, 0.100145526, 0.200465962 ]
      - [ 0.373537987, 0.00809527375, 0.212625638, 0.373537987,
          0.373537987, 0.373537987, 0.373537987, 0.373537987,
          0.142857671, 0., 0., 0., 0.0460450202, 0.17657648, 0.107851751,
          0.220157459, 0.167622074, 0., 0.137549371, 0.0525557734, 0.,
          0., 0., 0.219563633, 0.353437781, 0.353437781, 0.353437781,
          0.353437781, 0.353437781, 0.353437781, 0.155092552,
          0.353437781, 0.0396877639, 0.0903510898, 0.0974993184,
          0.0204210989, 0.325452715, 0.319697291, 0.325452715,
          0.325452715, 0.325452715, 0.325452715, 0.325452715,
          0.147896051, 0., 0.0751740411, 0.325452715, 0.325452715,
          0.326574892, 0., 0., 0.17914246, 0.326574892, 0.326574892,
          0.0718098432, 0.326574892, 0.326574892, 0.0336415395,
          0.10526102, 0.270565033, 0.326574892, 0.326574892, 0.144436345,
          0.326574892 ]
      - [ 0.355799794, 0.355799794, 0.355799794, 0.333933204,
          0.151341289, 0.132505804, 0.0686555281, 0.0905055478,
          0.0152798397, 0.029097192, 0., 0., 0.266318977, 0.355799794,
          0.355799794, 0.355799794, 0.340261281, 0.0203808062,
          0.230686411, 0.340261281, 0.340261281, 0.340261281,
          0.129297927, 0.340261281, 0.340261281, 0.12063925,
          0.0374879949, 0.0297747348, 0.0811966434, 0.303921133,
          0.000113147871, 0.340261281, 0.389673293, 0.389673293,
          0.389673293, 0.0225512255, 0., 0., 0., 0.0301627461,
          0.0640982315, 0.106104963, 0.110603608, 0., 0.304895014,
          0.389673293, 0.338971138, 0.389673293, 0.404874235,
          0.404874235, 0.404874235, 0.404874235, 0.345143139,
          0.174142018, 0.014317086, 0.0578150265, 0.00334025896,
          0.017539192, 0.00130391703, 0., 0., 0.0599839464, 0.139371291,
          0.404874235 ]
      - [ 0.349406689, 0.0779197291, 0.349406689, 0.349406689,
          0.349406689, 0.28323552, 0.0767416954, 0.0839539394,
          0.015636554, 0.00910776574, 0.0595294386, 0.349406689,
          0.349406689, 0.197005138, 0., 0.349406689, 0.113586821,
          0.158426374, 0.0132813305, 0.173812047, 0.082758151,
          0.134416953, 0.0904452056, 0.0412827507, 0.233112916,
          0.197547674, 0.447951615, 0.447951615, 0.447951615,
          0.243647322, 0.32438907, 0.179987043, 0.271895885, 0.279467553,
          0., 0.191027209, 0.343668878, 0.343668878, 0.343668878,
          0.244040295, 0.231076181, 0.0233200546, 0.17105113,
          0.343668878, 0.209882855, 0.173269689, 0.026013907,
          0.343668878, 0.167602479, 0.342708588, 0.375794232,
          0.375794232, 0.375794232, 0.375794232, 0.162095606,
          0.182416946, 0.119841032, 0.0491609983, 0.00328064919,
          0.109860979, 0.2412512, 0.308591336, 0.168256626, 0.125179127 ]
      - [ 0.0458806679, 0.131168559, 0.382591277, 0.113048635,
          0.131644651, 0.382591277, 0.382591277, 0.382591277,
          0.382591277, 0.232462242, 0.0824013278, 0.0507239513,
          0.280968994, 0.241366446, 0.00962807331, 0.119085327,
          0.136060089, 0.00857195817, 0., 0., 0., 0., 0.0421725884,
          0.146298349, 0.34546721, 0.34546721, 0.34546721, 0.34546721,
          0.34546721, 0.34546721, 0.34546721, 0.34546721, 0.34474349,
          0.124887846, 0., 0.34474349, 0.161454603, 0.34474349,
          0.34474349, 0.34474349, 0.34474349, 0., 0., 0.34474349,
          0.26037091, 0.196329936, 0.0251445211, 0.126426995,
          0.324918002, 0.324918002, 0.180252075, 0.226955026,
          0.324918002, 0.324918002, 0.147432163, 0.324918002,
          0.154308692, 0.146502271, 0.0779266804, 0.0943738967,
          0.232187882, 0.194554597, 0.324918002, 0.324918002 ]
      - [ 0.34103027, 0.0324544124, 0.0477355942, 0.163965225,
          0.34103027, 0.34103027, 0.34103027, 0.34103027, 0.179354236,
          0.060008347, 0., 0., 0.0139232082, 0.34103027, 0.34103027,
          0.34103027, 0.149974719, 0.127665743, 0., 0.0241056755,
          0.0642236695, 0.0539623089, 0.0349857323, 0.373408645,
          0.373408645, 0.163359553, 0.373408645, 0.373408645,
          0.279618323, 0.352343768, 0.373408645, 0.149826095,
          0.302400559, 0.302400559, 0.271189451, 0.0339437164,
          0.0395190977, 0.302400559, 0.302400559, 0.302400559,
          0.302400559, 0.281344712, 0.222127244, 0., 0.302400559,
          0.228347242, 0.0922715366, 0.302400559, 0.307428807,
          0.301699072, 0.307428807, 0.189983606, 0.146574274,
          0.307428807, 0.307428807, 0.307428807, 0.307428807, 0., 0.,
          0.117134295, 0.253247529, 0.119889982, 0.307428807,
          0.307428807 ]
      - [ 0.313335747, 0.126602024, 0.0673555732, 0.0774006695, 0.,
          0.249819711, 0.141758502, 0.313335747, 0.313335747,
          0.217667162, 0.285298675, 0.267915428, 0.313335747,
          0.313335747, 0.313335747, 0.313335747, 0.10104847, 0.134891003,
          0.0292850677, 0.00115766376, 0., 0.0346791223, 0.102089711,
          0.149068803, 0.387594163, 0.256919563, 0.387594163,
          0.387594163, 0.387594163, 0.387594163, 0.335173696,
          0.0593372621, 0.193936616, 0.188395366, 0.0897746086, 0.,
          0.355242401, 0.110797815, 0.129498631, 0.355242401,
          0.355242401, 0.355242401, 0.184486732, 0.312832236,
          0.0672882497, 0.299198717, 0.194458812, 0.343061179,
          0.212141514, 0.218620196, 0.463631868, 0.463631868,
          0.463631868, 0.256809205, 0.0482757166, 0.0539807826,
          0.0395893157, 0., 0., 0.0590791143, 0.00354969781, 0.189409018,
          0.234143555, 0.301234126 ]
      - [ 0.344550341, 0.344550341, 0.344550341, 0.344550341,
          0.276068896, 0.344550341, 0.0668507069, 0.344550341,
          0.29665044, 0., 0., 0.094183512, 0.0304326136, 0.0777788907,
          0.0853083283, 0.304071784, 0.0237596557, 0.00104684499, 0., 0.,
          0.00129865506, 0.00977855828, 0., 0.293324143, 0.38822028,
          0.38822028, 0.38822028, 0.38822028, 0.38822028, 0.357799083,
          0.158841148, 0.050931938, 0.379588246, 0.0795255676, 0., 0.,
          0.0233629383, 0.333093494, 0.208644331, 0.379588246,
          0.379588246, 0.13289994, 0.064627029, 0.163593054, 0.379588246,
          0.379588246, 0.216732562, 0.137269795, 0.345612079,
          0.345612079, 0.110642903, 0.345612079, 0.345612079,
          0.271011978, 0.129737884, 0.345612079, 0.345612079,
          0.0432045832, 0.0494848378, 0.0508031137, 0.101915725,
          0.176508158, 0.0972286761, 0.345612079 ]
      - [ 0.338902205, 0.338902205, 0.338902205, 0.338902205,
          0.338902205, 0.025827093, 0.338902205, 0.338902205,
          0.338902205, 0.0364954993, 0.0778794438, 0.159890816, 0.,
          0.107633479, 0.137188748, 0.117223457, 0.0385377854,
          0.0588198565, 0.00394227356, 0., 0., 0., 0.0123878615,
          0.112870261, 0.110800616, 0.490393251, 0.490393251,
          0.490393251, 0.490393251, 0.0120653184, 0.0353180431,
          0.0404527076, 0.167595252, 0.373895079, 0.148113906,
          0.217557311, 0.0300269164, 0.172063574, 0.373895079,
          0.373895079, 0.373895079, 0.0541779026, 0.252635151,
          0.373895079, 0.190502107, 0., 0.0300183427, 0.255852342,
          0.267424732, 0.14531526, 0.121703327, 0.421890408, 0.421890408,
          0.421890408, 0.421890408, 0.281864941, 0.140480146,
          0.0166428722, 0.00603983179, 0.124145463, 0.187370837,
          0.0100535667, 0.0236456506, 0.160309896 ]
      - [ 0.0953321978, 0.317488253, 0.529523253, 0.529523253,
          0.529523253, 0.0317137502, 0.183557436, 0.00798097719,
          0.0022268889, 0.0272618737, 0.0227450188, 0.0117848348, 0.,
          0.0227397159, 0.0163215436, 0.0817888826, 0.257900149,
          0.18983905, 0.0433575958, 0., 0.00393743301, 0.0749503002,
          0.310473293, 0.310473293, 0.310473293, 0.310473293,
          0.310473293, 0.310473293, 0.310473293, 0.138890073,
          0.310473293, 0.310473293, 0.0668946132, 0.183483332,
          0.216038659, 0.00750937453, 0.316260308, 0.351685107,
          0.200130537, 0.362473488, 0.362473488, 0.362473488,
          0.0439169966, 0.258434385, 0.139445588, 0.0165860225,
          0.362473488, 0.183760494, 0.261715442, 0.311436176,
          0.515355289, 0.515355289, 0.373432726, 0.0738122538,
          0.0183307175, 0.0418172851, 0.0567944236, 0.0256905481,
          0.0312369131, 0.0288360901, 0.0409576371, 0.128836259,
          0.198501423, 0.296355218 ]
      - [ 0.220367849, 0.37509048, 0.37509048, 0.37509048, 0.182925507,
          0., 0.19713074, 0.37509048, 0.249113396, 0.26734975,
          0.0397439413, 0.141704559, 0., 0.223977372, 0.283346534,
          0.164172545, 0.0226212796, 0., 0.0345822684, 0.00100527087, 0.,
          0.00329284323, 0.009222297, 0.161342815, 0.428850621,
          0.343463451, 0.428850621, 0.428850621, 0.428850621,
          0.287091762, 0.152083039, 0.0933310315, 0.132927224,
          0.041200269, 0.229478881, 0.0203736667, 0.298550457,
          0.334902704, 0.334902704, 0.334902704, 0.334902704,
          0.132087961, 0.334902704, 0.0665941387, 0.0464893132,
          0.160986662, 0.334902704, 0.334902704, 0.318537951,
          0.318537951, 0.318537951, 0.318537951, 0.318537951,
          0.318537951, 0.318537951, 0.265051633, 0.185881481,
          0.122275963, 0.0345608443, 0.0758812577, 0.139723748,
          0.0525387563, 0.220398769, 0.298303932 ]
      - [ 0.364772171, 0.336301446, 0.364772171, 0.364772171,
          0.364772171, 0.185574308, 0.0370823182, 0.0124970861,
          0.000652888848, 0., 0., 0.00301195541, 0.0902921855,
          0.287600219, 0.301857829, 0.364772171, 0.300047398,
          0.308556318, 0.118059799, 0., 0., 0., 0.308556318, 0.276301801,
          0.308556318, 0.295612097, 0.308556318, 0.308556318,
          0.0687442422, 0.308556318, 0.308556318, 0.240927994,
          0.306316733, 0., 0.306316733, 0.207124561, 0.136601299,
          0.199767962, 0.214868605, 0.306316733, 0.306316733,
          0.304288387, 0.0416004583, 0.257903069, 0.306316733,
          0.177925095, 0.306316733, 0.306316733, 0.332766742,
          0.332766742, 0.332766742, 0.264099211, 0.237938538,
          0.0547706187, 0.222190633, 0.332766742, 0.129583418,
          0.026299987, 0.0041672131, 0.0899267495, 0.332766742,
          0.332766742, 0.1312249, 0.332766742 ]
      - [ 0.371318072, 0.371318072, 0.200385049, 0.371318072,
          0.0352970175, 0.371318072, 0.219459683, 0.371318072,
          0.19851166, 0., 0., 0.0133294081, 0.0333193354, 0.101295911,
          0.168847948, 0.371318072, 0.10269244, 0., 0., 0.00626792619,
          0.0962072164, 0., 0., 0.26983276, 0.379674375, 0.379674375,
          0.379674375, 0.353821635, 0.379674375, 0.379674375,
          0.216927692, 0.10269244, 0.128707185, 0.242101356,
          0.0433372483, 0., 0., 0.00340912095, 0.316326588, 0.430301815,
          0.430301815, 0.148710504, 0.17130664, 0.0967405066,
          0.430301815, 0.430301815, 0., 0.130815253, 0.324212879,
          0.324212879, 0.134112194, 0.125212297, 0.324212879,
          0.324212879, 0.324212879, 0.324212879, 0.324212879,
          0.0960499644, 0.0650660992, 0.153983831, 0.0414822213,
          0.133116141, 0.256073505, 0.324212879 ]
      - [ 0.364466757, 0.364466757, 0.364466757, 0.324183613,
          0.364466757, 0.364466757, 0.219624683, 0.134431884,
          0.0508673005, 0.0109411534, 0.0371006802, 0.00707961386,
          0.0900129154, 0.0724725723, 0.102236584, 0.364466757,
          0.395990163, 0.395990163, 0.301824808, 0.395990163,
          0.395990163, 0.123657979, 0.237537235, 0.226394489, 0.10382387,
          0.0744707137, 0., 0., 0.0282373447, 0.216337636, 0.0286818109,
          0.299993336, 0.355830312, 0.0225329716, 0.137016088,
          0.275945395, 0.00120782235, 0.0757608786, 0.230501562,
          0.355830312, 0.355830312, 0.326235354, 0.191384256,
          0.355830312, 0.0849201605, 0.355830312, 0., 0.242488965,
          0.463227093, 0.463227093, 0.463227093, 0.463227093,
          0.315419793, 0.0178073552, 0.000688713393, 0., 0.,
          0.00771913212, 0.00031410472, 0., 0.0287696011, 0.0202842783,
          0.0670263022, 0.177361459 ]
      - [ 0.193521112, 0.277620882, 0.363683134, 0.363683134,
          0.363683134, 0.363683134, 0.274475038, 0.298540562,
          0.363683134, 0.0347825065, 0.0231218208, 0., 0., 0.120986231,
          0.0964833796, 0.174245074, 0.368869632, 0.119431436, 0.,
          0.0357673243, 0.185665593, 0.163391754, 0.24617748,
          0.368869632, 0.368869632, 0.368869632, 0.368869632,
          0.236686632, 0.0926466808, 0.0250775311, 0.000776864181,
          0.336811781, 0.0866868347, 0.081850566, 0.247284368,
          0.0512599051, 0.280677199, 0.000864638365, 0.0445187315,
          0.408807099, 0.408807099, 0.408807099, 0.408807099,
          0.145648345, 0.266328722, 0.20711486, 0.125086874, 0.134096295,
          0.345921516, 0.0283502676, 0.073182933, 0.345921516,
          0.345921516, 0.345921516, 0.345921516, 0.307921559,
          0.0784337297, 0.0930853561, 0.0549889728, 0.092016682,
          0.265899599, 0.272320837, 0.0801845938, 0.345921516 ]
      - [ 0.221851587, 0.403485924, 0.403485924, 0.403485924,
          0.403485924, 0.1803222, 0.0708757639, 0.0415050127,
          0.0180982985, 0.00800876785, 0.0551872402, 0., 0., 0.130674124,
          0.283137411, 0.394468814, 0.296668291, 0.0531343184,
          0.32262966, 0.306713104, 0.0433516093, 0.0117843943,
          0.164319232, 0.32262966, 0.32262966, 0.142871052, 0.32262966,
          0.32262966, 0.32262966, 0.14187783, 0.116953641, 0.32262966,
          0.188875914, 0.00272587081, 0.285394073, 0.190812469,
          0.292742908, 0.292742908, 0.292742908, 0.292742908,
          0.292742908, 0.202604398, 0.216772527, 0.237768754,
          0.292742908, 0.140821815, 0.281498611, 0.292742908,
          0.368453145, 0.368453145, 0.368453145, 0.368453145,
          0.360358626, 0.330213875, 0.187160358, 0.15366514,
          0.0358184725, 0., 0., 0.0189437643, 0.0387498252, 0.0701516941,
          0.267781109, 0.275636017 ]
      - [ 0.372948974, 0.372948974, 0.290692717, 0.372948974,
          0.197064266, 0.32083118, 0.0747068301, 0.115553588,
          0.116579346, 0.0099240616, 0.0227001235, 0.0217997897,
          0.0364567414, 0.199016348, 0.372948974, 0.372948974,
          0.312041283, 0., 0.204823583, 0.144828916, 0.061553482,
          0.312041283, 0.0410863385, 0.312041283, 0.312041283,
          0.245441228, 0.295975536, 0.312041283, 0.312041283,
          0.312041283, 0.040939413, 0.312041283, 0.279082865,
          0.279082865, 0.276670098, 0., 0., 0., 0.279082865, 0.279082865,
          0.277965426, 0.279082865, 0.279082865, 0.264042825,
          0.279082865, 0.269622207, 0.279082865, 0.279082865,
          0.361412942, 0.305594414, 0.361412942, 0.361412942,
          0.361412942, 0.0699142516, 0., 0.0157957003, 0.0157957003,
          0.00334072323, 0.000948628644, 0.027444154, 0.296551406,
          0.361412942, 0.158715293, 0.361412942 ]
      - [ 0.166708171, 0.372277945, 0.372277945, 0.372277945, 0.1941607,
          0.372277945, 0.372277945, 0.372277945, 0.175312519,
          0.014744197, 0.0166996606, 0., 0.0433286913, 0.150355607,
          0.10927365, 0.177735358, 0.338382691, 0.225813091,
          0.0287353694, 0., 0.134033903, 0.0410467014, 0.214752138,
          0.304373384, 0.169121861, 0.338382691, 0.338382691,
          0.338382691, 0.290546387, 0.338382691, 0.184912086, 0.25819397,
          0.332263857, 0.0566429943, 0.191450283, 0.00110782147,
          0.0208623838, 0.141973153, 0.370323926, 0.370323926,
          0.370323926, 0.370323926, 0.370323926, 0.0551064797, 0., 0.,
          0., 0.369743973, 0.199118242, 0., 0.351766706, 0.169137463,
          0.351766706, 0.351766706, 0.33598581, 0.252449632, 0.181362152,
          0.149351954, 0.0887265652, 0.102063492, 0.331957787,
          0.061862167, 0.262950212, 0.351766706 ]
      - [ 0.461251467, 0.461251467, 0.114177965, 0.281370133,
          0.0468765385, 0.0476139709, 0.189596891, 0.152003989,
          0.204839647, 0.348665059, 0.104751594, 0.0603841543,
          0.0259967577, 0.051341895, 0.141259223, 0.461251467,
          0.310737073, 0.129826233, 0., 0.00123247295, 0.192377821,
          0.294881523, 0.31861043, 0.31861043, 0.31861043, 0.0809548423,
          0.0874460936, 0.270384938, 0.31861043, 0.316478342,
          0.253787667, 0.31861043, 0.361663699, 0.0117367012, 0., 0.,
          0.00400025584, 0.00256028795, 0.157087758, 0.196067885,
          0.361663699, 0.313470453, 0.223487392, 0.361663699,
          0.361663699, 0.361663699, 0.00964098144, 0.361663699,
          0.413085461, 0.149374396, 0.4887456, 0.4887456, 0.4887456,
          0.00926237926, 0.00983310491, 0.0191213097, 0.000835393323, 0.,
          0., 0.00943092257, 0.00744660292, 0.0674346909, 0.00010809979,
          0.283388019 ]
      - [ 0.378226429, 0.254742146, 0.32412675, 0.384160727, 0.384160727,
          0.384160727, 0.0232257079, 0.0656438917, 0.0496831872,
          0.0346759409, 0.0869572237, 0.11956878, 0.0692899153,
          0.259767801, 0.115909889, 0.352595747, 0.15898639, 0.294053525,
          0.104032911, 0.128169104, 0.017271392, 0.085461989,
          0.346388519, 0.346388519, 0.346388519, 0.105431542,
          0.118056387, 0.346388519, 0.323788524, 0.011859932,
          0.346388519, 0.346388519, 0.0542267784, 0., 0., 0.132911518,
          0.156594917, 0.366945773, 0.366945773, 0.366945773,
          0.366945773, 0.0450665057, 0.238175511, 0.0337270349,
          0.0265149083, 0.366945773, 0.303101361, 0.35424605,
          0.399102628, 0.399102628, 0.399102628, 0.399102628,
          0.291550338, 0.117774777, 0.0696003661, 0.076179333,
          0.0144220451, 0., 0.0429712124, 0.0857922658, 0.0607211404,
          0.0357699543, 0.275131166, 0.399102628 ]
      - [ 0.351870179, 0.351870179, 0.351870179, 0.351870179,
          0.351870179, 0.246104434, 0.192630649, 0.351870179,
          0.237220258, 0.101398431, 0.158847719, 0.0650467724, 0.,
          0.0991295353, 0.178431392, 0.135097504, 0.316549867,
          0.216338336, 0.0164202377, 0.000183834243, 0.0826479122,
          0.153673545, 0.0739732459, 0.282758534, 0.353723109,
          0.229616717, 0.353723109, 0.353723109, 0.353723109,
          0.229646951, 0.0475163795, 0.353723109, 0.0579799972, 0., 0.,
          0.0356855728, 0.0377350524, 0.166724578, 0.401397616,
          0.401397616, 0.401397616, 0.278510213, 0.373280406,
          0.401397616, 0.161723509, 0.187494889, 0.00282295537,
          0.198571652, 0.162955597, 0.165011749, 0.38237071, 0.473763376,
          0.473763376, 0.429340333, 0.298360914, 0.217526853,
          0.0452278219, 0.00860521011, 0.0115999421, 0.0371917859,
          0.111299828, 0.0722693428, 0.0412383229, 0.0524895526 ]
      - [ 0.303979605, 0.0433638357, 0.303979605, 0.303979605,
          0.303979605, 0.303979605, 0.303979605, 0.303979605,
          0.236830086, 0.0842787623, 0.0827730745, 0.303979605,
          0.0101743452, 0.0299953036, 0.303979605, 0.303979605,
          0.331786007, 0.151858002, 0.0253773481, 0.102025732,
          0.318361878, 0.012946411, 0.0446968079, 0.331786007,
          0.331786007, 0.135380536, 0.331786007, 0.331786007,
          0.331786007, 0.268310189, 0.288005739, 0.15904063, 0.333584279,
          0.0744512379, 0.0580943823, 0.13640599, 0.321737409,
          0.333584279, 0.333584279, 0.333584279, 0.333584279,
          0.0747314692, 0.174670488, 0.238626778, 0.154982626,
          0.0984003469, 0.266865104, 0.333584279, 0.425217599,
          0.425217599, 0.232061028, 0.425217599, 0.425217599,
          0.182584688, 0.0358475707, 0.030685259, 0.0168152731, 0.,
          0.00689872494, 0.0304712672, 0.0554094911, 0.0789063871,
          0.17695266, 0.375804067 ]
      - [ 0.373254687, 0.317048848, 0.215159431, 0.151516542,
          0.278906077, 0.177632675, 0.0564723201, 0.0424779505,
          0.0409412794, 0.0696441606, 0.0143533722, 0.357334703,
          0.373254687, 0.373254687, 0.143066019, 0.373254687,
          0.00818928611, 0., 0., 0., 0., 0.0371657275, 0.0740521252,
          0.400864571, 0.400864571, 0.400864571, 0.400864571,
          0.400864571, 0.400864571, 0.00283014867, 0.138058081,
          0.0764251426, 0.379057497, 0.0163875688, 0., 0., 0.,
          0.0451885201, 0.0219436046, 0.193900138, 0.379057497,
          0.21450676, 0.379057497, 0.379057497, 0.379057497, 0.218409881,
          0., 0.379057497, 0.116276368, 0.153882802, 0.184756294,
          0.403488219, 0.403488219, 0.403488219, 0.403488219,
          0.328407168, 0.192010775, 0., 0.00657965243, 0.192826673,
          0.166844249, 0.0676775649, 0.186307251, 0.156047568 ]
      - [ 0.438858122, 0.438858122, 0.438858122, 0.438858122,
          0.108880088, 0.312957168, 0., 0.206152767, 0.190663576,
          0.0213341005, 0.0406133048, 0.0476902127, 0.0273852926,
          0.0911221728, 0.00785963237, 0.151946753, 0.274914622,
          0.00341792405, 0.0459385887, 0.147044331, 0.0139360093,
          0.026131656, 0.0462767333, 0.121453829, 0.0693022683,
          0.363049835, 0.363049835, 0.363049835, 0.363049835,
          0.363049835, 0.289217949, 0.363049835, 0.277418941,
          0.171726212, 0.0784189478, 0.188824415, 0.191905141,
          0.285945594, 0.27709657, 0.315760583, 0.315760583, 0.213119864,
          0.315760583, 0.315760583, 0.315760583, 0.0634366572,
          0.0744428858, 0.315760583, 0.342075169, 0.342075169,
          0.342075169, 0.342075169, 0.0312226638, 0.0196118783,
          0.10341198, 0.214874014, 0.19937098, 0.00546006951,
          0.0872788951, 0.135542974, 0.314155251, 0.302346826,
          0.312098771, 0.342075169 ]
      - [ 0.108412869, 0.190124959, 0.244911656, 0.59865123, 0.59865123,
          0.0261381343, 0.110846996, 0.2720595, 0.15611434, 0.128540918,
          0.0311729498, 0.119451284, 0.016900355, 0.102988943,
          0.0153823728, 0.122974887, 0.361192554, 0.237871975,
          0.0297068693, 0.0697454661, 0.258523673, 0.021921644,
          0.0321131907, 0.148708791, 0.232395083, 0.361192554,
          0.361192554, 0.361192554, 0.361192554, 0.318523943,
          0.0875730142, 0.167829052, 0.048995778, 0.237287462,
          0.00139872869, 0.302734464, 0.092458114, 0.185284689,
          0.329304457, 0.329304457, 0.329304457, 0.307143688,
          0.311035186, 0.329304457, 0.261670262, 0.120690703,
          0.248942658, 0.183354735, 0.332399368, 0.332399368,
          0.267884195, 0.320693642, 0.0348694138, 0.158632293,
          0.137195691, 0.101855814, 0.194501743, 0.133844465,
          0.169283047, 0.138409376, 0.332399368, 0.332399368,
          0.332399368, 0.332399368 ]
      - [ 0.203859359, 0.258810908, 0.376922429, 0.278178424,
          0.376922429, 0.376922429, 0.376922429, 0.376922429, 0.29616183,
          0., 0.0203030799, 0.0183746777, 0.0227390453, 0.0660917833,
          0.0134185916, 0.0801877603, 0.109945484, 0.104138732,
          0.26604563, 0.0733568743, 0., 0.00457894104, 0.353595465,
          0.397555679, 0.397555679, 0.397555679, 0.397555679,
          0.149719104, 0.272621363, 0.14644596, 0.129081309,
          0.0695316121, 0.290249616, 0., 0.0293008834, 0.261011899,
          0.0125182811, 0.0301735513, 0.0576546751, 0.279441774,
          0.367165297, 0.367165297, 0.367165297, 0.367165297, 0.14585346,
          0.0360215977, 0.252981663, 0.367165297, 0.0369418487,
          0.0078569334, 0.122535832, 0.473478407, 0.473478407,
          0.473478407, 0.473478407, 0.23542206, 0.119704396,
          0.0102294767, 0.00949299987, 0., 0.00213956553, 0.0383260921,
          0.0661835521, 0.0793788955 ]
      - [ 0.170423836, 0.135338798, 0.361167461, 0.361167461,
          0.361167461, 0.361167461, 0.128164515, 0.223293796,
          0.361167461, 0.232218027, 0.217985824, 0.182486102,
          0.117693432, 0.0112884576, 0.204752877, 0.199718907,
          0.175607979, 0.0325865261, 0.0126513522, 0.057623744,
          0.0936990976, 0., 0.000978503493, 0.174060509, 0.413575798,
          0.413575798, 0.413575798, 0.413575798, 0.24845013,
          0.0219086576, 0.0630738959, 0.413575798, 0.0964409113, 0., 0.,
          0.00521908794, 0.252339751, 0.00200453401, 0.227106959,
          0.413801014, 0.413801014, 0.413801014, 0.104215376,
          0.0931614712, 0.227400035, 0.413801014, 0.298329771,
          0.161569357, 0.378282309, 0.378282309, 0.35369426, 0.,
          0.218758956, 0.217805326, 0.222911596, 0.34638682, 0.194745034,
          0.0692029744, 0.0182482228, 0.0653730184, 0.0843057409,
          0.137822047, 0.321615815, 0.378282309 ]
      - [ 0.370372742, 0.370372742, 0.370372742, 0.370372742,
          0.370372742, 0.172937155, 0.291994214, 0.148343995,
          0.0692871287, 0.0139995888, 0., 0.00409173034, 0.0385972597,
          0.062309511, 0.242890447, 0.322280467, 0.358230829,
          0.0632458776, 1.14523709e-05, 0.0705035403, 0.224149749,
          0.0576671436, 0.0817514434, 0.358230829, 0.358230829,
          0.284185797, 0.358230829, 0.358230829, 0.353821218,
          0.0917645618, 0.071975477, 0.25690341, 0.148690566, 0.,
          0.177686751, 0.245711431, 0.0174343102, 0.00501015875,
          0.0538893938, 0.339744538, 0.339744538, 0.339744538,
          0.335836112, 0.339744538, 0.271979541, 0.339744538, 0.,
          0.339744538, 0.414570093, 0.414570093, 0.414570093,
          0.414570093, 0.320045233, 0.0998538956, 0.0594503693,
          0.0433392711, 0.0893543661, 0.0508860163, 0.0183741432,
          0.0751665682, 0.0547465459, 0.217184737, 0.154573232,
          0.316152185 ]
      - [ 0.335706681, 0.335706681, 0.335706681, 0.288947254,
          0.335706681, 0., 0., 0.335706681, 0.335706681, 0.335706681,
          0.15120919, 0.189428493, 0.0405303463, 0.12705943, 0.125162974,
          0.179060042, 0.0554713942, 0.0784272254, 0., 0., 0., 0., 0.,
          0.0761157423, 0.393719167, 0.393719167, 0.393719167,
          0.393719167, 0.195581943, 0.112712912, 0.393719167,
          0.393719167, 0.0394589342, 0., 0.120301157, 0.0156422798,
          0.0096559599, 0.048021052, 0.375599355, 0.437480837,
          0.437480837, 0.437480837, 0.336268902, 0.00614261394,
          0.326118171, 0.186003521, 0.0100008808, 0.0868819803,
          0.342377067, 0.342377067, 0.0456283614, 0., 0.0053206291,
          0.236107975, 0.319334, 0.20463185, 0.342377067, 0.22618638,
          0.111635298, 0.0947469994, 0.137627959, 0.342377067,
          0.342377067, 0.342377067 ]
      - [ 0.380278289, 0.268915802, 0.0575516038, 0.00303612743, 0.,
          0.172522336, 0.0886507332, 0.29685393, 0.2422719, 0.122715488,
          0.137216985, 0.380278289, 0.380278289, 0.314608544,
          0.157513693, 0.380278289, 0.208137751, 0., 0.0297867283,
          0.0378311202, 0., 0.00239617121, 0.197072923, 0.371951073,
          0.371951073, 0.371951073, 0.371951073, 0.371951073,
          0.371951073, 0.0965617746, 0.0952444375, 0.251633167,
          0.347687066, 0.0356717855, 0.0693703145, 0.347687066, 0.,
          0.347687066, 0.150097013, 0.347687066, 0.347687066,
          0.347687066, 0.268486679, 0.167016417, 0.0780885294,
          0.0127759632, 0.124368742, 0.347687066, 0.35242328, 0.29434517,
          0.373193353, 0.405259579, 0.405259579, 0.405259579,
          0.202784449, 0.103937611, 0.0479371585, 0.0132966386,
          0.0370824151, 0.104043208, 0.121055752, 0.0931312591,
          0.206338435, 0.143625394 ]
      - [ 0.384085774, 0.390800327, 0.303775787, 0.40655303, 0.40655303,
          0.222361177, 0.389236391, 0.214127958, 0.0590859577, 0.,
          0.000923128333, 0.00177808839, 0., 0., 0.00208994304,
          0.150138527, 0.0349224173, 0.0760981292, 0.16291821, 0.,
          0.0168658867, 0.111133561, 0.00561185228, 0.165267274,
          0.207705855, 0.356352478, 0.412898988, 0.412898988,
          0.412898988, 0.227600262, 0.303671092, 0.311029047,
          0.154413447, 0.278792083, 0.0644645691, 0.27802372,
          0.173529655, 0.279641002, 0.279641002, 0.279641002,
          0.279641002, 0.279641002, 0.0456141755, 0.279641002,
          0.279641002, 0.279641002, 0.279641002, 0.279641002,
          0.316586673, 0.316586673, 0.117925458, 0.16529882, 0.316586673,
          0.00275269966, 0.316586673, 0.316586673, 0.316586673,
          0.139169618, 0.0958542973, 0.0518879145, 0.303928047,
          0.173669755, 0.316586673, 0.316586673 ]
      - [ 0.366920143, 0.483975381, 0.483975381, 0.483975381,
          0.347811341, 0., 0.039413888, 0.150337026, 0.0111487331, 0.,
          0., 0., 0., 0., 0., 0.112194449, 0.261341393, 0.200871035,
          0.040986523, 0., 0., 0., 0., 0.0884505138, 0.378701419,
          0.23483263, 0.378701419, 0.378701419, 0.378701419,
          0.0669920743, 0.318365544, 0.378701419, 0.0780573189,
          0.142184928, 0.105252929, 0., 0.000196242676, 0.235644728,
          0.100255221, 0.271893382, 0.362890065, 0.362890065,
          0.362890065, 0.1567, 0.362890065, 0.362890065, 0.0692171678,
          0.362890065, 0.343176156, 0.343176156, 0.343176156,
          0.343176156, 0.343176156, 0.0225572567, 0., 0.0758324787,
          0.0781066418, 0.0941382796, 0.205346122, 0.0778655484,
          0.306365341, 0.0941814482, 0.343176156, 0.343176156 ]
      - [ 0.270757616, 0.400971264, 0.400971264, 0.400971264,
          0.400971264, 0.281870782, 0.369854093, 0.187091157,
          0.0586170591, 0.0440435894, 0., 0., 0.00580059225,
          0.0771534592, 0.0370460674, 0.124867693, 0.0944989398,
          0.0409291275, 0., 0.00333258999, 0.265359938, 0.0160818473,
          0.353997439, 0.333709359, 0.353997439, 0.353997439,
          0.353997439, 0.353997439, 0.0200636834, 0.141697288,
          0.200504541, 0.341404021, 0.319955409, 0.319955409,
          0.185600579, 0.00676250225, 0.0180117972, 0., 0.0035178361,
          0.0905579254, 0.319955409, 0.319955409, 0.316058099,
          0.319955409, 0.186836332, 0.319955409, 0.319955409,
          0.319955409, 0.318204165, 0.417327076, 0.417327076,
          0.417327076, 0.417327076, 0.33411932, 0.112195075,
          0.0875797644, 0.0717259869, 0.00184242672, 0.0573473014,
          0.00963296089, 0.0133001059, 0.047258988, 0.0790482834,
          0.221014872 ]
      - [ 0.0771701485, 0.00222265208, 0.126619518, 0.447946042,
          0.543964565, 0.543964565, 0.355230242, 0.212710977,
          0.0244928058, 0., 0.0104310215, 0.0249532089, 0.00676400587,
          0.00495208846, 0.0410130993, 0.0748763904, 0.36855793, 0., 0.,
          0., 0.173606738, 0.171069741, 0.133712068, 0.36855793,
          0.36855793, 0.36855793, 0.36855793, 0.0470842458, 0.106469199,
          0.36855793, 0.167880133, 0.249577031, 0.366162956, 0.248519078,
          0.00573113002, 0.0181023851, 0.0122432765, 0.107350685,
          0.465480417, 0.465480417, 0.465480417, 0.318018585,
          0.139263332, 0., 0.0670110509, 3.43994616e-05, 0., 0.111545242,
          0.327470779, 0.327470779, 0.327470779, 0.327470779,
          0.327470779, 0.242485389, 0.139393151, 0.0793311372,
          0.0223640781, 0.00710021891, 0.02022646, 0.292154282,
          0.327470779, 0.0917234644, 0.327470779, 0.258491993 ]
      - [ 0.280262589, 0.0269995891, 0.356180757, 0.257011086,
          0.253796965, 0.356180757, 0.356180757, 0.356180757, 0.15971671,
          0., 0., 0., 0., 0., 0.356180757, 0.356180757, 0.0941444188,
          0.0378055647, 0.0189246871, 0.0826546699, 0.056539312,
          0.00505438866, 0.0220310241, 0.0717412308, 0.0697620586,
          0.394644439, 0.416631073, 0.416631073, 0.416631073,
          0.416631073, 0.318624645, 0.114205085, 0.0624063089, 0.,
          0.208564445, 0.137921706, 0.366374463, 0.366374463, 0.2902219,
          0.233980328, 0.320117116, 0.366374463, 0.00743709644,
          0.00387451239, 0., 0.356257379, 0.246562555, 0.313048571,
          0.351525694, 0.351525694, 0.30569011, 0.344704837, 0.30808714,
          0.136057824, 0.109054551, 0.191869393, 0.154823884,
          0.0573320799, 0.0560191162, 0.125481367, 0.0826777518,
          0.27354306, 0.351525694, 0.351525694 ]
      - [ 0.0717988014, 0.316482008, 0.176329076, 0.386760652,
          0.386760652, 0.386760652, 0.386760652, 0.334547281,
          0.156732991, 0.0285034589, 0.0111653171, 0.08621943,
          0.127874359, 0.106992655, 0.136994615, 0.264514953,
          0.393864185, 0.305383831, 0.122091882, 0.393864185,
          0.393864185, 0.263155192, 0.0528537109, 0.347121805,
          0.248244509, 0.0431714132, 0.151898131, 0.2977193,
          0.0676557124, 0.0806300268, 0.0277199671, 0.207192823,
          0.0805510804, 0.0390824564, 0.330218673, 0.147650018,
          0.345491499, 0.345491499, 0.345491499, 0.345491499,
          0.345491499, 0.0203374699, 0.0435129739, 0.345491499,
          0.000140835808, 0.0169831235, 0.311302304, 0.204930499,
          0.455985695, 0.392606676, 0.455985695, 0.455985695,
          0.403359741, 0.0428933054, 0., 0., 0.00840200763,
          0.00331937103, 0.00305652572, 0.0126942508, 0.04825617,
          0.0412653424, 0.0264508892, 0.219121784 ]
      - [ 0.317799538, 0.306438595, 0.237262622, 0.317799538,
          0.317799538, 0.317799538, 0.317799538, 0.167480335,
          0.00633552903, 0., 0.0363941938, 0.120022856, 0.317799538,
          0.317799538, 0.124106467, 0.2835989, 0.317103267, 0.189204216,
          0., 0.0328874029, 0.142402887, 0.0527052656, 0.140608057,
          0.304501086, 0.317103267, 0.289343119, 0.317103267,
          0.191840187, 0.317103267, 0.317103267, 0.317103267,
          0.317103267, 0.311192155, 0.107803836, 0.311192155,
          0.226577476, 0.277735621, 0.284306973, 0.311192155,
          0.311192155, 0.311192155, 0.0653126314, 0.0850312859,
          0.311192155, 0.0048345821, 0.288054407, 0.135060161,
          0.286678493, 0.371128052, 0.371128052, 0.371128052,
          0.371128052, 0.230083004, 0.161454812, 0.117241032,
          0.182467058, 0.029717084, 0.00618825434, 0.00779246725,
          0.0572625175, 0.34320417, 0.173882529, 0.171117574,
          0.371128052 ]
      - [ 0.335685045, 0.335685045, 0.00860749464, 0.335685045,
          0.240385026, 0.335685045, 0.335685045, 0.335685045, 0.28133902,
          0.0166271348, 0.0240485705, 0.0817226022, 0.0952039436,
          0.0375544541, 0.229862362, 0.335685045, 0.158276469, 0., 0.,
          0.152159348, 0.0293125026, 0., 0., 0.0772635639, 0.213732854,
          0.407445401, 0.416686624, 0.416686624, 0.416686624,
          0.416686624, 0.0598818995, 0.176109016, 0.421697438, 0.,
          0.042606689, 0.0649131387, 0.421697438, 0.421697438,
          0.421697438, 0.421697438, 0.124121718, 0.0117953913,
          0.180087537, 0.0930991024, 0., 0.12327376, 0.0952627659,
          0.14035362, 0.30786863, 0., 0.337150127, 0.0859341621,
          0.337150127, 0.238346457, 0.337150127, 0.118219703,
          0.0601873323, 0.196657702, 0.175315678, 0.242495596,
          0.337150127, 0.337150127, 0.0991004705, 0.337150127 ]
      - [ 0.418207318, 0.418207318, 0.418207318, 0.418207318,
          0.231446207, 0.000503268675, 0.0143099139, 0.040628951,
          0.0409060195, 0.0656947866, 0.0163765196, 0.00030828896,
          0.0231149681, 0.0210077092, 0.242238358, 0.418207318,
          0.220922902, 0., 0.0865686089, 0.139464512, 0., 0.029761795,
          0.35509795, 0.285533786, 0.254838079, 0.129474133, 0.072140187,
          0.35509795, 0.35509795, 0.347710341, 0.35509795, 0.35509795,
          0.0868443102, 0.218620583, 0.287002087, 0.417913675,
          0.417913675, 0.417913675, 0.361721128, 0.337998331,
          0.117773466, 0.0241211243, 0.00233038166, 0.119196549,
          0.140172228, 0.0548501872, 0.00353626721, 0.194274858,
          0.29863295, 0.0569111109, 0.29863295, 0.0291813556,
          0.258918256, 0.29863295, 0.295337319, 0.29863295, 0.190554842,
          0.29863295, 0.29863295, 0.14100869, 0.259566158, 0.29863295,
          0.0405025482, 0.29863295 ]
      - [ 0.23003231, 0.0845218897, 0.39523229, 0.558029592, 0.558029592,
          0.299852103, 0.140077457, 0.111348927, 0.0326840803, 0.,
          0.0316565819, 0.0724282861, 0., 0.00504269497, 0.0488468781,
          0.153970286, 0.0861389488, 0.0569013283, 0.0640314221,
          0.0157353841, 0., 0.00648866594, 0.0630286336, 0.0835164413,
          0.383647799, 0.383647799, 0.383647799, 0.383647799,
          0.383647799, 0.383647799, 0.26989907, 0.119217753, 0.312843353,
          0., 0.0730534345, 0.0389670916, 0.312843353, 0.312843353,
          0.218143851, 0.312843353, 0.264511168, 0.247761413,
          0.312843353, 0.312843353, 0.312843353, 0.0899582654,
          0.141492099, 0.312843353, 0.352185309, 0.352185309,
          0.352185309, 0.352185309, 0.27054131, 0.136862352, 0.268711448,
          0.352185309, 0.11636389, 0., 0., 0., 0.0025416594,
          0.0123385573, 0.272846699, 0.352185309 ]
      - [ 0.04048419, 0.264251202, 0.495038092, 0.495038092, 0.495038092,
          0.229441911, 0.00521046529, 0.244833231, 0.0957517773,
          0.205779538, 0.135253623, 0., 0., 0.00443948107, 0.0371490903,
          0.0676690117, 0.123129562, 0.0179281253, 0.178278536,
          0.118889116, 0.20031479, 0.219241738, 0.0106654521,
          0.338345945, 0.338345945, 0.338345945, 0.338345945,
          0.338345945, 0.282281429, 0.226880595, 0.267848253,
          0.267623723, 0.0226087421, 0.0646240264, 0.367718369,
          0.371519387, 0.380790412, 0.380790412, 0.380790412,
          0.380790412, 0.277364522, 0.0578436553, 0.187967584, 0.,
          0.0101748798, 0.0238975268, 0.146161333, 0.0247558318,
          0.302396774, 0.302396774, 0.302396774, 0.302396774,
          0.302396774, 0.302396774, 0.171345875, 0.180582613, 0.1511686,
          0.048799552, 0.250459433, 0.302396774, 0.132470921,
          0.0806403533, 0.302396774, 0.302396774 ]
      - [ 0.353140831, 0.319133461, 0.0798413008, 0.353140831,
          0.33782962, 0.277022809, 0.353140831, 0.353140831, 0.209797412,
          0., 0.0174129233, 0.0269524511, 0.0129162129, 0.0846563727,
          0.146492645, 0.353140831, 0.0232784543, 0., 0., 0.0151981208,
          0.0585597605, 0., 0.00497428281, 0.168691725, 0.370763272,
          0.370763272, 0.370763272, 0.370763272, 0.370763272,
          0.036798805, 0.370763272, 0.370763272, 0.132550836,
          0.167768225, 0.220177203, 0., 0.0135930246, 0.351051092,
          0.343665361, 0.351051092, 0.351051092, 0.00279217493, 0., 0.,
          0.351051092, 0.28924647, 0.351051092, 0.290090531, 0.383798242,
          0.383798242, 0.383798242, 0.356813937, 0.383798242,
          0.119341187, 0.0631356761, 0.228865772, 0.111099862,
          0.0035730307, 0.0249816589, 0.058719717, 0.142425925,
          0.00615549553, 0.158066943, 0.383798242 ]
      - [ 0.32221064, 0.249654785, 0.32221064, 0.32221064, 0.32221064,
          0.32221064, 0.145151883, 0.0233837664, 0.024964558,
          0.0396008193, 0.32221064, 0.307455152, 0.134193495,
          0.258103371, 0.0689489022, 0.32221064, 0.275382727,
          0.00999935064, 0., 0.00387048977, 0.255942374, 0.116609842,
          0.184384286, 0.353789181, 0.353789181, 0.353789181,
          0.353789181, 0.353789181, 0.217685163, 0.353789181,
          0.0830859467, 0.0460633188, 0.30274564, 0.282503128,
          0.0754341111, 0.30274564, 0.30274564, 0.30274564, 0.162034974,
          0.129457206, 0.185066134, 0.0826685503, 0.0498434044,
          0.30274564, 0.30274564, 0.30274564, 0.30274564, 0.30274564,
          0.383090883, 0.383090883, 0.383090883, 0.383090883,
          0.383090883, 0.119265392, 0.0323071443, 0.0584776998,
          0.00565466611, 0., 0., 0., 0.00457785791, 0.0761869028,
          0.301788181, 0.383090883 ]
      - [ 0.397775143, 0.397775143, 0.397775143, 0.397775143,
          0.397775143, 0.181843713, 0.157394513, 0.250129223,
          0.0238913614, 0.0431102216, 0.0373505615, 0.0267479271,
          0.0981582403, 0., 0., 0.265181929, 0.102999389, 0.0216696355,
          0.214592978, 0., 0.00563717494, 0.0738443956, 0.05007945,
          0.367041528, 0.351450562, 0.320315957, 0.398438722,
          0.398438722, 0.398438722, 0.125401676, 0.249414176,
          0.125959605, 0.20832783, 0.00333677698, 0.135901153,
          0.261764497, 0.0123139545, 0.00788136106, 0.00296171731,
          0.278021365, 0.324226618, 0.324226618, 0.324226618,
          0.324226618, 0.324226618, 0.324226618, 0.230174258,
          0.324226618, 0.234494388, 0.25718078, 0.391243607, 0.391243607,
          0.391243607, 0.369382918, 0.112820283, 0.337425143,
          0.149552941, 0.00201510708, 0.00112800125, 0.000380027253,
          0.0923097655, 0.123494364, 0.178897604, 0.273077548 ]
      - [ 0.172932267, 0.249368921, 0.49948445, 0.49948445, 0.49948445,
          0.192176625, 0.247618392, 0.0657624751, 0.0952873155,
          0.0472754464, 0.0112556247, 0., 0.120680511, 0.0681828186,
          0.0778907612, 0.123184085, 0.333707303, 0.18650879,
          0.0115096616, 0.254612625, 0.00638548937, 0.225351065,
          0.0690977499, 0.326407611, 0.178627029, 0.15868482,
          0.333707303, 0.333707303, 0.333707303, 0.097611554,
          0.333707303, 0.333707303, 0.105038866, 0.25941515, 0.13747108,
          0., 0.296736836, 0.179813176, 0.0352938771, 0.339200675,
          0.339200675, 0.339200675, 0.339200675, 0.339200675,
          0.335465521, 0., 0.184254527, 0.236600101, 0.270487785,
          0.133155838, 0.454504251, 0.454504251, 0.454504251,
          0.454504251, 0.170248583, 0.0953764096, 0.0190054346,
          0.00305871502, 0.00239877682, 0.0210306738, 0.0622831658,
          0.140632942, 0.0910025313, 0.0862055048 ]
      - [ 0.285356998, 0.379036307, 0.379036307, 0.379036307,
          0.379036307, 0.0915388018, 0.0772371739, 0.0459560268,
          0.00788116828, 0.0440279841, 0.00913492311, 0.233706623,
          0.263783723, 0.205916837, 0.106295824, 0.379036307,
          0.122756906, 0.104779005, 0.0903412327, 0., 0., 0.0903775468,
          0.0143397003, 0.101148814, 0.365942955, 0.0782945752,
          0.365942955, 0.365942955, 0.365942955, 0.365942955,
          0.365942955, 0.365942955, 0.34900102, 0.141802564, 0.338206232,
          0., 0.105294041, 0.248982236, 0.34900102, 0.34900102,
          0.34900102, 0.153088301, 0.226010785, 0.0195851028, 0.34900102,
          0.207512483, 0.11588227, 0.220325649, 0.331795186,
          0.0192777142, 0.185753271, 0.331795186, 0.331795186,
          0.323617429, 0.175734565, 0.331795186, 0.0785608217,
          0.00258368137, 0.0150232706, 0.266941965, 0.272014678,
          0.331795186, 0.118386969, 0.331795186 ]
      - [ 0.337231845, 0.265168816, 0.337231845, 0.165829554,
          0.337231845, 0.337231845, 0.246759102, 0.337231845,
          0.132611483, 0.00849901419, 0.0552299283, 0.0271043479,
          0.108641118, 0.270610362, 0.221582696, 0.337231845,
          0.0584124215, 0.0254637841, 0.18762964, 0.221900806, 0.2480046,
          0.174918905, 0.380714029, 0.380714029, 0.380714029,
          0.380714029, 0.380714029, 0.211281791, 0.0828697681,
          0.00543762371, 0.169137269, 0.103576496, 0.344248205,
          0.0430902541, 0.344248205, 0.344248205, 0.185484245,
          0.0385402329, 0.182648197, 0.259913743, 0.106058463,
          0.0829974189, 0.334394991, 0.0968774557, 0.0866912454,
          0.344248205, 0.344248205, 0.344248205, 0.33798933, 0.103975117,
          0.33798933, 0.33798933, 0.33798933, 0.33798933, 0.320320368,
          0.33798933, 0.165791601, 0.000999591197, 0., 0.0571880527,
          0.278231084, 0.229740947, 0.0797642395, 0.174562886 ]
      - [ 0.39796564, 0.39796564, 0.202357918, 0., 0.128539518,
          0.314051449, 0.0335220881, 0.197232455, 0.39796564,
          0.307073593, 0.258130968, 0.0476696081, 0.0102546271,
          0.00801106356, 0.0550124012, 0.39796564, 0.290286273,
          0.321576595, 0.0967130288, 0.357582539, 0.14183341,
          0.00155584642, 0.357582539, 0.357582539, 0.357582539,
          0.106617175, 0.0948720872, 0.167736217, 0.0821248814,
          0.287003875, 0.0482881591, 0.357582539, 0.357812464,
          0.0115402723, 0.116002336, 0.196032524, 0., 0.326482266,
          0.217485249, 0.357812464, 0.357812464, 0.149064749,
          0.357812464, 0.225916222, 0.352664173, 0.147409871,
          0.0993206277, 0.221748456, 0.419378996, 0.419378996,
          0.419378996, 0.272062033, 0.0550197214, 0.0746687725,
          0.0636871159, 0.0200266279, 0., 0.000851015211, 0.000137379218,
          0.0123680159, 0.102058604, 0.13700287, 0.419378996,
          0.419378996 ]
      - [ 0.175461024, 0.331127048, 0.331127048, 0.331127048,
          0.331127048, 0.331127048, 0.331127048, 0.331127048,
          0.295404583, 0.0877690539, 0.101844877, 0.0844952092,
          0.0849320814, 0.0702865571, 0.189268902, 0.194765285,
          0.225605085, 0., 0.331474036, 0.0628216118, 0., 0.0369743481,
          0.331474036, 0.331474036, 0.331474036, 0.167967603,
          0.331474036, 0.331474036, 0.331474036, 0.150656998,
          0.102790162, 0.331474036, 0.34697926, 0.0449432321, 0., 0.,
          0.152997404, 0.0883726403, 0.256845593, 0.34697926, 0.34697926,
          0.290924489, 0.34697926, 0.34697926, 0.339938015, 0.0406184383,
          0.0822677389, 0.294516623, 0.374998778, 0.374998778,
          0.374998778, 0.374998778, 0.374998778, 0.374998778, 0.22965464,
          0.0507221371, 0.0136968512, 0., 0., 0.00174425775,
          0.00982112065, 0.0635846034, 0.154605672, 0.262606174 ]
      - [ 0.423408747, 0.423408747, 0.423408747, 0.423408747,
          0.423408747, 0.262427598, 0.0744630918, 0.115099266,
          0.0229430199, 0.00532571832, 0., 0., 0., 0., 0., 0.105735429,
          0.311535716, 0.0966217592, 0.311535716, 0.0321839452,
          0.0883504525, 0.101263344, 0.187770382, 0.210794866,
          0.285168171, 0.311535716, 0.311535716, 0.311535716,
          0.302957863, 0.311535716, 0.190466017, 0.311535716,
          0.289424658, 0.00571200252, 0.289424658, 0.199969366,
          0.289424658, 0.289424658, 0.289424658, 0.287652999,
          0.195118129, 0.142763928, 0.289424658, 0.289424658,
          0.0659915507, 0.240075111, 0.289424658, 0.289424658,
          0.363088846, 0.128345013, 0.403447777, 0.403447777,
          0.403447777, 0.403447777, 0.040964853, 0.0568125807,
          0.0280003697, 0.00547750946, 0.0107499035, 0.0382291861,
          0.100965239, 0.12191169, 0.0382084325, 0.403447777 ]
      - [ 0.365598887, 0.365598887, 0.365598887, 0.365598887,
          0.365598887, 0.130127519, 0.159414992, 0.159433484,
          0.0224644765, 0., 0.00817235932, 0.011271595, 0., 0.0984143317,
          0.340914637, 0.365598887, 0.220258772, 0.0969572887,
          0.089516066, 0.142105713, 0., 0.0267329644, 0.0311324596,
          0.00824687351, 0.139182732, 0.0558346696, 0.411967516,
          0.411967516, 0.411967516, 0.411967516, 0.411967516,
          0.192185983, 0.222456411, 0.31396234, 0.135197893, 0.355004728,
          0.355004728, 0.225311071, 0.230874643, 0.355004728,
          0.345105767, 0.190666452, 0.146338463, 0., 0., 0.0212861486,
          0.211220831, 0.355004728, 0.216304109, 0.278554976,
          0.253323168, 0.0457757898, 0.306413859, 0.306413859,
          0.291935295, 0.300772727, 0.194102913, 0.0630026534,
          0.306413859, 0.306413859, 0.212055862, 0.306413859,
          0.121220186, 0.244631916 ]
      - [ 0.390447974, 0.390447974, 0.373807639, 0., 0.250573397,
          0.390447974, 0.390447974, 0.310223997, 0.1871932, 0.0390133075,
          0.0610838011, 0.0375496559, 0.165700093, 0.0219475515,
          0.0771222338, 0.10932605, 0.192495301, 0.0543221533, 0., 0.,
          0., 0., 0.00570384692, 0.313128084, 0.379839659, 0.379839659,
          0.379839659, 0.379839659, 0.31466943, 0.379839659,
          0.0963181928, 0.168621838, 0.109253451, 0., 0., 0.210466877,
          0.00184414745, 0.0831751525, 0.209934697, 0.464808077,
          0.464808077, 0.174610183, 0.0956295654, 0.0618289709,
          0.464808077, 0.40717572, 0., 0.175334573, 0.340960264,
          0.199227676, 0.340960264, 0.340960264, 0.340960264,
          0.340960264, 0.340960264, 0.154196143, 0.0621071458,
          0.00195154396, 0.0368235298, 0.0806423053, 0.18441923,
          0.192797616, 0.190908715, 0.340960264 ]
      - [ 0.364551812, 0.364551812, 0.357347608, 0.364551812,
          0.198152781, 0.342606366, 0.0887869224, 0.296973705,
          0.0942334756, 0., 0.00256179436, 0.0428357795, 0.114749715,
          0.165629357, 0.181731254, 0.364551812, 0.211008251,
          0.212941229, 0.37166965, 0.0329508036, 0.37166965, 0.,
          0.0787513629, 0.37166965, 0.37166965, 0.199076176,
          0.0532216802, 0.0470758341, 0.37166965, 0.0383360498,
          0.155406892, 0.37166965, 0.126433417, 0., 0.189886644,
          0.371583015, 0.371583015, 0.371583015, 0.371583015,
          0.371583015, 0.23395519, 0.0488091819, 0.0888901278,
          0.0352620631, 0.00883499626, 0.0209187977, 0.315009505,
          0.296423465, 0.312398702, 0.324940056, 0.324940056,
          0.324940056, 0.324940056, 0.288013726, 0.0974915549,
          0.290572047, 0.00859334692, 0.00115070911, 0.00908191968,
          0.0760614574, 0.203866288, 0.203103915, 0.324940056,
          0.324940056 ]
      - [ 0.327694267, 0.347587556, 0.347587556, 0.347587556,
          0.347587556, 0.288499773, 0.347587556, 0.347587556,
          0.280347586, 0.011330653, 0.0406044163, 0.00428318745, 0., 0.,
          0., 0.0248752255, 0.338051319, 0.279977232, 0.116152413,
          0.0292321388, 0.15696615, 0.338051319, 0.317205399,
          0.338051319, 0.338051319, 0.203080416, 0.126033202,
          0.338051319, 0., 0.125867933, 0.31944102, 0.179518238,
          0.307235122, 0., 0.0441431738, 0.0429568626, 0.0731272399,
          0.180624679, 0.331910849, 0.363234997, 0.363234997,
          0.363234997, 0.363234997, 0.0583366789, 0.363234997,
          0.157376334, 0.0239225067, 0.248203412, 0.405911118,
          0.405911118, 0.340569198, 0.405911118, 0.405911118, 0.18714577,
          0.0264964718, 0.166674659, 0.109463938, 0.0202981923,
          0.147056445, 0.07162413, 0.208768532, 0.19181779, 0.125819594,
          0.148449674 ]
      - [ 0.35364902, 0.138622999, 0.189866304, 0.35364902, 0.35364902,
          0.35364902, 0.210044265, 0.184842452, 0.126845658,
          0.0551385432, 0., 0.144831285, 0.19870539, 0.35364902,
          0.181438267, 0.35364902, 0.220230207, 0.287063122, 0.141165748,
          0., 0., 0., 0., 0.293596387, 0.344785511, 0.344785511,
          0.344785511, 0.344785511, 0.344785511, 0.30938679, 0.,
          0.263470024, 0.236764193, 0., 0., 0.344643295, 0.11224436,
          0.344643295, 0.287110031, 0.344643295, 0.344643295,
          0.0706373155, 0.0371615738, 0.344643295, 0.344643295,
          0.050902728, 0.0710888058, 0.344643295, 0.397985935,
          0.397985935, 0.247304335, 0.397985935, 0.397985935,
          0.291052759, 0.112091586, 0.170351461, 0.0245022271,
          0.00553299813, 0.00922083855, 0.0414790437, 0.0335079804,
          0.03170323, 0.109728999, 0.397985935 ]
      - [ 0.375906795, 0.375906795, 0.375906795, 0.0573104993,
          0.375906795, 0.375906795, 0.375906795, 0.0585300103,
          0.0160741936, 0.00422582729, 0.0237280894, 0.000196723675,
          0.019075403, 0.0472325757, 0.0791980475, 0.363307625,
          0.32857585, 0.308419138, 0.00202794163, 0., 0., 0.,
          0.0140890935, 0.32857585, 0.32857585, 0.192628846, 0.32857585,
          0.32857585, 0.32857585, 0.32857585, 0.0242747329, 0.32857585,
          0.223169297, 0., 0.0925972462, 0.349582285, 0.129132196,
          0.349582285, 0.349582285, 0.184178218, 0.189844832,
          0.135641247, 0.349582285, 0.00695114862, 0., 0.349582285,
          0.315906763, 0.349582285, 0.306432068, 0.326322436,
          0.326322436, 0.314334363, 0.12985146, 0.0585534871,
          0.00912735332, 0.252806515, 0.134459317, 0.0480682477,
          0.0351164155, 0.243325442, 0.326322436, 0.326322436,
          0.326322436, 0.326322436 ]
      - [ 0.0913777351, 0.345908344, 0.261586338, 0.458928198,
          0.458928198, 0.456735671, 0.284012496, 0.196189448,
          0.0324064232, 0., 0., 0.0102372915, 0.083806783, 0.0241919477,
          0.100165486, 0.176629975, 0.33552441, 0.295773178,
          0.0343123414, 0.172388345, 0.00869686808, 0.119815178,
          0.16310145, 0.270374477, 0.288051426, 0.151065633, 0.33552441,
          0.33552441, 0.33552441, 0.33552441, 0.0154601298, 0.308574647,
          0.208366722, 0.359422266, 0.382037133, 0.0504897051,
          0.00860565808, 0.0478264801, 0.382037133, 0.382037133,
          0.382037133, 0.257495105, 0., 0.0142577318, 0.382037133, 0.,
          0.0879455283, 0.121113114, 0.341052562, 0.341052562,
          0.302850008, 0.341052562, 0.00666937931, 0.296049476,
          0.144061193, 0.069726713, 0.0326516815, 0.00618944736,
          0.112608634, 0.341052562, 0.341052562, 0.17727986, 0.220124006,
          0.341052562 ]
      - [ 0.209879473, 0.287641793, 0.364003778, 0.467256516,
          0.467256516, 0.467256516, 0.0927708894, 0.198815778,
          0.0299865156, 0.00649898825, 0., 0.00278750272, 0.00557263475,
          0.00354939443, 0.0853798911, 0.156985134, 0.0679265186, 0.,
          0.00399035541, 0.189674616, 0.00105339556, 0., 0., 0.247146979,
          0.363618284, 0.363618284, 0.363618284, 0.363618284,
          0.363618284, 0.053035114, 0.313936085, 0.363618284, 0.23356159,
          0.200275853, 0.0502275713, 0.198421836, 0.0325330757,
          0.312164694, 0.312164694, 0.312164694, 0.312164694,
          0.312164694, 0.0151998596, 0.0893124342, 0.312164694,
          0.30735597, 0.312164694, 0.272880733, 0.200889289, 0.283648252,
          0.162874848, 0.258375376, 0.289406687, 0.251893342,
          0.227539539, 0.289406687, 0.289406687, 0.147111714,
          0.100818425, 0.22290121, 0.289406687, 0.289406687, 0.289406687,
          0.289406687 ]
      - [ 0.340173811, 0.340173811, 0.340025127, 0.0510075912,
          0.0448477976, 0.340173811, 0.0838160738, 0.179286927,
          0.168107688, 0.302287132, 0.142887607, 0.0254202615,
          0.0468169041, 0.340173811, 0.340173811, 0.340173811,
          0.367956191, 0.31512779, 0.367956191, 0.1493745, 0.367956191,
          0.155936792, 0.00465639075, 0.0201335102, 0.0158948954,
          0.128287166, 0.0556985661, 0.0689489171, 0.114215545,
          0.367956191, 0.367956191, 0.367956191, 0.0324221998,
          0.0342603922, 0., 0.124525875, 0.0333345085, 0.015989067,
          0.345334291, 0.49328813, 0.49328813, 0.0968300849,
          0.0748610273, 0.0659920946, 0.118863106, 0.415164381,
          0.379143566, 0.143100411, 0.505590737, 0.192937434,
          0.136436343, 0.232612178, 0., 0.00631090673, 0.115473792,
          0.0545351095, 0.0519472137, 0., 0.00534237782, 0.0145445857,
          0.0429359637, 0.311458081, 0.505590737, 0.505590737 ]
      - [ 0.400321156, 0.343140602, 0.400321156, 0.400321156,
          0.400321156, 0.400321156, 0.100971028, 0.0721507967,
          0.0921675637, 0.0101700332, 0.0641679317, 0.040823333,
          0.130530581, 0.104825005, 0.0361804515, 0.13360934,
          0.228729233, 0.175120696, 0., 0., 0.1119157, 0.0401981585, 0.,
          0.341640174, 0.341640174, 0.341640174, 0.341640174,
          0.341640174, 0.297267467, 0.0744196475, 0.324417651,
          0.341640174, 0.237981722, 0.070639804, 0.340180367,
          0.0335283689, 0.224769607, 0.340180367, 0.340180367,
          0.340180367, 0.340180367, 0.240872517, 0., 0., 0.340180367,
          0.0208355207, 0.14381735, 0.331446767, 0.298027873,
          0.298027873, 0.298027873, 0.298027873, 0.298027873,
          0.297599047, 0.166358933, 0.298027873, 0.252596766,
          0.0334317088, 0.0328317471, 0.103751823, 0.142214328,
          0.298027873, 0.298027873, 0.270603776 ]
      - [ 0.399259865, 0.399259865, 0.399259865, 0.399259865,
          0.205144197, 0.302013189, 0.00503457384, 0.0613058768,
          0.00783918519, 0., 0., 0.0210420974, 0.073385112, 0.215705574,
          0.230964839, 0.339903891, 0.170447096, 0.13345629, 0.126744553,
          0., 0., 0.0671513602, 0.111321114, 0.366267234, 0.366267234,
          0.366267234, 0.366267234, 0.0982118845, 0.366267234,
          0.366267234, 0.159844801, 0.27641651, 0.18794553, 0.110234104,
          0.370719552, 0.370719552, 0.370719552, 0.370719552,
          0.370719552, 0.370719552, 0.290187895, 0., 0., 0.0639491677,
          0.0927831009, 0., 0., 0.165275618, 0.30773744, 0.256259769,
          0.30773744, 0.174020633, 0.30773744, 0.30773744, 0.30773744,
          0.296472162, 0.168546215, 0.0379060432, 0.0469951965,
          0.30773744, 0.30773744, 0.0884320363, 0.197264746, 0.267158926 ]
      - [ 0.306177467, 0.355056614, 0.355056614, 0.355056614,
          0.355056614, 0.347424746, 0.355056614, 0.355056614,
          0.0770207494, 0., 0., 0., 0., 0., 0.0329967141, 0.136352032,
          0.268571883, 0.0408665799, 0.0151613615, 0., 0., 0.0659950078,
          0.319337338, 0.319337338, 0.319337338, 0.319337338,
          0.319337338, 0.319337338, 0.0252172928, 0.319337338,
          0.319337338, 0.319337338, 0.0663026869, 0.148967549,
          0.191507459, 0.018377278, 0.364591926, 0.364591926,
          0.358690053, 0.364591926, 0.116779156, 0., 0.327098101,
          0.0499183536, 0.134569049, 0.0997076333, 0.364591926,
          0.348161906, 0.306324601, 0.306324601, 0.0631958768,
          0.0484057441, 0.306324601, 0.306324601, 0.147049978,
          0.306324601, 0.306324601, 0.0267411675, 0.0502136871,
          0.165512815, 0.306324601, 0.306324601, 0.306324601,
          0.306324601 ]
      - [ 0.396333307, 0.37559247, 0.404428482, 0.404428482, 0.404428482,
          0.10829068, 0.0801000968, 0.258139819, 0.315103501,
          0.023672197, 0.0304321442, 0., 0., 0.102943085, 0.0322206132,
          0.0996570438, 0.157905549, 0.162138939, 0.0687502921,
          0.23841095, 0.363728881, 0.363728881, 0.0218055248,
          0.363728881, 0.363728881, 0.259327024, 0.254644603, 0., 0.,
          0.281038135, 0.190089658, 0.326642752, 0.00556510361,
          0.0174575392, 0.0197163783, 0.0987281874, 0.317013115,
          0.395513594, 0.395513594, 0.395513594, 0.395513594,
          0.0902901962, 0.0913340002, 0.292273134, 0.193199456,
          0.166429266, 0.291232795, 0.087158002, 0.440327138,
          0.440327138, 0.440327138, 0.440327138, 0.440327138,
          0.070500493, 0.0141923651, 0.00704945717, 0.0127034318, 0.,
          0.00226277229, 0.000380091049, 0.00121872267, 0.0131724747,
          0.0294012874, 0.140478402 ]
      - [ 0.0540002696, 0.195839703, 0.290233105, 0.390675753,
          0.390675753, 0.390675753, 0.255242407, 0.390675753,
          0.390675753, 0.148891896, 0.0245238505, 0.00895846449,
          0.0434800312, 0.0572498441, 0.111888833, 0.0420539752,
          0.372529209, 0.0406849384, 0., 0., 0., 0., 0.0848937929,
          0.372529209, 0.372529209, 0.372529209, 0.372529209,
          0.372529209, 0.372529209, 0.0961951315, 0.0207111929,
          0.0792925432, 0.107402012, 0.159604311, 0.112796791, 0.,
          0.189387605, 0.370059878, 0.370059878, 0.370059878,
          0.370059878, 0.370059878, 0.0581379086, 0.370059878,
          0.14453724, 0.226705775, 0.00180199766, 0.115618221,
          0.297526926, 0.297526926, 0.297526926, 0.188287407,
          0.297526926, 0.293739229, 0.297526926, 0.152535498,
          0.0921701714, 0.0556248613, 0.297526926, 0.297526926,
          0.169054076, 0.297526926, 0.123109318, 0.297526926 ]
      - [ 0.189735562, 0.528009236, 0.528009236, 0.528009236, 0.13491495,
          0.120732941, 0.106944084, 0.142594993, 0.0915563777,
          0.00345932646, 0.0325458199, 0.0402522571, 0.0044587804,
          0.0826022476, 0.145034775, 0.13727726, 0.304775983,
          0.136889368, 0.141949639, 0.0466518588, 0.286638469,
          0.0157901514, 0.0696903914, 0.267190993, 0.304775983,
          0.304775983, 0.304775983, 0.304775983, 0.304775983,
          0.304775983, 0.232645467, 0.304775983, 0.348836035,
          0.00061742519, 0.00384112541, 0.0249677952, 0.0835063308,
          0.198859438, 0.403221607, 0.403221607, 0.403221607,
          0.199546918, 0.311165512, 0.186670408, 0.0726076514,
          0.00167565292, 0.00378453289, 0.403221607, 0.379105419,
          0.379105419, 0.379105419, 0.379105419, 0.379105419,
          0.0520186834, 0.216594651, 0.248758972, 0.1188059,
          0.0119190244, 0.00219717529, 0.00998816174, 0.0494932756,
          0.0818594918, 0.159661174, 0.34220466 ]
      - [ 0.0725633949, 0.372881383, 0.272718608, 0.410720795,
          0.410720795, 0.322180092, 0.410720795, 0.349901259,
          0.112968162, 0.0146505358, 0.00691367453, 0.0287504233, 0.,
          0.00852220226, 0.0306235515, 0.173346356, 0.323845327,
          0.198009253, 0.146971494, 0.0438304394, 0., 0., 0.0185081977,
          0.323845327, 0.323845327, 0.323845327, 0.323845327,
          0.323845327, 0.317712545, 0.323845327, 0.219594777,
          0.224496379, 0.166445762, 0.360382468, 0.306827486,
          0.360382468, 0.360382468, 0.360382468, 0.101910666,
          0.183745384, 0.147296935, 0.335414678, 0.108786479,
          0.0661886036, 0.110642895, 0.00304690725, 0.315374672,
          0.220850155, 0.409198284, 0.0813468695, 0.158371195,
          0.409198284, 0.409198284, 0.336985558, 0.188915133,
          0.150734544, 0.0626810044, 0.0244579967, 0.0125616575,
          0.00444358075, 0.0571759194, 0.297168314, 0.161829308,
          0.409198284 ]
      - [ 0.242414728, 0.16275084, 0.453335464, 0.36151433, 0.499095917,
          0.38461557, 0.0899046063, 0.0365831666, 0.0141525324,
          0.0254446641, 0.0487900116, 0.310017616, 0.09528552,
          0.157410324, 0.157997936, 0.0946039334, 0.104224086,
          0.0558518097, 0.0561923012, 0., 0., 0., 0.125582278,
          0.122117721, 0.202787727, 0.284279406, 0.413790464,
          0.413790464, 0.413790464, 0.358645618, 0.362166375,
          0.229448572, 0.186868906, 0.126415953, 0.279087782,
          0.0529621169, 0.279087782, 0.279087782, 0.23177214,
          0.279087782, 0.279087782, 0.279087782, 0.238617018,
          0.279087782, 0.279087782, 0.232268631, 0.279087782,
          0.279087782, 0.20818527, 0.394982159, 0.394982159, 0.394982159,
          0.394982159, 0.356576473, 0.0955934078, 0.174653679,
          0.0348514579, 0., 0.0113982148, 0.0175125655, 0.118789084,
          0.111624554, 0.102945551, 0.350800246 ]
      - [ 0.166469514, 0.456822723, 0.456822723, 0.456822723,
          0.456822723, 0.270124853, 0.101146258, 0.0165258162,
          0.0220663752, 0.0160414744, 0.105200328, 0.0130665228,
          0.0421164446, 0.100524902, 0.0746506825, 0.141675785,
          0.328609198, 0.231959343, 0.0277224053, 0., 0., 0.000633750518,
          0.117338941, 0.332294613, 0.296102196, 0.309919029,
          0.353170902, 0.353170902, 0.353170902, 0.353170902,
          0.0982562006, 0.132006586, 0.178036988, 0., 0., 0.0264215749,
          0.232053995, 0.382860392, 0.382860392, 0.382860392,
          0.382860392, 0.202280596, 0.175282881, 0.202507421,
          0.0502345599, 0.0161780305, 0.248162061, 0.382860392,
          0.416047722, 0.416047722, 0.416047722, 0.416047722,
          0.369468868, 0.0442287847, 0.20378089, 0.162958428,
          0.0476529896, 0., 0., 0.00777792418, 0.0647491664, 0.166619316,
          0.0334119275, 0.24801898 ]
      - [ 0.429187149, 0.429187149, 0.396685809, 0.429187149,
          0.429187149, 0.21342285, 0.0486499742, 0.0535140745,
          0.0335024148, 0.022023974, 0.0799834505, 0.0107353376,
          0.0435961261, 0.0111935213, 0., 0.20154582, 0.327737421,
          0.0175638255, 0.126638219, 0.0764472783, 0.11710716,
          0.0384753123, 0.0101583572, 0.0820394456, 0.40461719,
          0.180331737, 0.174139023, 0.408962548, 0.408962548,
          0.408962548, 0.328172296, 0.0909817815, 0.185846522,
          0.259420335, 0.258726954, 0.302569956, 0.323128283,
          0.323128283, 0.323128283, 0.323128283, 0.224290669,
          0.218169227, 0.231595173, 0.146947443, 0.298847258,
          0.0234103296, 0., 0.236232772, 0.33153078, 0.33153078,
          0.33153078, 0.33153078, 0.33153078, 0.33153078, 0.250684291,
          0.33153078, 0.106365554, 0., 0.0185450278, 0.0605640002,
          0.0602170266, 0.114488706, 0.149947494, 0.33153078 ]
      - [ 0.214331374, 0.158028737, 0.482060671, 0.482060671,
          0.482060671, 0.321200937, 0.209048867, 0.0660108253,
          0.0200621709, 0., 0.0139885591, 0.0325706936, 0.00618159352,
          0.0207668822, 0.0543567799, 0.266110241, 0.298071742,
          0.298071742, 0.268043488, 0.107388504, 0.266090333,
          0.298071742, 0.215422571, 0.292902589, 0.298071742,
          0.258958727, 0.280130506, 0.298071742, 0.074765183,
          0.0986092314, 0.298071742, 0.129275024, 0.190688357,
          0.18152079, 0.129831776, 0.405190289, 0.405190289, 0.405190289,
          0.405190289, 0.243727967, 0.145843089, 0.0524349213,
          0.0119284336, 0.0162842516, 0.128281638, 0.196116164,
          0.0130072534, 0.337860972, 0.258606702, 0.176228493,
          0.290896237, 0.412786812, 0.412786812, 0.412786812,
          0.348834366, 0.127764136, 0.0534501895, 0.0385669619,
          0.117817454, 0.161644116, 0.224697694, 0.134512395,
          0.207160398, 0.0910044834 ]
      - [ 0.263817221, 0.452838629, 0.452838629, 0.452838629,
          0.452838629, 0.175309628, 0.165048108, 0.105173528,
          0.0242057405, 0., 0.0119606396, 0.015295296, 0.000579768152,
          0.014761827, 0.0718705878, 0.173906669, 0.144774973,
          0.289343745, 0.112697214, 0.343550593, 0.116711475,
          0.343550593, 0.343550593, 0.343550593, 0.343550593,
          0.157707214, 0.00649511768, 0.160577133, 0.343550593,
          0.0560691617, 0.19219695, 0.258111328, 0.371671349,
          0.00411768211, 0.00148675428, 0., 0., 0., 0.174175382,
          0.085470438, 0.375888199, 0.375888199, 0.375888199,
          0.375888199, 0.375888199, 0., 0., 0.337615073, 0.155676931,
          0.397823095, 0.309757829, 0.397823095, 0.397823095,
          0.397823095, 0.252115369, 0.0699129999, 0.0929729491,
          0.0684397593, 0.0938673541, 0.207005844, 0.0434432589,
          0.200350165, 0.245034888, 0.0853098556 ]
      - [ 0.314265251, 0.125224471, 0.0507934839, 0.231417358,
          0.278582096, 0.314265251, 0.314265251, 0.314265251,
          0.218836039, 0.314265251, 0.314265251, 0.0704145879,
          0.0255358592, 0.314265251, 0.0619352162, 0.314265251,
          0.22786288, 0.0503029414, 0.0101964213, 0.0453950837,
          0.300831705, 0.0305423532, 0.035436403, 0.171242595,
          0.143626332, 0.278043002, 0.253655702, 0.396516889,
          0.396516889, 0.396516889, 0.258694351, 0.341368496,
          0.316293031, 0.0595523976, 0.141140476, 0.316293031,
          0.0485059172, 0.0643245727, 0.0905012116, 0.316293031,
          0.316293031, 0.316293031, 0.316293031, 0.316293031,
          0.316293031, 0.249602124, 0.0563082621, 0.30477789,
          0.213798836, 0.260120571, 0.36025092, 0.36025092, 0.36025092,
          0.36025092, 0.058999788, 0.110234775, 0.0824089646,
          0.0192279518, 0.0030504365, 0.106834188, 0.274893463,
          0.257124364, 0.241306052, 0.36025092 ]
      - [ 0.462112337, 0.216375619, 0.462112337, 0.462112337,
          0.462112337, 0.217360809, 0.135230154, 0.0923134685,
          0.00543970009, 0., 0., 0., 0., 0.0469974652, 0.10425058,
          0.0849313736, 0.230370358, 0.209965453, 0.337103307,
          0.337103307, 0.100111425, 0.144599512, 0., 0.0033584605,
          0.0127271144, 0.216960311, 0.337103307, 0.337103307,
          0.337103307, 0.317443579, 0.337103307, 0.196716279,
          0.0537859239, 0.185367197, 0.000919909275, 0.110464908,
          0.213507101, 0.339314759, 0.24824667, 0.363805354, 0.363805354,
          0.151861429, 0.0460597537, 0.363805354, 0.265171915, 0.,
          0.363805354, 0.31566599, 0.386140466, 0.158494592, 0.386140466,
          0.386140466, 0.355557919, 0.110430419, 0.0229224823,
          0.000379039819, 0.000379039819, 0.00674828375, 0.0768914446,
          0.264653265, 0.386140466, 0.0366255492, 0.0949579701,
          0.386140466 ]
      - [ 0.394673467, 0.46555239, 0.46555239, 0.46555239, 0.13590005,
          0.214739218, 0.0805293396, 0.0844192579, 0.0506347679,
          0.0283980146, 0.00218570372, 0., 0., 0.0171624515, 0.058384262,
          0.322635919, 0.293939143, 0.0116001973, 0., 0., 0.0249898583,
          0.230812743, 0.241775602, 0.311072499, 0.311072499,
          0.311072499, 0.311072499, 0.311072499, 0.205107719,
          0.292000771, 0.300120354, 0.311072499, 0.186551958,
          0.0331923738, 0.0053582387, 0.0120606925, 0.331256896,
          0.331256896, 0.229967028, 0.331256896, 0.331256896,
          0.331256896, 0.331256896, 0.331256896, 0.0627139956,
          0.126085654, 0.100239605, 0.331256896, 0.0889676139,
          0.196595639, 0.46085602, 0.46085602, 0.46085602, 0.46085602,
          0.199686602, 0.18610698, 0.032869257, 0.0119353374,
          0.00115591707, 0.0309505183, 0.068865642, 0.0242122021,
          0.0642648414, 0.114573784 ]
      - [ 0.383734286, 0.383734286, 0.383734286, 0.383734286,
          0.383734286, 0.0675445274, 0.0263206717, 0.00229523913,
          0.00229523913, 0.00232315389, 0.0331796668, 0.222153977,
          0.131440625, 0.15046744, 0.130433932, 0.383734286, 0.348329633,
          0.0225994252, 0., 0.13736932, 0.0378653742, 0., 0.00236932817,
          0.348329633, 0.348329633, 0.348329633, 0.348329633,
          0.348329633, 0.262769997, 0.348329633, 0.0360287838,
          0.236682355, 0.310561627, 0.0190484114, 0.111250572,
          0.310561627, 0.0338838026, 0.143754244, 0.153433278,
          0.310561627, 0.310561627, 0.266580015, 0.295712441,
          0.310561627, 0.310561627, 0.280332416, 0.229174256,
          0.265505463, 0.330184191, 0.306692719, 0.330184191,
          0.330184191, 0.330184191, 0.330184191, 0.330184191, 0.20837158,
          0.0285077449, 0., 0.00535937445, 0.165591106, 0.206541345,
          0.244400054, 0.204667911, 0.180418104 ]
      - [ 0.132214814, 0.185131595, 0.332377821, 0.547841191,
          0.547841191, 0.406397611, 0.19550468, 0.0294312872,
          0.0217848383, 0.00149457983, 0., 0., 0.0296513215,
          0.00234043063, 0.0847167894, 0.138759077, 0.124946006,
          0.173665538, 0.00999909267, 0.0531891286, 0.029544523, 0.,
          0.0355367251, 0.193504363, 0.281036586, 0.368335366,
          0.368335366, 0.368335366, 0.368335366, 0.351262331,
          0.174375892, 0.364118844, 0.107209213, 0., 0.148295686,
          0.369904131, 0.276961088, 0.369904131, 0.369904131,
          0.369904131, 0.369904131, 0.113103449, 0.073107481,
          0.0492576845, 0., 0.255053252, 0.0940488204, 0.327880085,
          0.303303927, 0.303303927, 0.250921786, 0.303303927,
          0.303303927, 0.303303927, 0.17152606, 0.303303927, 0.303303927,
          0.0445511639, 0.0402327403, 0.20125857, 0.303303927,
          0.11716608, 0.137151331, 0.303303927 ]
      - [ 0.384290159, 0.384290159, 0.384290159, 0.384290159,
          0.384290159, 0.384290159, 0.128502503, 0.0639818236,
          0.0502825752, 0.00633762311, 0.0166375823, 0., 0., 0., 0.,
          0.294339091, 0.226614237, 0.120697908, 0.105181798,
          0.256786406, 0.0267436262, 0.0223290455, 0.0193990935,
          0.241785303, 0.3331227, 0.3331227, 0.3331227, 0.3331227,
          0.3331227, 0.3331227, 0.130005807, 0.3331227, 0.130818278,
          0.13849476, 0.0602852069, 0.216029853, 0.284350991,
          0.289479762, 0.237470672, 0.289479762, 0.289479762,
          0.289479762, 0.289479762, 0.289479762, 0.289479762,
          0.138113335, 0.289479762, 0.289479762, 0.383977532,
          0.275759071, 0.42179966, 0.42179966, 0.42179966, 0.356891125,
          0.103607193, 0.234726325, 0.0299401153, 0., 0., 0.,
          0.00274154381, 0.009583381, 0.0269225594, 0.208894521 ]
      - [ 0.323903173, 0.443870783, 0.443870783, 0.443870783,
          0.443870783, 0.0818096548, 0.0236436632, 0.0294543318,
          0.0157073066, 0.007030081, 0., 0.0291130673, 0.0236668158,
          0.00224477751, 0.086915642, 0.291865081, 0.301995069,
          0.145180941, 0.251460403, 0., 0., 0., 0.132528648, 0.301995069,
          0.301995069, 0.290735424, 0.301995069, 0.301995069,
          0.301995069, 0.291422546, 0.295376569, 0.301995069,
          0.289845645, 0.30612278, 0.30612278, 0.30612278, 0.30612278,
          0.30612278, 0.30612278, 0.30612278, 0.269812852, 0.0619629622,
          0.00962719042, 0.234282732, 0.119845524, 0.0338923521,
          0.126926467, 0.30612278, 0.370952278, 0.397394896, 0.183197111,
          0.397394896, 0.397394896, 0.397394896, 0.289451152,
          0.156466976, 0.0890165642, 0.06347581, 0.0771737695,
          0.0693707839, 0.108914524, 0.0463150404, 0.124985091,
          0.18043986 ]
      - [ 0.361314833, 0.361314833, 0.138909027, 0.361314833,
          0.361314833, 0.0964472219, 0.361314833, 0.361314833,
          0.361314833, 0., 0.0249130428, 0.0838629901, 0.0520364083,
          0.0118902493, 0.0825909451, 0.19138813, 0.106289782, 0., 0.,
          0., 0., 0., 0.0181034915, 0.113321438, 0.246005192,
          0.277838022, 0.396695346, 0.396695346, 0.396695346,
          0.396695346, 0.396695346, 0.216844544, 0.237881377,
          0.0529667549, 0.366252035, 0.0860753506, 0.246808589,
          0.366252035, 0.366252035, 0.366252035, 0.366252035,
          0.00950068422, 0., 0.266564041, 0.220678747, 0.000197125715,
          0.275089473, 0.0490059108, 0.297203898, 0., 0.297203898,
          0.297203898, 0.297203898, 0.194330886, 0.0722451732,
          0.297203898, 0.297203898, 0.099384658, 0.147935838,
          0.297203898, 0.277269185, 0.224575907, 0.297203898,
          0.297203898 ]
      - [ 0.369715124, 0.369715124, 0.369715124, 0., 0.369715124,
          0.113319717, 0.0985303223, 0.304964095, 0.159737676,
          0.231447786, 0., 0.0104201995, 0.183202326, 0.0481729396,
          0.286758989, 0.369715124, 0.309980333, 0.3210904, 0.206397235,
          0.0626288652, 0., 0.0148758264, 0.0475468673, 0.127923816,
          0.195711061, 0.115660951, 0.176188856, 0.394583195,
          0.394583195, 0.16123271, 0.394583195, 0.394583195, 0.141741842,
          0.351494998, 0.351494998, 0.33889842, 0., 0., 0., 0.351494998,
          0.351494998, 0.351494998, 0.285003781, 0.259443581, 0.21794799,
          0.00513896765, 0.0590008982, 0.210367844, 0.3753452, 0.3753452,
          0.146895811, 0.3753452, 0.3753452, 0.0745688453, 0.08633665,
          0.173824906, 0.0395031571, 0.0124228308, 0.0468261391,
          0.203649953, 0.335746437, 0.0894032717, 0.246825382, 0.3753452 ]
      - [ 0.22608991, 0.175478667, 0.402778715, 0.402778715, 0.402778715,
          0.402778715, 0.285147339, 0.397170603, 0.0689490512, 0., 0.,
          0.0673440844, 0.0502509736, 0.000896773068, 0.0254296791,
          0.116742089, 0.322964221, 0., 0., 0.317264497, 0.270109087,
          0.14495258, 0.00583856087, 0.322964221, 0.322964221,
          0.322964221, 0.322964221, 0.322964221, 0.227311701,
          0.177127689, 0.0745448545, 0.296099454, 0.281724453,
          0.033838775, 0.184928, 0., 0.0463706441, 0.157231539,
          0.0401912741, 0.43678841, 0.43678841, 0.43678841, 0.43678841,
          0.194781646, 0.171048328, 0.0170181412, 0.0377604887,
          0.142786711, 0.0323515348, 0.107873283, 0.200776935,
          0.464727223, 0.464727223, 0.464727223, 0.464727223,
          0.249964282, 0.0452203117, 0., 0.0137641029, 0.0377893709,
          0.0770341754, 0.0540398508, 0.0589526854, 0.00186579616 ]
      - [ 0.38033089, 0.38033089, 0.239995822, 0.38033089, 0.38033089,
          0.125940427, 0.184300184, 0.38033089, 0.104304746, 0.,
          0.0409843028, 0.00991314184, 0., 0., 0.0905969664, 0.38033089,
          0.387655765, 0., 0., 0., 0.0204500798, 0.0670049191,
          0.387655765, 0.387655765, 0.387655765, 0.146257684, 0.,
          0.145914897, 0.387655765, 0.202915788, 0.075499855,
          0.387655765, 0.327444971, 0.361677915, 0.18824929, 0.242692873,
          0.361677915, 0.361677915, 0.361677915, 0.361677915,
          0.194373444, 0.0445678644, 0.239993826, 0.0963609517,
          0.0299517605, 0.00323503185, 0.0247565378, 0.180565715,
          0.385856688, 0.385856688, 0.385856688, 0.385856688,
          0.356176376, 0.240671381, 0.0670505539, 0.0287039969,
          0.0259900521, 0.0173654016, 6.5227483e-05, 0.0211321674,
          0.132645488, 0.188357487, 0.0843638331, 0.385856688 ]
      - [ 0.414650589, 0.414650589, 0.199145004, 0.196612552,
          0.0409666672, 0.137322426, 0.241101414, 0.204667479,
          0.285884649, 0.100298859, 0.392394453, 0.183353037,
          0.0409375206, 0.0112003535, 0., 0.414650589, 0.335072756,
          0.0586010404, 0.0796865374, 0.18353048, 0.139395684,
          0.238883004, 0.00466569699, 0.376053214, 0.376053214,
          0.376053214, 0.376053214, 0.370185614, 0.0647393018,
          0.202279091, 0.00818439852, 0.126914859, 0.381585717,
          0.240090713, 0., 0.0447045341, 0.381585717, 0.381585717,
          0.381585717, 0.381585717, 0.381585717, 0.0640247241,
          0.114278048, 0.0963702053, 0.164303496, 0.0792530701,
          0.034726277, 0.0443981923, 0.350488752, 0.350488752,
          0.350488752, 0.350488752, 0.233687237, 0.12731114,
          0.0172003191, 0.264300883, 0.142070249, 0., 0.00704378309,
          0.00813302863, 0.0332664587, 0.311558932, 0.350488752,
          0.350488752 ]
      - [ 0.374953777, 0.374953777, 0.0563597903, 0., 0.299312264,
          0.154585019, 0.0583838113, 0.336670637, 0.137036532,
          0.0139938071, 0.0068176426, 0.00295106159, 0.202128321,
          0.374953777, 0.374953777, 0.374953777, 0.311656535,
          0.118195862, 0.0182882641, 0., 0., 0.160042048, 0.159708098,
          0.164413124, 0.258904755, 0.072377786, 0.392266601,
          0.392266601, 0.392266601, 0.237228006, 0.392266601, 0.24991034,
          0.29648453, 0.29648453, 0., 0.00890903454, 0.29648453,
          0.29648453, 0.252583474, 0.177452981, 0.29648453, 0.236793041,
          0.160216615, 0.221473292, 0.29648453, 0.29648453, 0.29648453,
          0.260104984, 0.489920378, 0.362407148, 0.136593372,
          0.228811383, 0., 0.000935998163, 0.161182478, 0.084548451,
          0.117454186, 0.0392158143, 0.0358737893, 0.05044844,
          0.00694180606, 0.142642632, 0.489920378, 0.489920378 ]
      - [ 0.0646303892, 0.156760439, 0.346053302, 0.470354319,
          0.470354319, 0.470354319, 0.297612369, 0.231868908,
          0.132936567, 0.0270666163, 0.000460571551, 0., 0.0168109164,
          0.102702431, 0.0708957613, 0.0806269124, 0.194666103,
          0.0131394425, 0.313826829, 0.0144986706, 0.0309558865,
          0.0211369768, 0.197540149, 0.337262243, 0.337262243,
          0.337262243, 0.337262243, 0.337262243, 0.302408576,
          0.337262243, 0.160582781, 0.140446797, 0.135816157,
          0.191772938, 0., 0.190404728, 0.325419098, 0.33533287,
          0.33533287, 0.33533287, 0.33533287, 0.246324658, 0.105021067,
          0.307828426, 0.19129315, 0.252495259, 0.0838143677,
          0.275040388, 0.211124346, 0.168188363, 0.331097871,
          0.457685232, 0.457685232, 0.457685232, 0.272026837,
          0.294623733, 0.0542661883, 0., 0.0033716287, 0.0193887092,
          0.0188588388, 0.0314911008, 0.0344893932, 0.133580565 ]
      - [ 0.390185952, 0.390185952, 0.354475409, 0.390185952,
          0.0848053023, 0.110815629, 0.390185952, 0.352460504,
          0.205801889, 0., 0., 0., 0.0464886688, 0.0539113134, 0.,
          0.265228599, 0.300324649, 0.300324649, 0.0626512915,
          0.300324649, 0.10322573, 0.300324649, 0.197903693, 0.300324649,
          0.300324649, 0.0943512693, 0.202902123, 0.21464622,
          0.300076365, 0.193310007, 0.300324649, 0.29720214, 0.280131102,
          0., 0.336029261, 0.125635669, 0.00543007022, 0.230601355,
          0.238224983, 0.336029261, 0.336029261, 0.251200348,
          0.328909159, 0.0964812189, 0.336029261, 0.207216725,
          0.0657168254, 0.336029261, 0.404444844, 0.404444844,
          0.404444844, 0.404444844, 0.404444844, 0.107223451,
          0.0143063404, 0.00483708596, 0.00288127107, 0., 0., 0.,
          0.00187345233, 0.0101504009, 0.051634308, 0.404444844 ]
      - [ 0.258541375, 0.315080136, 0.395302802, 0.395302802,
          0.395302802, 0.171674833, 0.072817035, 0.087679565,
          0.0258190222, 0.00949590467, 0., 0., 0.00356575474,
          0.0733390152, 0.395302802, 0.395302802, 0.345438629,
          0.214920297, 0.00114737451, 0.0345005058, 0.0994113833,
          0.345438629, 0.0384725668, 0.345438629, 0.345438629,
          0.251815498, 0.345438629, 0.334116817, 0.0224582385,
          0.0797024816, 0.199836493, 0.345438629, 0.304654241,
          0.186163977, 0.310631186, 0.0309149455, 0.310631186,
          0.135046259, 0.310631186, 0.299606562, 0.310631186,
          0.310631186, 0.216797903, 0.0681421161, 0.281231403,
          0.22534734, 0., 0.310631186, 0.394038796, 0.394038796,
          0.394038796, 0.394038796, 0.340428054, 0.206088185,
          0.0237979181, 0.0240465906, 0.0235232376, 0., 0.0303223804,
          0.0355921872, 0.135687023, 0.126004577, 0.152298659,
          0.394038796 ]
      - [ 0.359639376, 0.0488815866, 0.00977848843, 0.359639376,
          0.359639376, 0.12806119, 0.359639376, 0.359639376, 0.243992269,
          0., 0., 0., 0., 0.112279065, 0.359639376, 0.359639376,
          0.232430786, 0.349710256, 0.109748602, 0., 0.00645954348,
          0.349710256, 0.202750295, 0.117745541, 0.139383301, 0.,
          0.116194308, 0.349710256, 0.334091455, 0.349710256,
          0.349710256, 0.345530808, 0.342246145, 0.114731319,
          0.0040414161, 0.299260348, 0.0546189994, 0.342246145,
          0.342246145, 0.342246145, 0.342246145, 0., 0.211334452,
          0.342246145, 0.310913771, 0., 0., 0.216186702, 0.345402569,
          0.345402569, 0.170424372, 0.345402569, 0.345402569,
          0.241470352, 0.018341681, 0.313654512, 0.148457795,
          0.00775259174, 0.0625404119, 0.23433955, 0.115985036,
          0.0168710742, 0.345402569, 0.345402569 ]
      - [ 0.351247638, 0.189725071, 0.351247638, 0.211125284,
          0.0928855687, 0.350195438, 0.351247638, 0.351247638,
          0.130724356, 0.024361629, 0., 0.0679516047, 0.060588073,
          0.243383542, 0.28736037, 0.351247638, 0.319526643, 0.23954311,
          0., 0., 0., 0.234205171, 0.319526643, 0.319526643, 0.319526643,
          0.319526643, 0.319526643, 0.13927117, 0.319526643, 0.,
          0.219999015, 0.319526643, 0.307401001, 0.128508717,
          0.307401001, 0., 0.257350892, 0.307401001, 0.307401001,
          0.307401001, 0.307401001, 0.0615751296, 0.222186133,
          0.0538374856, 0.307401001, 0.282744348, 0.149065256,
          0.307401001, 0.336361229, 0.0790191069, 0.466585159,
          0.466585159, 0.466585159, 0.414722562, 0.036589615,
          0.0892954394, 0.0289666858, 0.00818039011, 0., 0.,
          0.0159013886, 0.0576472469, 0.0365124568, 0.189021379 ]
      - [ 0.268274724, 0.471952051, 0.471952051, 0.389770627,
          0.157433227, 0.3111296, 0.0497767739, 0.0802490786,
          0.129500687, 0.122382462, 0.0391772725, 0., 0., 0.0954470336,
          0.054900527, 0.387304425, 0.0718304366, 0., 0., 0.0120002981,
          0.0360329002, 0.168304726, 0.194876939, 0.350098848,
          0.350098848, 0.350098848, 0.227669656, 0.350098848,
          0.350098848, 0.350098848, 0.350098848, 0.117382824,
          0.311155468, 0.282214403, 0.311155468, 0.0806948617,
          0.160824314, 0.311155468, 0.311155468, 0.311155468,
          0.311155468, 0.055887498, 0.00113579759, 0.311155468,
          0.14434509, 0.235901654, 0.175265819, 0.311155468, 0.38850978,
          0.0329306722, 0.0971842259, 0.38850978, 0.246330678,
          0.38850978, 0.38850978, 0.185236052, 0.0678570718, 0., 0.,
          0.0013052664, 0.0767269805, 0.263236612, 0.236880109,
          0.38850978 ]
      - [ 0.372582287, 0.372582287, 0.250437766, 0.372582287,
          0.112700887, 0.372582287, 0.125411928, 0.0529115945,
          0.372582287, 0.207133099, 0., 0., 0., 0., 0.16284886,
          0.372582287, 0.387969226, 0.0415812731, 0.123871192,
          0.131640539, 0.0150967194, 0.0494674072, 0.113291904,
          0.0936625376, 0.0706149116, 0.26372239, 0.387969226,
          0.299332589, 0.387969226, 0.387969226, 0.214210793,
          0.354028821, 0.0568764061, 0.244017452, 0.0510045886,
          0.086075969, 0.329148144, 0.329148144, 0.329148144,
          0.329148144, 0.329148144, 0.329148144, 0.0622091107,
          0.0207033232, 0.150123507, 0.329148144, 0.329148144,
          0.174291357, 0.328551888, 0.328551888, 0.322782993,
          0.328551888, 0.289666742, 0.174106345, 0.305059493, 0.10153275,
          0.157848045, 0.164412305, 0.0421849117, 0.120142803,
          0.202481344, 0.304273963, 0.203495413, 0.328551888 ]
      - [ 0.324433953, 0.250025541, 0.126072228, 0.261880726,
          0.216653705, 0.324433953, 0.324433953, 0.324433953,
          0.324433953, 0.148791865, 0.122276396, 0.0508318134,
          0.170051977, 0.25664103, 0.191911221, 0.324433953, 0.126043439,
          0.0707928017, 0.0125534879, 0.00512072258, 0.032559976,
          0.0178483985, 0.0073133288, 0.331356585, 0.357059032,
          0.357059032, 0.357059032, 0.357059032, 0.357059032,
          0.193303153, 0.357059032, 0.248612016, 0.0557148531, 0., 0.,
          0., 0.0436819941, 0.374619544, 0.374619544, 0.374619544,
          0.374619544, 0.374619544, 0.0220725294, 0.0200072117, 0.,
          0.0893249735, 0.374619544, 0.374619544, 0.167439774,
          0.337973446, 0.0490059145, 0.297046483, 0.337973446,
          0.337973446, 0.337973446, 0.337973446, 0.337973446,
          0.029366266, 0.00815996621, 0.0849151611, 0.260398835,
          0.00769212749, 0.0485823154, 0.337973446 ]
      - [ 0.472424567, 0.472424567, 0.472424567, 0.472424567,
          0.260279238, 0.027965147, 0.0431416146, 0.0202635955,
          0.00571418647, 0.0112798, 0.0145009132, 0., 0., 0., 0.,
          0.177122205, 0.324546903, 0.322135091, 0.324546903,
          0.248626575, 0.15681006, 0.102612361, 0.0168975499,
          0.324546903, 0.324546903, 0., 0.240376592, 0.324546903,
          0.0259029418, 0., 0.324546903, 0.324546903, 0.324172586,
          0.133269057, 0.156956971, 0.324172586, 0.324172586,
          0.0844285041, 0.12871626, 0.324172586, 0.324172586,
          0.270321935, 0.324172586, 0.033311516, 0.00968101341,
          0.185288712, 0.324172586, 0.294014633, 0.403075069,
          0.403075069, 0.403075069, 0.403075069, 0.403075069,
          0.0369398966, 0.0558720529, 0.0376634598, 0.0182582289,
          0.0519129634, 0.0930623859, 0.137252614, 0.0224968754,
          0.206279546, 0.0410040207, 0.320085883 ]
      - [ 0.340405673, 0.00425466988, 0.15828003, 0.340405673,
          0.340405673, 0.340405673, 0.253768176, 0.0608686469,
          0.0115099475, 0.0316465013, 0.0450415574, 0.158421829,
          0.340405673, 0.340405673, 0.253046662, 0.340405673,
          0.266433895, 0.3010225, 0.231820256, 0., 0.0668177232,
          0.3010225, 0.0841382593, 0.3010225, 0.212578624, 0.3010225,
          0.3010225, 0.3010225, 0.3010225, 0.3010225, 0., 0.3010225,
          0.337615639, 0.155682102, 0.15795064, 0.0252702441, 0.,
          0.0136323404, 0.293206155, 0.337615639, 0.337615639,
          0.337615639, 0.337615639, 0.337615639, 0.15266934, 0.132444978,
          0.148011059, 0.337615639, 0.347039074, 0.347039074,
          0.347039074, 0.347039074, 0.347039074, 0.347039074,
          0.0865804777, 0.0141892806, 0.0164018199, 0.0182389822,
          0.0149615631, 0.0463362075, 0.0641713068, 0.240431905,
          0.284401685, 0.347039074 ]
      - [ 0.360640705, 0.360640705, 0.360640705, 0.277308375,
          0.0467794053, 0.360640705, 0.316056669, 0.360640705,
          0.160255402, 0.0209694635, 0.034756612, 0.039128013, 0., 0.,
          0.0904768929, 0.360640705, 0.253238827, 0.304998666,
          0.000249081932, 0.00365633098, 0.0148218758, 0.0731609911,
          0.295694083, 0.362625062, 0.362625062, 0.362625062,
          0.362625062, 0.0256924946, 0.362625062, 0.194302902,
          0.0788174495, 0.209980637, 0.13676329, 0., 0.23632215,
          0.0730255395, 0., 0.149542987, 0.299038798, 0.40466553,
          0.40466553, 0.356776625, 0.113432303, 0.00792516768,
          0.33849445, 0.220318481, 0.393363059, 0.13676329, 0.255652577,
          0.330191165, 0.154184908, 0.330191165, 0.330191165,
          0.330191165, 0.325861245, 0.330191165, 0.322892964,
          0.0346806012, 0.0804103017, 0.11740464, 0.0952346921,
          0.0613955669, 0.0931423604, 0.330191165 ]
      - [ 0.441676348, 0.441676348, 0.441676348, 0.441676348,
          0.441676348, 0.0526230857, 0.000915685261, 0.00319751794, 0.,
          0.0295028258, 0.0179405194, 0.00325565133, 0.0254008453,
          0.0477794148, 0.0111364992, 0.114729345, 0.251310259,
          0.244767696, 0.0945209563, 0.0865976959, 0.0264151003,
          0.0442336239, 0.175426036, 0.300272882, 0.275480539,
          0.220295325, 0.326142401, 0.326142401, 0.326142401,
          0.326142401, 0.326142401, 0.278178483, 0.2740013, 0.110068604,
          0.321204513, 0.321204513, 0.181541458, 0.194920629,
          0.162597194, 0.321204513, 0.321204513, 0.307920069,
          0.219404146, 0.321204513, 0.311782628, 0.139291838, 0.,
          0.191792503, 0.222541526, 0.0387216508, 0.445949048,
          0.445949048, 0.445949048, 0.445949048, 0.209187672,
          0.122753911, 0.155172125, 0.0614643358, 0., 0., 0.00690901885,
          0.0213294346, 0.0253334772, 0.247407928 ]
      - [ 0.475970238, 0.286010474, 0.475970238, 0.475970238,
          0.475970238, 0., 0.0175937787, 0.005640327, 0.0364995264,
          0.0298751201, 0., 0., 0., 0., 0., 0.0684640408, 0.371732324,
          0.0492213033, 0.0502429195, 0.0543712154, 0.0358312465,
          0.0437550396, 0.016977502, 0.0329903588, 0.0742680952,
          0.327209264, 0.371732324, 0.371732324, 0.371732324, 0.20522368,
          0.371732324, 0.371732324, 0.308315486, 0.0742670894,
          0.308315486, 0.308315486, 0.186742529, 0.308315486,
          0.308315486, 0.308315486, 0.308315486, 0.135586858,
          0.243043661, 0., 0.138066202, 0.0669971928, 0.308315486,
          0.308315486, 0.396105111, 0.103005983, 0.255919337,
          0.396105111, 0.396105111, 0.396105111, 0.222186461,
          0.134559587, 0.0534244105, 0.0154294828, 0.0282241926,
          0.0925787389, 0.165354237, 0.0290686116, 0.165293038,
          0.396105111 ]
      - [ 0.356468141, 0.196072787, 0.516529799, 0.516529799,
          0.516529799, 0.102476783, 0.001188669, 0.000244333205,
          0.000422395417, 0.00198272802, 0., 0., 0., 0., 0., 0.13568759,
          0.255357563, 0.0310904887, 0., 0.0154879149, 0.0576374047,
          0.0376145877, 0.0795573518, 0.0405209959, 0.1036449,
          0.372486919, 0.372486919, 0.372486919, 0.372486919, 0.27191031,
          0.372486919, 0.372486919, 0.0774802119, 0.0274786428,
          0.0719607845, 0.35454011, 0.35454011, 0.35454011, 0.35454011,
          0.35454011, 0.35454011, 0.0330584869, 0.0695431232,
          0.252682507, 0.130469069, 0.110484369, 0.205668911,
          0.298366994, 0.318464845, 0.466927052, 0.287931204,
          0.466927052, 0.466927052, 0.0847159252, 0.33043009,
          0.148683786, 0.0344072394, 0., 0.0206319839, 0.024926411,
          0.0127767213, 0.0337993167, 0.0332339406, 0.117646068 ]
      - [ 0.48330307, 0.48330307, 0.48330307, 0.445051491, 0., 0., 0.,
          0.0104322378, 0.0104322378, 0.006297254, 0.00155029725, 0., 0.,
          0., 0., 0.309994727, 0.405105412, 0.113094091, 0.0112828752,
          0.0178464949, 0., 0.00153044809, 0.00558690028, 0.0300312862,
          0.0300312862, 0.201251805, 0.281885713, 0.200912714,
          0.405105412, 0.405105412, 0.405105412, 0.405105412,
          0.468652397, 0.468652397, 0.468652397, 0.0632475838,
          0.073614791, 0., 0., 0.0469912887, 0.0469912887, 0.,
          0.068649739, 0.169183299, 0.0607930385, 1.81572123e-05,
          0.256732255, 0.468652397, 0.356500208, 0.204513118,
          0.356500208, 0.356500208, 0.356500208, 0.331099331,
          0.0937441364, 0.189297378, 0.14095217, 0.0201968364,
          0.0409744456, 0.0791842341, 0.0376374424, 0.14925158,
          0.336132824, 0.356500208 ]
      - [ 0.491593212, 0.491593212, 0.491593212, 0.491593212, 0., 0., 0.,
          0.00056407298, 0.00056407298, 0., 0., 0., 0., 0., 0.,
          0.168623447, 0.394609928, 0.394609928, 0.299690992,
          0.0388837792, 0.0842460841, 0.0965180844, 0.00423817849,
          0.0921008363, 0.357748389, 0.285567194, 0., 0.196550056,
          0.0937290415, 0., 0.394609928, 0.394609928, 0.406046778,
          0.406046778, 0.406046778, 0.406046778, 0.278703213, 0.,
          0.135230571, 0.129676953, 0.107284345, 0.00607435452,
          0.0377903804, 0.0588605851, 0.202829495, 0.0348666571, 0.,
          0.406046778, 0.352444679, 0.352444679, 0.352444679,
          0.352444679, 0.255701184, 0.0272107404, 0.352444679,
          0.142936453, 0.14382495, 0.135589749, 0.156641737, 0.277878881,
          0.216767266, 0.171768367, 0.132168859, 0.232494235 ]
      - [ 0.210009277, 0.561633289, 0.561633289, 0.561633289,
          0.058906734, 0.000409303262, 0., 0., 0., 0., 0., 0., 0., 0.,
          0., 0.0228424761, 0.280179203, 0.0335403234, 0.0707147345,
          0.00587383378, 0., 0.00819028262, 0.0211617593, 0.312921643,
          0.355742723, 0.204060242, 0.355742723, 0.355742723,
          0.355742723, 0.111321695, 0.355742723, 0.355742723,
          0.319212407, 0.319212407, 0.319212407, 0.319212407,
          0.206410125, 0.166007504, 0.292520344, 0.251872122,
          0.319212407, 0.204346687, 0., 0.0651491955, 0.24684754,
          0.222383216, 0.0993465707, 0.319212407, 0.382276386,
          0.382276386, 0.382276386, 0.382276386, 0.382276386,
          0.345225006, 0.039447818, 0.135978281, 0.294519067,
          0.114407577, 0.0771871656, 0.0136946384, 0., 0., 0.,
          0.142485753 ]
      - [ 0.492196798, 0.492196798, 0.492196798, 0.374000221,
          0.144290701, 0., 0., 0., 0., 0.00818681996, 0.050932657, 0.,
          0., 0., 0., 0.323965877, 0.410602808, 0.0320345126,
          0.00293532247, 0., 0., 0.0506698675, 0.257471561, 0.410602808,
          0.410602808, 0.14599371, 0., 0.0516690873, 0.0804727972,
          0.229284361, 0.410602808, 0.410602808, 0.416687489,
          0.416687489, 0.416687489, 0.416687489, 0.0569131337,
          0.0244134795, 0.162119284, 0.257310569, 0.35797137,
          0.0987540409, 0.0577475876, 0., 0., 0., 0.00248774863,
          0.252507597, 0.22567147, 0.299753726, 0.385112286, 0.385112286,
          0.273639858, 0.385112286, 0.385112286, 0.195702329,
          0.155995026, 0.0530246571, 0.0261952151, 0.0828450769,
          0.0585256666, 0.0647814572, 0.0638618171, 0.320238769 ]
      - [ 0.281976759, 0.504792154, 0.504792154, 0.504792154, 0.25698185,
          0.0744858459, 0.16422075, 0.0586636178, 0.00911952928, 0., 0.,
          0.037829034, 0.0136849424, 0.0137387821, 0.199137643,
          0.086363025, 0.332280815, 0.176555246, 0.00444416562,
          0.0171123147, 0.00551587064, 0.00573413866, 0.0229255222,
          0.186633021, 0.255130649, 0.303000987, 0.332280815,
          0.332280815, 0.332280815, 0.332280815, 0.332280815,
          0.332280815, 0.0463447571, 0.0439778604, 0.0459339507,
          0.00222046766, 0., 0.0143977925, 0.0469462164, 0.260408759,
          0.385442436, 0.385442436, 0.385442436, 0.385442436,
          0.385442436, 0.385442436, 0.0715296343, 0.152371019,
          0.188455164, 0.116994627, 0.3730959, 0.397064, 0.397064,
          0.397064, 0.397064, 0.397064, 0.0757866502, 0., 0., 0., 0., 0.,
          0.0408165753, 0.109183878 ]
      - [ 0.429932326, 0.429932326, 0.429932326, 0.429932326,
          0.413837135, 0.0390371196, 0.0201917626, 0.024312228,
          0.024312228, 0., 0., 0., 0., 0., 0.0225482136, 0.285402954,
          0.340353221, 0.255761951, 0.340353221, 0.0344577804,
          0.041800458, 0., 0., 0.248230621, 0.340353221, 0.333726853,
          0.241046473, 0.340353221, 0.340353221, 0.0343077518,
          0.0305972267, 0.340353221, 0.379901171, 0.168692157,
          0.379901171, 0.379901171, 0.379901171, 0.379901171,
          0.125595897, 0.28548339, 0.297504216, 0.000228513207,
          0.107788406, 0.143307, 0., 0., 0.0943765119, 0.138841793,
          0.351964325, 0.238048255, 0.241415128, 0.351964325,
          0.351964325, 0.351964325, 0.208537161, 0.265639603,
          0.279250354, 0.0610486679, 0.0990230963, 0.117969856,
          0.129840955, 0.138404623, 0.0815112963, 0.351964325 ]
      - [ 0.454766691, 0.487207562, 0.487207562, 0.487207562,
          0.116951466, 0.0675046295, 0.026716968, 0.130079657,
          0.0634687617, 0.0053291074, 0., 0., 0., 0., 0.0109616751,
          0.19016248, 0.393703192, 0.0820014551, 0.171542674,
          0.194552153, 0.0992961898, 0.0211896952, 0.0455724597,
          0.0682097375, 0.284042448, 0.181843087, 0.0215353109,
          0.393703192, 0.393703192, 0.125719041, 0.393703192,
          0.393703192, 0.318313271, 0.200305134, 0.318313271,
          0.0531244464, 0.143447116, 0.318313271, 0.0307447724,
          0.318313271, 0.318313271, 0.318313271, 0.130766869,
          0.0196895674, 0.318313271, 0.23630102, 0.220091358,
          0.318313271, 0.170909792, 0.304079711, 0.330998451,
          0.426202267, 0.426202267, 0.426202267, 0.40114814, 0.113681473,
          0.113681473, 0., 0.0101079298, 0.00507587427, 0.00429384271,
          0.00439704861, 0.00422670646, 0.180589288 ]
      - [ 0.522394538, 0.522394538, 0.522394538, 0.311865568,
          0.0242513176, 0.00199057232, 0.00112687889, 0., 0., 0., 0., 0.,
          0., 0.00779185956, 0.00711031724, 0.279517293, 0.383698791,
          0.111839235, 0.0364101566, 0.0121064596, 0., 0.048410777,
          0.154230624, 0.383698791, 0.383698791, 0.00594740501,
          0.00206205063, 0.203472182, 0.383698791, 0.176823571,
          0.383698791, 0.383698791, 0.321044892, 0.320564121,
          0.217630967, 0.110858619, 0.125462741, 0.0438201576,
          0.0598087162, 0.321044892, 0.321044892, 0.264703393, 0.,
          0.158990324, 0.321044892, 0.321044892, 0.321044892,
          0.315238148, 0.261280119, 0.339758635, 0.401407957,
          0.401407957, 0.401407957, 0.29712978, 0.401407957, 0.190957144,
          0.0907661766, 0.0144644212, 0., 0., 0., 0.0164589398,
          0.0148594184, 0.184616387 ]
      - [ 0.532320321, 0.532320321, 0.532320321, 0., 0., 0., 0., 0.,
          0.00562835485, 0.00707135396, 0., 0.00661110412, 0.00434456766,
          0., 0., 0.380059063, 0.343753904, 0.343753904, 0.343753904,
          0.343753904, 0., 0.0676111281, 0.145706788, 0.343753904,
          0.343753904, 0.0200166591, 0.0790152103, 0., 0.342264175,
          0.140726388, 0.00188375311, 0.343753904, 0.412860602,
          0.412860602, 0.227510035, 0.00566565059, 0.0406068824, 0.,
          0.0126872202, 0.273927301, 0.412860602, 0.352764636,
          0.027665548, 0.0662953928, 0.0269772541, 0., 0.234712586,
          0.412860602, 0.362291396, 0.362291396, 0.362291396,
          0.362291396, 0.362291396, 0.184555665, 0.191257954,
          0.362291396, 0.275798351, 0.100072816, 0.0395583734,
          0.0889655724, 0.0507571176, 0.048841618, 0.165228054,
          0.101924144 ]
      - [ 0.446975648, 0.476531088, 0.476531088, 0.476531088, 0.25227043,
          0.0543156751, 0., 0.000334043463, 0.031437356, 0.0175869316,
          0., 0., 0., 0., 0., 0.215219259, 0.297674298, 0.064478159,
          0.0621234588, 0.0195187554, 0.0836451128, 0.0824364424,
          0.0630109385, 0.0865754336, 0.0401016027, 0.216012001,
          0.375114977, 0.349515527, 0.375114977, 0.375114977,
          0.375114977, 0.375114977, 0.405990839, 0., 0.198910862,
          0.453181416, 0.453181416, 0.200235501, 0.0807060972,
          0.14221935, 0.118472122, 0., 0., 0., 0., 0.29928422,
          0.0672188029, 0.453181416, 0.269533783, 0.341980577,
          0.31149894, 0.341980577, 0.341980577, 0.341980577, 0.117053993,
          0.0980519205, 0.121751577, 0.237187371, 0.0622064471,
          0.193295047, 0.21024619, 0.011128935, 0.339338869, 0.252967 ]
      - [ 0.0439880826, 0.0674164668, 0.258185089, 0.597612083,
          0.597612083, 0.386705458, 0.219716489, 0.0667467937,
          0.0493352339, 0., 0., 0., 0., 0.0411152169, 0.00454268651,
          0.0140082305, 0.103952385, 0.0244095121, 0., 0.00235146866,
          0.000714093389, 0.0500447787, 0.090162009, 0.345829308,
          0.391431659, 0.391431659, 0.391431659, 0.391431659,
          0.391431659, 0.294508606, 0.0114852749, 0.0385892913,
          0.0932239071, 0.0722782463, 0.0581641234, 0.364112794,
          0.364112794, 0.364112794, 0.138483569, 0.364112794,
          0.364112794, 0., 0.00650328398, 0.364112794, 0.364112794,
          0.154221281, 0.0636135787, 0.0629800931, 0.0158646107,
          0.0522589013, 0.145677716, 0.439646006, 0.439646006,
          0.435646832, 0.439646006, 0.439646006, 0.0908445343,
          0.00133227254, 0.011729626, 0.00248182355, 0., 0.,
          0.00650625397, 0.00452891178 ]
      - [ 0.460523397, 0.24991107, 0.488367528, 0.488367528, 0.488367528,
          0.03476822, 0.00604403811, 0.000759277551, 0.000216486107, 0.,
          0., 0., 0., 0., 0., 0.0618913732, 0.240342066, 0.0707354099,
          0.00398618868, 0.00750966603, 0.0169094875, 0.0036996149, 0.,
          0.0605090782, 0.300776154, 0.189700678, 0.276496828,
          0.305986792, 0.397710592, 0.397710592, 0.397710592,
          0.397710592, 0.32144165, 0.0334276967, 0.0154886255,
          0.200374246, 0.32144165, 0.32144165, 0.280089974, 0.32144165,
          0.32144165, 0.0715909749, 0.305598289, 0.230839863,
          0.041508045, 0.32144165, 0.00566051248, 0.32144165, 0.20679906,
          0.250425935, 0.365964919, 0.469767869, 0.469767869,
          0.469767869, 0.210793465, 0.100666791, 0.0315616354,
          0.0070038843, 0.0375122987, 0.0737632886, 0.0649851412,
          0.0105837351, 0.0641446188, 0.151466951 ]
      - [ 0.436993361, 0.436993361, 0.436993361, 0.436993361,
          0.317356735, 0.0877229646, 0., 0., 0., 0., 0., 0., 0., 0., 0.,
          0.351242721, 0.357431233, 0.331099719, 0.00645616185, 0., 0.,
          0.0152864335, 0.000513642328, 0.0659818575, 0.199944884,
          0.210123345, 0.177483439, 0.357431233, 0.357431233,
          0.357431233, 0.357431233, 0.357431233, 0.272648931,
          0.272648931, 0.272648931, 0.272648931, 0.271977127,
          0.272648931, 0.180650324, 0.272648931, 0.272648931,
          0.208586603, 0.212610304, 0.0988150388, 0.272648931,
          0.272648931, 0.220950022, 0.272648931, 0.38795194, 0.38795194,
          0.38795194, 0.38795194, 0.38795194, 0.342853248, 0.282270879,
          0.146703526, 0.0866393298, 0.0107980799, 0.00688421028,
          0.0061686188, 0.0288887843, 0., 0., 0.127673939 ]
      - [ 0.467318773, 0.467318773, 0.467318773, 0.431748927,
          0.0842176974, 0., 0.016042877, 0.0107419789, 0., 0., 0., 0.,
          0., 0.0136774434, 0.0159283988, 0.381914139, 0.374159068,
          0.0235392451, 0.00432002218, 0., 0., 0.00193879672,
          0.004224014, 0.0448960923, 0.0857247114, 0.079611659,
          0.374159068, 0.374159068, 0.374159068, 0.374159068,
          0.374159068, 0.374159068, 0.380403578, 0.380403578,
          0.380403578, 0.380403578, 0.279354542, 0.0181294959,
          0.000137142284, 0.0436500981, 0.113741703, 0.287414312,
          0.0279791541, 0.158069775, 0.095829241, 0.197657123,
          0.15108785, 0.380403578, 0.346129596, 0.346129596, 0.346129596,
          0.12583369, 0.346129596, 0.00519249402, 0.235070705,
          0.262935251, 0.277478009, 0.0815580785, 0.0609396435,
          0.0319230556, 0.0411417522, 0.2176743, 0.346129596,
          0.346129596 ]
      - [ 0.100001603, 0.0796847939, 0.197981983, 0.680902839,
          0.680902839, 0.1008095, 0.0013205955, 0.00406758161,
          0.00406758161, 0.00114951003, 0.000185565179, 0.000452740293,
          0.000454279972, 0., 0.000260047615, 0.0141115272, 0.0307027195,
          0.0109359007, 0., 0., 0., 0., 0.0784086585, 0.130460531,
          0.31376791, 0.166999742, 0.407695353, 0.407695353, 0.407695353,
          0.407695353, 0.407695353, 0.119500577, 0.302758485,
          0.302758485, 0.302758485, 0.295007795, 0.0123229297,
          0.0249020495, 0.00150298537, 0.239662185, 0.302758485,
          0.201712579, 0.302758485, 0.302758485, 0.302758485, 0.19875598,
          0.302758485, 0.195549011, 0.212449268, 0.320416421,
          0.380929887, 0.305014968, 0.380929887, 0.380929887,
          0.380929887, 0.380929887, 0.0340987071, 0.000388047803, 0.,
          2.53780327e-05, 2.54643383e-05, 0.000131034147, 0.0580366999,
          0.159028187 ]
      - [ 0.0998068079, 0.330453902, 0.629470706, 0.629470706,
          0.284563065, 0., 0.00757261273, 0.00255387183, 0., 0., 0., 0.,
          0.0019004913, 0.000797365152, 0.00155619578, 0.032258492,
          0.227468416, 0.133557409, 0.0678469837, 0.00657599,
          0.000627171947, 0.000163019664, 0., 0.162716195, 0.236964032,
          0.160334915, 0.447503328, 0.447503328, 0.447503328, 0.31808421,
          0.0117137991, 0.332979709, 0.340678692, 0.340678692,
          0.340678692, 0.168456167, 0.100430317, 0., 0.0123310145,
          0.125177354, 0.233423725, 0.287609667, 0.230823338,
          0.189004079, 0.340678692, 0.306885451, 0.203996092,
          0.340678692, 0.353045911, 0.252766937, 0., 0.306742996,
          0.353045911, 0.353045911, 0.353045911, 0.353045911, 0.10933508,
          0.015162901, 0., 0., 0.0545820408, 0.0312532857, 0.277197689,
          0.349720806 ]
      - [ 0.498495311, 0.498495311, 0.498495311, 0.489392102,
          0.0491869971, 0., 0., 0.00721675251, 0.00721675251, 0., 0., 0.,
          0., 0., 0., 0.0866055042, 0.333698928, 0.168162778,
          0.0450317673, 0.00202539843, 0.000390177738, 0.0629337505,
          0.0333631039, 0.123731874, 0.168180048, 0.218465239,
          0.362519026, 0.318146139, 0.362519026, 0.362519026,
          0.362519026, 0.362519026, 0.354602516, 0.354602516,
          0.354602516, 0.0289820321, 0., 0.00508706504, 0.0342441313,
          0.0678400248, 0.0890202373, 0.0904477537, 0.307097256,
          0.354602516, 0.29327932, 0.197311744, 0.354602516, 0.354602516,
          0.361336172, 0.237454265, 0.361336172, 0.361336172,
          0.361336172, 0.361336172, 0.352062583, 0.138519049,
          0.050594151, 0.00342851412, 0., 0.00112258596, 0.00577441603,
          0.0366187431, 0.0976715311, 0.361336172 ]
      - [ 0.174978688, 0.551234186, 0.551234186, 0.551234186,
          0.204618871, 0.0442063063, 0.027319096, 0.0137908515, 0., 0.,
          0., 0., 0., 0., 0.0244334638, 0.0833296776, 0.248630285,
          0.0793167427, 0., 0.000320583931, 0.00422712415, 0., 0.,
          0.0223226175, 0.0390075259, 0.144533351, 0.187337995,
          0.431509107, 0.431509107, 0.431509107, 0.353210568,
          0.431509107, 0.357007623, 0.357007623, 0.357007623,
          0.357007623, 0.357007623, 0.0440085866, 0.0132466154,
          0.0267261192, 0.0267261192, 0.0104226489, 0.282637954,
          0.104466252, 0.0619716831, 0.357007623, 0.0772314295,
          0.357007623, 0.309471369, 0.0366347618, 0.309471369,
          0.122850858, 0.309471369, 0.309471369, 0.308624864,
          0.309471369, 0.174413875, 0.0862497687, 0.0419830941,
          0.129299551, 0.309471369, 0.309471369, 0.250406623,
          0.309471369 ]
      - [ 0.348641634, 0.521310389, 0.521310389, 0.521310389,
          0.223676234, 0.0803894997, 0.00974779949, 0.0120483208,
          0.0120483208, 0., 0.0181526747, 0.000973820977, 0., 0., 0.,
          0.0272034165, 0.190091506, 0.0178421047, 0.0220089182,
          0.00543838646, 0.0676890761, 0.0462148562, 0., 0.0335272774,
          0.151290238, 0.414480746, 0.122072615, 0.414480746,
          0.414480746, 0.232999459, 0.414480746, 0.414480746,
          0.155935854, 0.135676935, 0.105420932, 0.184601098,
          0.287120193, 0.287120193, 0.287120193, 0.287120193,
          0.287120193, 0.287120193, 0.287120193, 0.287120193,
          0.287120193, 0.287120193, 0.0489639044, 0.287120193,
          0.0751108155, 0.110301651, 0.51158309, 0.51158309, 0.51158309,
          0.306808203, 0.292339593, 0.0732856244, 0.07851962,
          0.00260642334, 0., 0.00552457944, 0.0011796552, 0.,
          0.0122130513, 0.0247618109 ]
      - [ 0.23299028, 0.515372694, 0.515372694, 0.515372694, 0.366441637,
          0.0147564318, 0.00573702389, 0.00627989229, 0.00332056498, 0.,
          0., 0., 0.000659139536, 0.00195642561, 0.0234840196,
          0.0927633867, 0.158134982, 0.174718902, 0.162474766,
          0.0731381252, 0.0649963468, 0.0727185756, 0.0827942193,
          0.345804781, 0.345804781, 0.199450329, 0.345804781,
          0.345804781, 0.345804781, 0.12668848, 0.345804781, 0.345804781,
          0.302216977, 0.0303336214, 0.174858138, 0.302216977,
          0.297736853, 0.119787581, 0.302216977, 0.302216977,
          0.302216977, 0.302216977, 0.302216977, 0.302216977,
          0.302216977, 0.0127921803, 0.0109570688, 0.200471699,
          0.165538445, 0.0978718996, 0.404333264, 0.404333264,
          0.404333264, 0.404333264, 0.404333264, 0.291166604,
          0.0855294093, 0.0099621797, 0.0820088759, 0.00297813816,
          0.0286456738, 0.129266337, 0.120275557, 0.103094935 ]
      - [ 0.425014168, 0.425014168, 0.425014168, 0.425014168,
          0.0331409276, 0., 0.0135999722, 0.00317544304, 0., 0.,
          0.00564741716, 0.00354766939, 0., 0.058026772, 0.296419054,
          0.425014168, 0.340271205, 0.210262701, 0.239514232,
          0.195625216, 0.0359514803, 0.0624950416, 0.0145954257,
          0.137639925, 0.292485535, 0.340271205, 0.340271205,
          0.148989782, 0.236798778, 0.340271205, 0.299425483,
          0.340271205, 0.419693679, 0.419693679, 0.419693679,
          0.419693679, 0.0822165012, 0.027883308, 0.0103157749,
          0.105850987, 0.203053609, 0.0854027271, 0.0730797499,
          0.00168929424, 0., 0.20200862, 0.0396265648, 0.419693679,
          0.268127382, 0.401275873, 0.401275873, 0.401275873,
          0.401275873, 0.401275873, 0.0560304523, 0.198331162,
          0.0990775228, 0.0326910242, 0.00492664007, 0.07507395,
          0.139357567, 0.165364295, 0.059259519, 0.0984367207 ]
      - [ 0.382950425, 0.463075966, 0.463075966, 0.463075966,
          0.391196251, 0.156030953, 0.069884941, 0.0161092598,
          0.0161092598, 0.00722143194, 0.0313246883, 0.0277420692, 0.,
          0., 0.0165579058, 0.143335894, 0.306646079, 0.0170089919,
          0.0104236202, 0.0308160782, 0.163289726, 0.182285517,
          0.0218131095, 0.407641262, 0.25639385, 0.0458412021,
          0.238144964, 0.116205588, 0.193492666, 0.407641262,
          0.407641262, 0.407641262, 0.0672068894, 0.0164888352, 0.,
          0.0345201567, 0.197704047, 0.346164674, 0.346164674,
          0.346164674, 0.346164674, 0.346164674, 0.346164674, 0.17738317,
          0.258885294, 0.295154035, 0.11144568, 0.185666069, 0.147777349,
          0.139068007, 0.384130716, 0.410196841, 0.410196841,
          0.410196841, 0.410196841, 0.325934201, 0.166382164,
          0.00756531488, 0.00194391294, 0.00639650831, 0., 0., 0.,
          0.0101953754 ]
      - [ 0.501424015, 0.501424015, 0.480584741, 0.0813160539,
          0.00951793883, 0.0129107945, 0.0530924276, 0.00785926264,
          0.00145769631, 0., 0., 0., 0., 0., 0., 0.501424015,
          0.315372437, 0.160383344, 0.22130242, 0.365868986, 0.074465923,
          0.0019897311, 0., 0.0245680343, 0.106451444, 0.149623856,
          0.232398927, 0.365868986, 0.365868986, 0.242910579,
          0.365868986, 0.365868986, 0.42162329, 0.42162329, 0.286947757,
          0.350255847, 0.136238411, 0.0558234341, 0.0730713457,
          0.0467739701, 0.111848429, 0.0252526533, 0.0463646166,
          0.16997236, 0.0789253637, 0.00914716534, 0.42162329,
          0.42162329, 0.395683944, 0.395683944, 0.395683944, 0.261639595,
          0.102211542, 0.131827429, 0.0942379013, 0.114293568,
          0.0839504674, 0.00227273814, 0.048114989, 0.136595413,
          0.164620027, 0.199668542, 0.395683944, 0.395683944 ]
      - [ 0.4076792, 0.451087683, 0.451087683, 0.451087683, 0.451087683,
          0.0931615978, 0.00850184169, 0.00964979269, 0.00287760841, 0.,
          0., 0., 0., 0., 0., 0.0807391033, 0.318481714, 0.0650293007,
          0., 0.0107455952, 0.0393920653, 0.0325933881, 0.0759984106,
          0.0962113589, 0.104051344, 0.233308524, 0.0510177054,
          0.4535532, 0.4535532, 0.179771245, 0.420025021, 0.428982735,
          0.0993331745, 0.359062761, 0.0594900623, 0.110928237,
          0.359062761, 0.359062761, 0.359062761, 0.359062761,
          0.359062761, 0.000864857109, 0.228084087, 0.0171610005,
          0.267665923, 0.057385657, 0.0357230939, 0.261940926,
          0.213838771, 0.316638172, 0.0335685462, 0.316638172,
          0.316638172, 0.213934496, 0.316638172, 0.316638172,
          0.279727191, 0.144609272, 0.168576986, 0.160444036,
          0.316638172, 0.18901597, 0.115539849, 0.316638172 ]
      - [ 0.225915655, 0.0539443307, 0.558485985, 0.558485985,
          0.558485985, 0.058675725, 0., 0.00554032438, 0.00636034645, 0.,
          0., 0., 0., 0., 0.0227237698, 0.026923459, 0.226404354,
          0.143156573, 0.0528962538, 0.054355666, 0.0523349307,
          0.0353541113, 0., 0.315419406, 0.344457328, 0.271906376,
          0.362958312, 0.362958312, 0.362958312, 0.346735209,
          0.163250446, 0.284102052, 0.314835131, 0.314835131,
          0.314835131, 0.314835131, 0.18688184, 0.181801751, 0.314835131,
          0.314835131, 0.314835131, 0.314835131, 0.172267362,
          0.124453284, 0.221780881, 0.0194503497, 0.0122149773,
          0.20255658, 0.328599393, 0.158137277, 0.274697751, 0.392491728,
          0.392491728, 0.392491728, 0.215296298, 0.392491728,
          0.232174605, 0.0860754177, 0.00640546158, 0., 0.0142323785,
          0.0249190889, 0.13776435, 0.20958519 ]
      - [ 0.145608217, 0.205777436, 0.398517132, 0.616555393,
          0.616555393, 0.104231641, 0.00256470311, 0.00401851209, 0., 0.,
          0., 0., 0., 0., 0., 0.0177173205, 0.193880692, 0.076605849,
          0.0829307064, 0.0793886185, 0.0872290283, 0., 0.039656695,
          0.123879671, 0.360456139, 0.360456139, 0.360456139,
          0.360456139, 0.360456139, 0.314438671, 0.360456139,
          0.191805795, 0.353833884, 0.249575168, 0.122736908,
          0.154188797, 0.353833884, 0.353833884, 0.353833884,
          0.353833884, 0.353833884, 0., 0.00705251936, 0.319516659,
          0.000300742744, 0.169166207, 0.0207992084, 0.113830768,
          0.161674485, 0.144856349, 0.273360878, 0.292102575,
          0.292102575, 0.292102575, 0.289335907, 0.292102575,
          0.281539589, 0.239785194, 0.140911654, 0.16795972, 0.245646313,
          0.261099607, 0.227057531, 0.292102575 ]
      - [ 0.416193306, 0.416193306, 0.416193306, 0.416193306,
          0.393356055, 0.0784647018, 0.0251439363, 0.00292220735,
          0.00292220735, 0., 0., 0., 0., 0., 0.0598378256, 0.37129423,
          0.397856474, 0.10106495, 0.0544788837, 0., 0., 0.0160604455,
          0.101092428, 0.170336455, 0.0572679192, 0.20389387,
          0.076002419, 0.318235248, 0.397856474, 0.397856474,
          0.397856474, 0.397856474, 0.355550557, 0.0536647551,
          0.0821197852, 0.207798839, 0.266872644, 0.355550557,
          0.104452953, 0.355550557, 0.355550557, 0.092347756,
          0.0870649517, 0.326400191, 0.256737351, 0.259568959,
          0.054379154, 0.311375767, 0.382986307, 0.0409285314,
          0.210423246, 0.51790452, 0.51790452, 0.330670297, 0.26000905,
          0.0159806274, 0.0101388134, 0.0236528777, 0.00925663859, 0.,
          0.0193615183, 0.04930434, 0.0054282723, 0.291478574 ]
      - [ 0.233592629, 0.480783045, 0.480783045, 0.480783045,
          0.480783045, 0.0851125866, 0.0130524421, 0.0222087298,
          0.000601941661, 0., 0.00686034327, 0.00195042999, 0., 0., 0.,
          0.0898005366, 0.198881879, 0.0277674869, 0.0140592363,
          0.0331901126, 0.00248472765, 0.0317768529, 0.0909062326,
          0.00389610953, 0.0905136019, 0.127616972, 0.459831864,
          0.459831864, 0.459831864, 0.459831864, 0.225008652,
          0.153618261, 0.181470752, 0., 0.0114547666, 0.333393186,
          0.333393186, 0.333393186, 0.292698354, 0.333393186,
          0.333393186, 0.0405571014, 0.332718253, 0.270041376,
          0.0489804223, 0.163230523, 0.207602724, 0.254495233,
          0.0711705759, 0.398486882, 0.487715304, 0.487715304,
          0.487715304, 0.188759118, 0.122843795, 0.125590503,
          0.184995174, 0.0464099161, 0., 0., 0., 0.0134315444,
          0.067787163, 0.100134537 ]
      - [ 0.460360229, 0.492547482, 0.492547482, 0.492547482,
          0.197084025, 0.0345267728, 0.0779300183, 0.0358928889,
          0.00265541812, 0., 0., 0., 0.0152598592, 0.0126333283, 0.,
          0.0868618786, 0.285802573, 0.111441709, 0.0255189091, 0., 0.,
          0.000987550593, 0.00611747429, 0.104176097, 0.183138505,
          0.303903848, 0.357045919, 0.357045919, 0.357045919,
          0.357045919, 0.357045919, 0.357045919, 0.300165594,
          0.300165594, 0.0206900593, 0.00924041215, 0.272830784,
          0.171428263, 0.300165594, 0.300165594, 0.284439176,
          0.173652545, 0.0273603369, 0.300165594, 0.300165594,
          0.300165594, 0.245068371, 0.300165594, 0.245910972,
          0.441414565, 0.441414565, 0.441414565, 0.441414565, 0.15365082,
          0.270065099, 0.0758410841, 0.0253453627, 0.0297798123,
          0.0713757724, 0.0416680574, 0.0820048153, 0.0928855091,
          0.0875880569, 0.148498178 ]
      - [ 0.454424679, 0.493316948, 0.493316948, 0.493316948,
          0.0226754583, 0., 0., 0., 0.00461633923, 0.0216188859, 0., 0.,
          0., 0.00869933423, 0.0542083718, 0.233386606, 0.30855, 0.30855,
          0.30855, 0.0931652188, 0.0122198882, 0.139856949,
          0.00241744821, 0.30855, 0.178608105, 0.30855, 0.30855, 0.30855,
          0.30855, 0.0702450424, 0.273603469, 0.30855, 0.347832084,
          0.347832084, 0.347832084, 0.347832084, 0.248141006,
          0.0682517067, 0.0519252717, 0.29289341, 0.309645057,
          0.0584480837, 0.108191304, 0.341645181, 0.0532282665,
          0.0737880096, 0.0295476075, 0.347832084, 0.374237239,
          0.121995024, 0.374237239, 0.374237239, 0.374237239,
          0.234974071, 0.276144505, 0.276634127, 0.223431349,
          0.0219982769, 0.0989002362, 0.0744703561, 0.0527936406,
          0.188946649, 0.131317317, 0.302827507 ]
      - [ 0.125528291, 0.493113339, 0.493113339, 0.493113339,
          0.493113339, 0.0150065245, 0.0495166779, 0.0372382738,
          0.0301936846, 0., 0., 0., 0.0046758689, 0.0214445088, 0.,
          0.0348908417, 0.172113612, 0.0616203882, 0.0137545709,
          0.0404134467, 0.00745226443, 0., 0.00635214243, 0.0387669839,
          0.0626323894, 0.0149678979, 0.417970181, 0.417970181,
          0.417970181, 0.417970181, 0.417970181, 0.285203636,
          0.134606138, 0.370045036, 0.28646785, 0.370045036, 0.370045036,
          0.101073876, 0.114798672, 0.262063563, 0.143708274,
          0.118696593, 0., 0.145468131, 0.370045036, 0.174581796,
          0.181661606, 0.370045036, 0.383082479, 0.383082479,
          0.383082479, 0.383082479, 0.304463476, 0.127918482,
          0.0644527227, 0.315456867, 0.112917103, 0.0267837681,
          0.0228967685, 0.00984034128, 0.0216574799, 0.0994337797,
          0.158867165, 0.383082479 ]
      - [ 0.462748915, 0.462748915, 0.462748915, 0.462748915,
          0.322842211, 0.0346527398, 0.00070255599, 0.00245328341, 0.,
          0., 0.0102401953, 0.0427814387, 0., 0., 0.0200161599,
          0.176242813, 0.348445028, 0.120682552, 0.0688138753,
          0.0268129986, 0., 0., 0., 0.0720321685, 0.348445028,
          0.348445028, 0.348445028, 0.348445028, 0., 0.348445028,
          0.348445028, 0.348445028, 0.239540443, 0.271124303,
          0.393476337, 0.393476337, 0.393476337, 0.352224737, 0.10477908,
          0.0723119229, 0.0683917701, 0.0987943411, 0.0637122467,
          0.0598011129, 0.106414624, 0.115847066, 0.242485315,
          0.393476337, 0.340002954, 0.340002954, 0.340002954,
          0.0378679149, 0.340002954, 0.340002954, 0.172134906,
          0.282116771, 0.178507537, 0.0747271106, 0.0578290448,
          0.14851208, 0.321915776, 0.0527269617, 0.151913047,
          0.340002954 ]
      - [ 0.519140363, 0.536394775, 0.536394775, 0.258969575,
          0.0343375988, 0.0437235348, 0., 0.00202451297, 0.0106147416,
          0.0147840399, 0.00715736207, 0.0230317265, 0., 0., 0.,
          0.280400753, 0.389646024, 0.274419934, 0.074007012,
          0.0234814174, 0.0288148895, 0., 0., 0.125464931, 0.148989022,
          0.179113045, 0.255995691, 0.389646024, 0.389646024, 0.25476867,
          0.389646024, 0.325860113, 0.296320766, 0.296320766,
          0.296320766, 0.141617402, 0.0790573135, 0.0624484085,
          0.296320766, 0.296320766, 0.296320766, 0.246286467,
          0.0132506816, 0.296320766, 0.296320766, 0.296320766,
          0.167155504, 0.296320766, 0.334346682, 0.311706752,
          0.319448471, 0.42255494, 0.42255494, 0.42255494, 0.0282289088,
          0.221943378, 0.177813902, 0.040432401, 0.0229985379, 0.,
          0.0199496765, 0.0428520665, 0.0460450687, 0.246846437 ]
      - [ 0.471278727, 0.471278727, 0.471278727, 0.471278727,
          0.156656817, 0., 0., 0., 0.00457192631, 0.0281479117, 0., 0.,
          0., 0.0416870117, 0.0653869957, 0.274791449, 0.367311895,
          0.234577134, 0.0202102941, 0.0377309993, 0., 0., 0.,
          0.0595229976, 0.0881918296, 0.245034367, 0.367311895,
          0.367311895, 0.242076725, 0.367311895, 0.367311895,
          0.367311895, 0.397790641, 0.397790641, 0.397790641,
          0.397790641, 0.0960809737, 0.00733271101, 0., 0.0705802739,
          0.257752001, 0.105663419, 0.264480859, 0.145018175, 0.13518019,
          0.0609682351, 0., 0.397790641, 0.353316963, 0.126081198,
          0.353316963, 0.353316963, 0.353316963, 0.353316963,
          0.0170440488, 0.128870592, 0.202633634, 0.0241685845,
          0.132113859, 0.179725736, 0.236827105, 0.247004241,
          0.0786139518, 0.353316963 ]
      - [ 0.43956548, 0.43956548, 0.43956548, 0.43956548, 0.43956548,
          0.0482153632, 0.0331331752, 0.00276041939, 0.0119905071,
          0.00647930708, 0., 0.0258531719, 0.00753202382, 0.0275629088,
          0.0468257852, 0.149086386, 0.339428276, 0.201764435,
          0.0405674465, 0.0540214181, 0.0720766932, 0.0115170386,
          0.0286701955, 0.0242333636, 0.0929995626, 0.0559425876,
          0.341988802, 0.385910481, 0.385910481, 0.385910481,
          0.323235154, 0.385910481, 0.335364729, 0.00975735392,
          0.0115909455, 0.335364729, 0.318819851, 0.17336905,
          0.103509076, 0.335364729, 0.335364729, 0.305365235,
          0.170216709, 0.335364729, 0.335364729, 0.154588953, 0.,
          0.181841046, 0.326027125, 0.33281225, 0.338111907, 0.338111907,
          0.338111907, 0.338111907, 0.338111907, 0.158878133,
          0.125236243, 0.0322193243, 0.00843459181, 0.0878834948,
          0.236055508, 0.286794424, 0.107700907, 0.0929190367 ]
      - [ 0.117444113, 0.508052289, 0.538161695, 0.538161695, 0.36898306,
          0.00966594089, 0., 0., 0., 0., 0., 0., 0., 0., 0.,
          0.0850741118, 0.163501978, 0.106506005, 0.0453277715,
          0.04015572, 0.0206049923, 0., 0., 0.0232137945, 0.222626597,
          0.419878751, 0.146750212, 0.434576184, 0.434576184,
          0.434576184, 0.221194834, 0.300098181, 0.374379456,
          0.304227382, 0.374379456, 0.374379456, 0.374379456,
          0.293967634, 0.0838076919, 0.161106423, 0.231462538,
          0.101688862, 0.0905611962, 0., 0., 0.0458434075, 0.096390672,
          0.374379456, 0.401114076, 0.401114076, 0.211628243,
          0.401114076, 0.0543891378, 0.0071837483, 0.0877189785,
          0.401114076, 0.277311087, 0.222567052, 0., 0., 0.,
          0.0353105292, 0.091405496, 0.401114076 ]
      - [ 0.478138179, 0.478138179, 0.478138179, 0.354227871, 0., 0., 0.,
          0.000485207333, 0.000485207333, 9.26177017e-05, 0.0720153078,
          0.00980727933, 0., 0., 0., 0.422629625, 0.454929173,
          0.0330814607, 0.0408265628, 0.0166907012, 0., 0.00129647972,
          0.0164459124, 0.174528003, 0.0374524035, 0.179483727,
          0.133759052, 0.213082209, 0.192169845, 0.454929173,
          0.454929173, 0.454929173, 0.406650364, 0.406650364,
          0.406650364, 0.406650364, 0.112808734, 0., 0., 0.105626978,
          0.193110853, 0.12037573, 0.134329259, 0.129197836, 0.206001297,
          0.0826386884, 0.0972007737, 0.406650364, 0.42015633,
          0.42015633, 0.42015633, 0.42015633, 0.111990295, 0.213089764,
          0.10900595, 0.185994312, 0.0317289643, 0.00144386047,
          0.0145281125, 0.0360552296, 0.0104436371, 0., 0.197245702,
          0.37910068 ]
      - [ 0.356595278, 0.403007001, 0.403007001, 0.403007001,
          0.403007001, 0.344647139, 0.0683907419, 0.0394235514,
          0.00730556156, 0.0200908259, 0., 0.0515902974, 0.10217116,
          0.153640062, 0.0497598313, 0.233459383, 0.350123227,
          0.0979631469, 0.0442845002, 0.0163398981, 0.0328307189, 0.,
          0.00371364923, 0.0150370821, 0.139498472, 0.310240209,
          0.364014834, 0.364014834, 0.364014834, 0.364014834,
          0.287039131, 0.364014834, 0.119156294, 0.110981733,
          0.320999473, 0.320999473, 0.320999473, 0.285096556,
          0.0540915094, 0.254653335, 0.320999473, 0.101598077,
          0.320999473, 0.320999473, 0.248470113, 0.0846323073,
          0.264849305, 0.231542021, 0.351385891, 0.371239752,
          0.371239752, 0.371239752, 0.371239752, 0.334784508,
          0.371239752, 0.138287261, 0.0990256071, 0.00141461601,
          0.00659235287, 0.0389582552, 0.0592948422, 0.0545807295,
          0.0179189369, 0.185296565 ]
      - [ 0.396342576, 0.51240015, 0.51240015, 0.51240015, 0.,
          0.0116976574, 0.0291143395, 0.000155104979, 0.000155104979, 0.,
          0., 0., 0., 0.0232893601, 0.0224840511, 0.219319031,
          0.347904652, 0.26507926, 0.0422398709, 0.137937367,
          0.156828955, 0.0336059332, 0.01266379, 0.00904296245,
          0.0198774002, 0.17838335, 0.347904652, 0.347904652,
          0.347904652, 0.347904652, 0.347904652, 0.347904652,
          0.440229326, 0.440229326, 0.440229326, 0.440229326,
          0.0761694387, 0.111600727, 0.0730546787, 0.0845226571,
          0.105817653, 0.0244983081, 0.000267246302, 0.0039228918,
          0.142554164, 0.11791715, 0., 0.378969938, 0.3748779, 0.3748779,
          0.3748779, 0.277708143, 0.3748779, 0.231785923, 0.101882242,
          0.198242888, 0.079503037, 0.00351130264, 0.0869529992,
          0.0292300638, 0.249503762, 0.189202741, 0.0162076354,
          0.3748779 ]
      - [ 0.54409349, 0.54409349, 0.54409349, 0.220505923, 0.0173659902,
          0., 0., 0., 0., 0., 0., 0., 0., 0., 0., 0.239851847,
          0.349990934, 0.349990934, 0.349990934, 0.225383714,
          0.349990934, 0.047104001, 0.108959503, 0.349990934,
          0.249220505, 0.0401429981, 0.0525222048, 0.349990934,
          0.087624073, 0., 0., 0.349990934, 0.48613286, 0.48613286,
          0.48613286, 0.183909923, 0.0112718213, 0.0143692382,
          0.00426901085, 0.125121042, 0.247931957, 0.0737062022,
          0.0192903802, 0.0808228478, 0.0310533419, 0., 0., 0.401954919,
          0.320362896, 0.320362896, 0.320362896, 0.320362896,
          0.320362896, 0.320362896, 0.272223681, 0.254351735,
          0.251778156, 0.0955316499, 0.13048853, 0.190299377,
          0.211935923, 0.139824361, 0.049419038, 0.222563818 ]
      - [ 0.500086784, 0.500086784, 0.500086784, 0.274513662,
          0.105108298, 0.0748566315, 0., 0.0340664983, 0.0270451549,
          0.0160792675, 0.0187677834, 0., 0., 0., 0., 0.387599528,
          0.379058272, 0.136287764, 0.0723765418, 0.00721145887, 0.,
          0.000575309503, 0.00932256598, 0.0793639794, 0.14618063,
          0.133274406, 0.25440225, 0.379058272, 0.379058272, 0.379058272,
          0.379058272, 0.379058272, 0.291235179, 0.178717479, 0.22329019,
          0.0545814224, 0.096186161, 0.279284656, 0.230965838,
          0.291235179, 0.291235179, 0.291235179, 0.291235179,
          0.291235179, 0.291235179, 0.291235179, 0.260423332,
          0.159221485, 0.140933275, 0.209479332, 0.386949569,
          0.573658884, 0.573658884, 0.254917204, 0.195635334,
          0.117890917, 0.0146847218, 0.0186161045, 0.00369277154, 0., 0.,
          0., 0., 0.0699929222 ]
      - [ 0.493869156, 0.493869156, 0.493869156, 0.493869156,
          0.0603307486, 0., 0., 0.000526689633, 0.000526689633, 0., 0.,
          0., 0., 0., 0.00410222961, 0.125631168, 0.391269654,
          0.112081923, 0.0238348972, 0., 0., 0., 0., 0.110789396,
          0.110789396, 0.365920305, 0.391269654, 0.0754588619,
          0.391269654, 0.230999559, 0.391269654, 0.391269654,
          0.421742588, 0.421742588, 0.421742588, 0.421742588, 0., 0.,
          0.143904239, 0.18155314, 0.134327307, 0., 0., 0., 0.177218378,
          0.0576350018, 0.00331738917, 0.421742588, 0.448958457,
          0.396931618, 0.448958457, 0.448958457, 0.137483105,
          0.0199924335, 0.0340473987, 0.327662528, 0.14669472,
          0.0552564934, 0.0967125222, 0.061748784, 0.101579078,
          0.00481446041, 0.152887002, 0.18436861 ]
      - [ 0.350379676, 0.350379676, 0.350379676, 0.350379676,
          0.0801018327, 0.276023179, 0.304505318, 0.0854532421,
          0.350379676, 0.106762558, 0., 0., 0., 0., 0.256660581,
          0.350379676, 0.21028316, 0.00252806139, 0., 0., 0., 0., 0.,
          0.00439414056, 0.00439414056, 0.000239097353, 0.00719341263,
          0.330865026, 0.468912572, 0.468912572, 0.468912572,
          0.426487803, 0.133997276, 0.041835472, 0.323892087,
          0.230121106, 0.271600753, 0.323892087, 0.323892087,
          0.323892087, 0.323892087, 0.238624915, 0.00958806183,
          0.263263226, 0.323892087, 0.26692462, 0.0717188567,
          0.134778887, 0.418776035, 0.291412443, 0.0342673995,
          0.380517334, 0.0406553634, 0.0633030087, 0.254623413,
          0.177326262, 0.232497573, 0.0309711713, 0.140826762,
          0.16152598, 0.0642954633, 0.178321928, 0.418776035,
          0.418776035 ]
      - [ 0.524321854, 0.524321854, 0.524321854, 0.277548909, 0., 0., 0.,
          0., 0., 0., 0., 0., 0., 0., 0.000500622729, 0.30494231,
          0.397687197, 0.162379161, 0.0287296418, 0., 0., 0., 0.,
          0.0477775335, 0.0477775335, 0.170086771, 0.368639022,
          0.0931102112, 0.397687197, 0.397687197, 0.397687197,
          0.397687197, 0.376259238, 0.406825155, 0.406825155,
          0.363454938, 0.0090152109, 0., 0.0179939382, 0.156341791,
          0.0797606036, 0., 0.0261128712, 0.00640331814, 0.193148464,
          0.0526432879, 0.392090648, 0.406825155, 0.357101977,
          0.357101977, 0.357101977, 0.00335986493, 0.0760491043,
          0.357101977, 0.357101977, 0.206864715, 0.151713282,
          0.00306563196, 0.0262535773, 0.00609160215, 0.0839684233,
          0.221130759, 0.357101977, 0.320954025 ]
      - [ 0.542513311, 0.542513311, 0.542513311, 0.0296467766,
          0.0120340697, 0., 0., 0.0024529954, 0.0024529954, 0., 0., 0.,
          0., 0., 0., 0.332542509, 0.397267252, 0.10315872, 0.0460619889,
          0.0429323949, 0.0964467078, 0., 0., 0.0231621508, 0.0231621508,
          0.131771311, 0.169568151, 0.368546247, 0.397267252,
          0.397267252, 0.397267252, 0.397267252, 0.416987985,
          0.416987985, 0.416987985, 0.22244364, 0., 0.068047978,
          0.0126569727, 0.0321559496, 0.17603153, 0.16976209,
          0.135817394, 0.18423906, 0.325543463, 0.10604991, 0.124862932,
          0.416987985, 0.395556718, 0.395556718, 0.395556718,
          0.395556718, 0.395556718, 0.195917681, 0.0347363874,
          0.173866302, 0.0350686461, 0., 0., 0.0123873241, 0.0528796166,
          0.0639348477, 0.0762282982, 0.360312462 ]
      - [ 0.050592076, 0.0821222737, 0.263917029, 0.646833599,
          0.646833599, 0.255985081, 0.0563976578, 0.0938801691,
          0.00552463159, 0.000856887782, 0., 0., 0., 0., 0.,
          0.0156532135, 0.0866404474, 0.0954548866, 0.0775981545,
          0.0217476543, 0.01669457, 0.000365785818, 0.0456217453,
          0.0911672786, 0.207781762, 0.217814341, 0.454967082,
          0.454967082, 0.454967082, 0.454967082, 0.194350496,
          0.0728199854, 0.294957072, 0.294957072, 0.294957072,
          0.294957072, 0.294957072, 0.213115275, 0.0832445771,
          0.150538921, 0.294957072, 0.185585573, 0.294957072,
          0.0545858815, 0.218557343, 0.232070863, 0.294957072,
          0.294957072, 0.114009582, 0.125062451, 0.203225166,
          0.410216331, 0.410216331, 0.410216331, 0.410216331,
          0.410216331, 0.189682767, 0.052469641, 0.0820793957,
          0.0855713785, 0.118721873, 0.11070472, 0.0439925604,
          0.0591413155 ]
      - [ 0.322106808, 0.471744299, 0.471744299, 0.471744299,
          0.443619758, 0.00906201825, 0.00671146484, 0.0375834405,
          0.0250484794, 0., 0., 0.00389412418, 0.0228224769,
          0.0522153638, 0.0252190027, 0.145062506, 0.338647038,
          0.338647038, 0.0749485418, 0.0339767337, 0.00245847995, 0.,
          0.0319358036, 0.183211103, 0.103730924, 0.30951044,
          0.252108842, 0.338647038, 0.338647038, 0.338647038,
          0.338647038, 0.311521649, 0.356111944, 0.356111944,
          0.308656603, 0.356111944, 0.356111944, 0.216381252,
          0.0573344752, 0.145136178, 0.178758383, 0.356111944,
          0.265661925, 0.102686234, 0., 0.211769924, 0.0430507585,
          0.19012332, 0.359519303, 0.0556357987, 0.359519303,
          0.359519303, 0.359519303, 0.192637518, 0.272087544,
          0.359519303, 0.0710052401, 0.00878151972, 0.0224591587,
          0.188771471, 0.195468262, 0.164409012, 0.0122869313,
          0.359519303 ]
      - [ 0.427770704, 0.427770704, 0.427770704, 0.427770704, 0.37365523,
          0.0990441665, 0., 0., 0., 0., 0., 0., 0., 0., 0., 0.338153571,
          0.371136755, 0.085742563, 0.184992224, 0.0103444206,
          0.0105000651, 0.0520024039, 0.0146201402, 0.245892018,
          0.160692394, 0.151467666, 0.126098096, 0.371136755,
          0.371136755, 0.371136755, 0.371136755, 0.371136755,
          0.393803358, 0.393803358, 0.393803358, 0.393803358,
          0.137875244, 0.0163819436, 0.138412431, 0.333921015,
          0.184122846, 0.319702208, 0.0493756495, 0.168476418,
          0.0577762239, 0.00163674098, 0., 0.235645071, 0.404711932,
          0.404711932, 0.135414839, 0.404711932, 0.404711932,
          0.404711932, 0.145989552, 0.13389121, 0.131665513,
          0.0645808131, 0.000219944181, 0., 0.0345490836, 0.0468848795,
          0.0749200583, 0.29817754 ]
      - [ 0.228012949, 0.423835427, 0.423835427, 0.423835427,
          0.423835427, 0.423835427, 0.146604255, 0.0498872623,
          0.0130448975, 0.00509222737, 0., 0., 0., 0., 0.0362044647,
          0.141793787, 0.349535108, 0.302604973, 0.151457727,
          0.0852191597, 0.00377142988, 0.0131188063, 0.0392177962,
          0.364275336, 0.364275336, 0.3139368, 0.364275336, 0.364275336,
          0.191868097, 0.2124466, 0.0830416828, 0.180290714,
          0.0881567076, 0., 0.044964578, 0.102084927, 0.241037995,
          0.419432312, 0.419432312, 0.419432312, 0.419432312,
          0.198287696, 0., 0., 0., 0., 0.258125633, 0.328413546,
          0.0821869373, 0.0522184893, 0.374284208, 0.38985911,
          0.38985911, 0.29771173, 0.38985911, 0.38985911, 0.333120614,
          0.0762096941, 0.0883324221, 0.0992826596, 0.0539026558,
          0.0372566655, 0.0249330159, 0.102908999 ]
      - [ 0.438929647, 0.438929647, 0.438929647, 0.438929647,
          0.438929647, 0.00380705087, 0., 0., 0., 0., 0., 0.,
          0.0075989943, 0.00145834649, 0., 0.179568842, 0.344447583,
          0.183238804, 0.0213966295, 0.334634334, 0.121324174, 0., 0.,
          0.196033642, 0.344447583, 0.344447583, 0.344447583,
          0.344447583, 0.15358974, 0., 0.24887915, 0.344447583,
          0.422286034, 0.422286034, 0.422286034, 0.422286034,
          0.312897623, 0.00329444977, 0., 0., 0.0871566385, 0.0204997286,
          0., 0.0716360882, 0.0190405399, 0.214261904, 0.191734865,
          0.297292233, 0.0446924344, 0.189796999, 0.112598225, 0.2485549,
          0.347178787, 0.356741875, 0.356741875, 0.356741875,
          0.356741875, 0.103130549, 0.166720107, 0.173659489,
          0.156693265, 0.128620178, 0.271566689, 0.266330153 ]
      - [ 0.255153537, 0.484457046, 0.501308918, 0.501308918,
          0.345121473, 0.0166524388, 0.0431918912, 0.167463735,
          0.103259906, 0.0756042227, 0.0409176797, 0., 0., 0.0276686698,
          0.0360087827, 0.152181417, 0.30396083, 0.067520529, 0., 0., 0.,
          0.00222633895, 0.000357851852, 0.124886006, 0.178202093,
          0.348917693, 0.348917693, 0.348917693, 0.348917693,
          0.348917693, 0.348917693, 0.348917693, 0.355933458,
          0.113347135, 0.512953699, 0.512953699, 0.212110505,
          0.024264453, 0.0858979076, 0.0624747723, 0., 0., 0.0371147878,
          0.0866624713, 0., 0., 0.0150776645, 0.512953699, 0.324475735,
          0.265280396, 0.207553148, 0.324475735, 0.324475735,
          0.324475735, 0.324475735, 0.324475735, 0.324475735,
          0.106701687, 0.299220651, 0.0390187129, 0.162323803,
          0.067767255, 0.0989091843, 0.0561188273 ]
      - [ 0.477368444, 0.477368444, 0.302456886, 0.477368444,
          0.0241485257, 0., 0., 0.00209554029, 0.00209554029, 0., 0., 0.,
          0., 0., 0.102209039, 0.457243234, 0.392696589, 0.243257999,
          0.11564935, 0., 0., 0.0686863214, 0.0998159125, 0.0329299942,
          0.111263715, 0.0730492026, 0.206812173, 0.392696589,
          0.27608338, 0.392696589, 0.392696589, 0.392696589, 0.498973757,
          0.498973757, 0.0534953438, 0.0365434736, 0.064749673,
          0.041035179, 0., 0.0724549145, 0.32980451, 0.253736287,
          0.113113336, 0.0540343039, 0.0431574062, 0.0494858585,
          0.198971942, 0.498973757, 0.314633012, 0.10255605, 0.4084571,
          0.4084571, 0.4084571, 0.268306524, 0.4084571, 0.272151828,
          0.0525188521, 0.0682870746, 0.0109489392, 0.0287383106,
          0.161503971, 0.130116105, 0.113854006, 0.0930624455 ]
      - [ 0.422178358, 0.422178358, 0.422178358, 0.422178358,
          0.422178358, 0.0589467362, 0.0578370355, 0.0481858999,
          0.00224210625, 0.0017392427, 0.00466713123, 0., 0., 0.,
          0.0469463244, 0.305342823, 0.375558823, 0.182768241,
          0.00934064202, 0.00834608171, 0.0663623959, 0.0120661035,
          0.0183545575, 0.0639877096, 0.0191720463, 0.025207879,
          0.326246142, 0.375558823, 0.375558823, 0.375558823,
          0.375558823, 0.375558823, 0.377928764, 0., 0., 0.0137378825,
          0.377928764, 0.176925391, 0.325176239, 0.377928764,
          0.377928764, 0.130755439, 0., 0.0325598642, 0.377928764,
          0.203925252, 0.268279523, 0.114568844, 0.313231707,
          0.161059797, 0.313231707, 0.313231707, 0.313231707,
          0.313231707, 0.209957272, 0.312714159, 0.134876311,
          0.182394624, 0.0845264867, 0.120954372, 0.178898454,
          0.313231707, 0.19240661, 0.313231707 ]
      - [ 0.00851260219, 0.0898053572, 0.193219751, 0.565891445,
          0.565891445, 0.486872137, 0.254009902, 0.0768883154,
          0.0293566808, 0., 0., 0., 0., 0., 0., 0.00851260219,
          0.0612117201, 0.0894106179, 0.0528907552, 0.0520050973,
          0.0485185347, 0., 0.0237297807, 0.371839851, 0.371839851,
          0.371839851, 0.371839851, 0.371839851, 0.371839851,
          0.371839851, 0.0873659775, 0.0252579581, 0.0837762505,
          0.0512147993, 0.112890787, 0.197215155, 0.389231831,
          0.0405691862, 0.160470396, 0.434182018, 0.434182018,
          0.182171106, 0.29035908, 0.434182018, 0.251634121,
          0.00965204276, 0.0231342744, 0.092198357, 0.0843644515,
          0.083440423, 0.369551092, 0.369551092, 0.369551092,
          0.369551092, 0.369551092, 0.369551092, 0.369551092,
          0.0528559498, 0., 0., 0.0208762344, 0.0139538953,
          0.00451910682, 0.15102151 ]
      - [ 0.0529746003, 0.334870011, 0.538401306, 0.538401306,
          0.538401306, 0.079958953, 0.0163958371, 0.00466497196,
          0.0045286566, 0., 0., 0., 0., 0., 0.0114746932, 0.0567011386,
          0.211320415, 0.0268967431, 0.0407287143, 0.0737275481,
          0.0400670953, 0.0128161265, 0.0884843692, 0.23525545,
          0.371439785, 0.371439785, 0.371439785, 0.371439785,
          0.371439785, 0.371439785, 0.170024216, 0.148853078,
          0.289459765, 0.132976964, 0.0163664203, 0.339568108,
          0.176559612, 0.0774972886, 0.339568108, 0.339568108,
          0.339568108, 0.339568108, 0.197236955, 0.3138583, 0.0426002368,
          0.072256498, 0.205336779, 0.307488918, 0.216357976,
          0.126030564, 0.195604771, 0.369630396, 0.376442522,
          0.376442522, 0.376442522, 0.376442522, 0.251063019,
          0.0422956906, 0.132809818, 0.186821535, 0.124157913,
          0.0581180491, 0.115920827, 0.205494732 ]
      - [ 0.388267815, 0.503057003, 0.503057003, 0.503057003,
          0.237751678, 0.00792851113, 0.00229238672, 0., 0., 0., 0., 0.,
          0., 0., 0., 0.168614715, 0.378953397, 0.378953397, 0.,
          0.127456129, 0.102459878, 0.124915928, 0.229241997,
          0.297912866, 0.0846091956, 0.199174106, 0.178541377, 0.,
          0.125811398, 0.378953397, 0.378953397, 0.378953397, 0.42276904,
          0.42276904, 0.42276904, 0.42276904, 0.387654811, 0., 0.,
          0.0705403611, 0.226936311, 0.0079525765, 0., 0., 0.,
          0.202421561, 0.0432356372, 0.176586747, 0.163934857,
          0.150611982, 0.0257664938, 0.374322683, 0.123777665,
          0.407396525, 0.407396525, 0.407396525, 0.407396525,
          0.254402936, 0.0166822691, 0.065191932, 0.180014029,
          0.00985255092, 0.151402876, 0.0413236581 ]
      - [ 0.173567578, 0.384436101, 0.51764977, 0.51764977, 0.51764977,
          0.096640572, 0.0172693878, 0.0320020877, 0.00650440762, 0., 0.,
          0., 0.00905225892, 0.00953188259, 0.0275575519, 0.0373277925,
          0.127752125, 0.123695798, 0.0350332782, 0.0149412518,
          0.063137643, 0.0162917711, 0.0216270015, 0.333407193,
          0.359579772, 0.359579772, 0.0496245809, 0.263073027,
          0.359579772, 0.359579772, 0.359579772, 0.359579772,
          0.314965844, 0.314965844, 0.049565997, 0.109036006,
          0.230805844, 0.0946989059, 0.0814618766, 0.314965844,
          0.314965844, 0.270811349, 0.282058626, 0.314965844,
          0.110082522, 0.259507388, 0.293348014, 0.314965844,
          0.184765041, 0.0383139923, 0.171582207, 0.454637915,
          0.454637915, 0.454637915, 0.454637915, 0.260895252,
          0.0497360229, 0.0344133563, 0.0508694351, 0.0176784638,
          0.0225377474, 0.0211233106, 0.104756691, 0.130679503 ]
      - [ 0.216674626, 0.32701996, 0.54467088, 0.54467088, 0.493883699,
          0.0251499824, 0., 0.00619575335, 0.00619575335, 0.00513339275,
          0.00400556065, 0., 0., 0., 0.0108667193, 0.0504693612,
          0.337046355, 0.0786091089, 0.103515252, 0.0083800992,
          0.0314154327, 0.0614925064, 0.124261431, 0.187404633,
          0.337046355, 0.337046355, 0.172985688, 0.337046355,
          0.337046355, 0.337046355, 0.337046355, 0.314979255,
          0.312052786, 0.236620724, 0.151621938, 0.267016351,
          0.197624892, 0.226667494, 0.312052786, 0.312052786,
          0.312052786, 0.312052786, 0.19078353, 0.280040383, 0.,
          0.297435224, 0.112108901, 0.231149524, 0.361797184,
          0.294821441, 0.305796683, 0.45199424, 0.460092843, 0.460092843,
          0.161165938, 0.0714949146, 0.0462243408, 0.11476858,
          0.00259020482, 0., 0., 0., 0., 0.100025713 ]
      - [ 0.569968462, 0.569968462, 0.569968462, 0.0681494921,
          0.0439758487, 0.0265355986, 0., 0.010773452, 0.010773452, 0.,
          0.00383722037, 0.011663748, 0.00409713155, 0.00117740687, 0.,
          0.109693743, 0.375916183, 0.213934034, 0.061438784,
          0.020253351, 0.00479746237, 0., 0.0540232956, 0.218204379,
          0.0907715484, 0.216538399, 0.335994303, 0.145436019,
          0.375916183, 0.375916183, 0.375916183, 0.375916183,
          0.317485332, 0.317485332, 0.317485332, 0.317485332, 0., 0.,
          0.0454539545, 0.136357322, 0.142582878, 0.317485332,
          0.317485332, 0.244857222, 0.317485332, 0.205070451,
          0.317485332, 0.217839375, 0.413254589, 0.413254589,
          0.413254589, 0.413254589, 0.413254589, 0.248111948,
          0.155112937, 0.0183213856, 0.0204699952, 0.0123236356,
          0.0085011255, 0.00173397467, 0.00416636467, 0.00453977101,
          0.0969413891, 0.214331031 ]
      - [ 0.555065989, 0.555065989, 0.555065989, 0.0607943796,
          0.0174499843, 0.00502295466, 0.0131332129, 0., 0., 0., 0., 0.,
          0., 0.00588082243, 0.0598039851, 0.249705985, 0.400621414,
          0.397001952, 0.0178894904, 0.0131877782, 0.00598747563, 0., 0.,
          0.016295284, 0.063214004, 0., 0.0905257687, 0.400621414,
          0.400621414, 0.400621414, 0.151371852, 0.400621414,
          0.320168495, 0.0675219968, 0.320168495, 0.320168495,
          0.139432639, 0.320168495, 0.182889596, 0.320168495,
          0.320168495, 0.0506830029, 0.00307685114, 0.107452005,
          0.320168495, 0.320168495, 0.0515430197, 0.320168495,
          0.345264852, 0.345264852, 0.345264852, 0.345264852,
          0.345264852, 0.0374968462, 0.12220452, 0.130282924,
          0.0855201781, 0.0272679627, 0.00617968896, 0.345264852,
          0.0382926911, 0.00353484228, 0.345264852, 0.345264852 ]
      - [ 0.131055549, 0.339760572, 0.287971109, 0.381101936,
          0.381101936, 0.381101936, 0.381101936, 0.381101936,
          0.205720633, 0.0304128192, 0.00961458404, 8.82521927e-05,
          0.0155074904, 0.0769423321, 0.0403187275, 0.0577441379,
          0.413368434, 0.413368434, 0.413368434, 0.260971457,
          0.134639755, 0.0097926138, 0.0775503665, 0.234213725,
          0.354804069, 0., 0., 0.0788070634, 0.129205033, 0.128009483,
          0., 0.413368434, 0.331790656, 0.331790656, 0.129469231,
          0.0418384895, 0., 0.0282158908, 0.135754064, 0.296677142,
          0.331790656, 0.219271973, 0.08352492, 0.331790656, 0.331790656,
          0.331790656, 0.212785184, 0.331790656, 0.417858809,
          0.510650218, 0.510650218, 0.510650218, 0.0262565408,
          0.0939358696, 0.00809813291, 0.00704457238, 0.00704457238, 0.,
          0., 0., 0., 0., 0., 0.168300539 ]
      - [ 0.129208475, 0.0195961464, 0.0152908936, 0.14620699,
          0.401446819, 0.401446819, 0.401446819, 0.401446819,
          0.359566689, 0.0538634211, 0.0593556464, 0.0561986677, 0.,
          0.0455022715, 0.102768324, 0.401446819, 0.365414917,
          0.365414917, 0.365414917, 0.118734807, 0., 0.145917267,
          0.0844548792, 0.0946080908, 0.298456132, 0.0428054556,
          0.331638247, 0.0482420139, 0., 0.365414917, 0.272059172,
          0.365414917, 0.34837544, 0.23169671, 0.131458059, 0.154235974,
          0., 0.014473238, 0.0591998659, 0.340415686, 0.34837544,
          0.165590301, 0.34837544, 0.34837544, 0., 0.34837544,
          0.162960857, 0.34837544, 0.496832997, 0.496832997, 0.496832997,
          0.496832997, 0.0634183437, 0., 0., 0.0189363696, 0.0189363696,
          0., 0.00529536139, 0.0012358512, 0., 0., 0., 0.053825479 ]
      - [ 0.332179099, 0.0272885412, 0., 0.0202511624, 0.234411076,
          0.173160508, 0.457560152, 0.457560152, 0.457560152,
          0.115084507, 0.00140870467, 0., 0., 0., 0.295883417,
          0.264804631, 0.373766631, 0.0755294412, 0.270494848,
          0.150913194, 0.111778036, 0.373766631, 0.373766631,
          0.373766631, 0.373766631, 0.0403764322, 0.00321054296,
          0.0247486904, 0.282484114, 0.155305997, 0.0607478395,
          0.271581352, 0.307135314, 0.230480865, 0.307135314,
          0.164455205, 0.0290726796, 0., 0., 0.307135314, 0.307135314,
          0.252920657, 0.307135314, 0.271544009, 0.153483093,
          0.307135314, 0.307135314, 0.307135314, 0.362420142,
          0.362420142, 0.258407235, 0.362420142, 0.362420142,
          0.268997908, 0.362420142, 0.362420142, 0.208594874, 0.,
          0.0849473029, 0.0356117748, 0.00838554371, 0.00435351394,
          0.0513858832, 0.120121032 ]
      - [ 0.194217414, 0.374102324, 0.186077952, 0.374102324,
          0.374102324, 0.374102324, 0.374102324, 0.374102324,
          0.175309733, 0.00776992086, 0.00443022093, 0.057404276,
          0.154718295, 0., 0., 0.161726117, 0.49244234, 0.49244234,
          0.49244234, 0.134949103, 0., 0., 0., 0., 0., 0.0176075399,
          0.0810103342, 0., 0., 0., 0., 0.49244234, 0.354734361,
          0.354734361, 0.354734361, 0.0364901461, 0.0943187103,
          0.153701335, 0.171062097, 0.343558073, 0.33408913,
          0.0254488178, 0.0566866063, 0.354734361, 0.252335817,
          0.00272572995, 0.0834873095, 0.354734361, 0.489719063,
          0.489719063, 0.489719063, 0.18866843, 0., 0.0146096917,
          0.00073948846, 0., 0., 0., 0., 0., 0., 0., 0., 0.489719063 ]
      - [ 0.0573329926, 0.0578473546, 0.100852586, 0.270294011,
          0.521790326, 0.521790326, 0.521790326, 0.245980635,
          0.114884965, 0.00653417967, 0., 0.013534558, 0.102794752,
          0.0354936682, 0.0169289801, 0.0456735194, 0.449513674,
          0.449513674, 0.449513674, 0.272444814, 0., 0., 0.0729375854,
          0.223857194, 0.140556797, 0.07395982, 0., 0., 0.0330617912,
          0.176867977, 0., 0.449513674, 0.354729384, 0.176321298,
          0.0735050589, 0.0134218093, 0.0243589357, 0.0901739001,
          0.0642545596, 0.354729384, 0.348509043, 0.0068354262,
          0.263354719, 0.277016401, 0.354729384, 0.354729384,
          0.223978296, 0.354729384, 0.524429321, 0.524429321,
          0.524429321, 0.158057541, 0., 0., 0., 0., 0., 0., 0., 0., 0.,
          0., 0., 0.380397201 ]
      - [ 0.147916049, 0.0374085419, 0., 0.128734425, 0.176375881, 0.,
          0., 0.358353704, 0.358353704, 0.358353704, 0.306502253,
          0.358353704, 0.29738462, 0.358353704, 0.103178822, 0.30057624,
          0.16770193, 0.0184930414, 0.138879374, 0.506722867,
          0.506722867, 0.149483725, 0., 0.238319784, 0.238319784,
          0.00982771534, 0.189775333, 0.0237435568, 0.00721040787, 0.,
          0.0649352744, 0.506722867, 0.371612757, 0.114175119, 0., 0.,
          0., 0., 0., 0.000125692866, 0.0173678752, 0.0225210227,
          0.103907607, 0.408211797, 0.408211797, 0.408211797,
          0.408211797, 0.408211797, 0.384160548, 0.484209836,
          0.484209836, 0.484209836, 0.275030881, 0.0174042787,
          0.0107869953, 0.0526246205, 0., 0., 0., 0., 0., 0., 0.,
          0.25568825 ]
      - [ 0.0254398342, 0.172093913, 0.353146344, 0.24414736,
          0.446654052, 0.446654052, 0.446654052, 0.39327839,
          0.0499238037, 0.0121502643, 0., 0.113010481, 0.0169004537,
          0.00252466253, 0.100052074, 0.0455352105, 0.495585769,
          0.495585769, 0.38863048, 0., 0., 0., 0.0148236146, 0.24600549,
          0.205940038, 0.0471532829, 0., 0., 0., 0., 0.0427534394,
          0.495585769, 0.344977945, 0.117998749, 0.13875033, 0.,
          0.0850249529, 0.0610556155, 0., 0.344977945, 0.344977945,
          0.0046554436, 0.0179117955, 0.344977945, 0.344977945,
          0.344977945, 0.344977945, 0.344977945, 0.541057408,
          0.541057408, 0.541057408, 0.0821432173, 0.0298805125,
          0.00231794827, 0.0143586313, 0., 0.000159354007,
          0.000472508545, 0., 0., 0.00143556471, 0.0248560235, 0.,
          0.328474402 ]
      - [ 0.394962877, 0.394962877, 0.394962877, 0.394962877,
          0.394962877, 0.175941586, 0.136362687, 0.0352029689,
          0.117393725, 0.0975281894, 0.0189564936, 0.0152504705, 0.,
          0.190013364, 0.0208461788, 0.32382372, 0.349987924,
          0.123813987, 0.329838455, 0.0205774512, 0.0926884338,
          0.313378513, 0.349987924, 0.349987924, 0.349987924,
          0.349987924, 0.0661236718, 0.121202983, 0.0449105501,
          0.0357490256, 0.0886149108, 0.349987924, 0.399186105,
          0.194729716, 0.037084043, 0.0240242537, 0.0114176515,
          0.0136610493, 0.0124747641, 0.0240651388, 0.0372180603,
          0.0753785223, 0.266758978, 0.283042938, 0.399186105,
          0.399186105, 0.399186105, 0.399186105, 0.344241917,
          0.411978453, 0.411978453, 0.411978453, 0.411978453,
          0.106851347, 0.0259203501, 0.0286063328, 0.0286063328, 0., 0.,
          0.0106769158, 0.0271879621, 0.0345225073, 0.113929674,
          0.411978453 ]
      - [ 0.116126828, 0.357951999, 0.357951999, 0.357951999,
          0.357951999, 0.357951999, 0.0881308466, 0.332298517,
          0.141584948, 0., 0.258806527, 0.291487783, 0.105537742,
          0.167631269, 0.0721572414, 0.0875397176, 0.323109895,
          0.323109895, 0.323109895, 0.323109895, 0.323109895,
          0.0613393039, 0.317979753, 0.323109895, 0.323109895,
          0.00886093918, 0.139274776, 0.0214335062, 0.319732636, 0., 0.,
          0.19731614, 0.372496992, 0.0686351433, 0.136844039,
          0.372496992, 0.320379615, 0.372496992, 0.372496992,
          0.372496992, 0.372496992, 0.040735133, 0.140326649,
          0.0945741609, 0.0108294496, 0.0596346296, 0.0559272356,
          0.024033919, 0.438806355, 0.438806355, 0.438806355,
          0.438806355, 0.438806355, 0.102135047, 0.0105984583,
          0.0114711504, 0.0896917731, 0., 0., 0., 0., 0., 0.,
          0.118918084 ]
      - [ 0.339083165, 0.149804369, 0.262526929, 0.330878407,
          0.00697938772, 0.389606684, 0.389606684, 0.389606684,
          0.259304464, 0., 0., 0., 0.0735629052, 0.0299355052,
          0.248285323, 0.299444914, 0.404440701, 0.404440701,
          0.404440701, 0.404440701, 0.404440701, 0.00701258052,
          0.0989874527, 0.225760236, 0.179500237, 0., 0.0644706786,
          0.129730776, 0.0432345457, 0., 0., 0.249413222, 0.35250634,
          0.35250634, 0.210038528, 0.00203034957, 0., 0., 0., 0.35250634,
          0.35250634, 0.35250634, 0.35250634, 0.167776465, 0.0885172412,
          0.105533257, 0.35250634, 0.188178882, 0.192959055, 0.478649855,
          0.478649855, 0.478649855, 0.478649855, 0., 0., 0.00662991917,
          0.00662991917, 0., 0.0290549397, 0.00130928843, 0., 0.,
          0.0577537939, 0.193116665 ]
      - [ 0.256178856, 0., 0.181718796, 0.523724496, 0.523724496,
          0.467751354, 0.136216685, 0.102703646, 0.106858961,
          0.00498782191, 0.0777719691, 0.055497963, 0.0164312758, 0.,
          0.12556532, 0.251082659, 0.50332731, 0.50332731, 0.380782455,
          0., 0., 0., 0., 0.0236147791, 0.030377984, 0.113342024, 0.,
          0.00564951496, 0.272374451, 0.0376226902, 0.000824185845,
          0.50332731, 0.445455372, 0.312424123, 0.0662286356, 0.,
          0.00925935525, 0.159893721, 0.0450960733, 0.195320234,
          0.14635779, 0.0216154289, 0.331913054, 0.0231164005,
          0.0157691408, 0.315580964, 0.445455372, 0.445455372,
          0.438530445, 0.438530445, 0.438530445, 0.0260497518,
          0.166620836, 0.0230527259, 0.0686411485, 0.0158841889, 0., 0.,
          0., 0., 0., 0.0117630512, 0.438530445, 0.438530445 ]
      - [ 0.137071416, 0.117784001, 0.119129911, 0.382374465, 0.35525322,
          0.382374465, 0.382374465, 0.382374465, 0.382374465, 0.,
          0.0141327549, 0.00742649427, 0.159039423, 0.0979014859,
          0.0230367798, 0.237500548, 0.484237432, 0.484237432,
          0.484237432, 0.0846149325, 0., 0., 0., 0.0187447388,
          0.0777333304, 0., 0., 0., 0., 0.0306289867, 0.206708282,
          0.484237432, 0.327686042, 0.229883492, 0.327686042,
          0.0876665041, 0.0109792715, 0.00716649601, 0., 0.295021921,
          0.327686042, 0.123915352, 0.327686042, 0.327686042,
          0.286325485, 0., 0.327686042, 0.327686042, 0.503903449,
          0.503903449, 0.503903449, 0.462158293, 0., 0., 0., 0., 0., 0.,
          0., 0., 0., 0., 0., 0.140075207 ]
      - [ 0.242140293, 0.0755775496, 0.0238701142, 0.0259222966,
          0.44203791, 0.44203791, 0.44203791, 0.44203791, 0.265888602,
          0.134062052, 0.0130510833, 0., 0., 0.00290413829, 0.0304746125,
          0.242140293, 0.349040598, 0.349040598, 0.349040598,
          0.0793355033, 0., 0., 0.0248013306, 0.349040598, 0.349040598,
          0.349040598, 0.0243068133, 0.349040598, 0.147342354, 0.,
          0.0837786496, 0.327839285, 0.317338288, 0.317338288,
          0.317338288, 0.233910426, 0.0634228289, 0.193359286,
          0.0495341793, 0.317338288, 0.317338288, 0.0204548817,
          0.170954421, 0.317338288, 0.0195149649, 0.317338288,
          0.250195354, 0.317338288, 0.332869142, 0.332869142,
          0.332869142, 0.332869142, 0.238881141, 0.225935847,
          0.332869142, 0.332869142, 0.332869142, 0.160746843,
          0.0104141999, 0.00475366926, 0.0563383289, 0.162352771, 0.,
          0.239680916 ]
      - [ 0.159672394, 0.00079655298, 0.574149251, 0.574149251,
          0.51285243, 0.201471865, 0., 0.0642868653, 0.0158947241, 0.,
          0., 0., 0.0159769617, 0.00829470903, 0., 0.0340313017,
          0.328654945, 0.201520532, 0.328654945, 0.328654945,
          0.121716335, 0.0123776086, 0.328654945, 0.328654945,
          0.328654945, 0.328654945, 0.050456129, 0., 0.263107777,
          0.0714612007, 0.012117343, 0.328654945, 0.369483262,
          0.0176991075, 0.0519526862, 0., 0.0511952303, 0.111830361,
          0.029935237, 0.353019387, 0.158462316, 0.0333768502,
          0.000341367588, 0.155492231, 0.407844156, 0.407844156,
          0.407844156, 0.407844156, 0.42894116, 0.0545440614, 0.42894116,
          0.42894116, 0.42894116, 0.211100385, 0.0352763981,
          0.00195879862, 0.00674599875, 0., 0.0180370081, 0.0834764317,
          0.0269094352, 0.0823039636, 0.110175826, 0.42894116 ]
      - [ 0.305098534, 0.305098534, 0.305098534, 0.305098534,
          0.305098534, 0.305098534, 0.262846857, 0.305098534,
          0.279548883, 0.241701931, 0.196646929, 0.0548621193,
          0.0123601165, 0., 0.0691506192, 0.305098534, 0.45757398,
          0.45757398, 0.45757398, 0.45757398, 0.104939118, 0.0493518487,
          0.047565911, 0., 0.0220583156, 0.145129889, 0., 0.0246650614,
          0.162124038, 0.152020231, 0.0244354457, 0.264715254,
          0.28550005, 0.305487245, 0.252285957, 0.0114069739, 0.,
          0.00377646089, 0.00842299312, 0.1508867, 0.305487245,
          0.305487245, 0.305487245, 0.286753058, 0.305487245,
          0.305487245, 0.305487245, 0.305487245, 0.313486546,
          0.549396574, 0.549396574, 0.512515187, 0.0117557384, 0.,
          0.00314371637, 0.0060736523, 0., 0., 0., 0., 0., 0., 0.,
          0.172365203 ]
      - [ 0.294480741, 0.294480741, 0.0831178576, 0.267089307,
          0.294480741, 0.294480741, 0.294480741, 0.294480741,
          0.117300153, 0.257013172, 0.294480741, 0.029178923,
          0.122872472, 0.238376558, 0.294480741, 0.269208729,
          0.676080942, 0.0810138956, 0., 0., 0., 0., 0., 0., 0.,
          0.000354808726, 0.112045176, 0., 0., 0.243786693, 0.0230271034,
          0.676080942, 0.365184873, 0.365184873, 0.365184873,
          0.0588341579, 0., 0., 0.0790057853, 0.310246408, 0.365184873,
          0.0541298985, 0.249315575, 0.166773677, 0.0176080838, 0.,
          0.361086577, 0.365184873, 0.584363401, 0.525451243,
          0.0136539154, 0.0847725496, 0.0737313181, 0.0220802426,
          0.0432855859, 0.0326815993, 0.000706476276, 0., 0., 0., 0., 0.,
          0.137353271, 0.584363401 ]
      - [ 0.0495947748, 0.203467429, 0.161590517, 0.222734824, 0., 0.,
          0.52140516, 0.527552128, 0.527552128, 0.20122081,
          0.00189266773, 0., 0.0240999218, 0.0691873878, 0.,
          0.0283472538, 0.311566979, 0.311566979, 0.311566979,
          0.0487812422, 0.0900727659, 0.0708464384, 0.0889632255,
          0.311566979, 0.311566979, 0.311566979, 0.311566979,
          0.212207645, 0.311566979, 0.235546321, 0.0986747816,
          0.29430899, 0.390247911, 0.155974835, 0.390247911, 0.390247911,
          0.390247911, 0.0535347685, 0.21135506, 0.390247911,
          0.0849202797, 0.123027287, 0.359084845, 0.0653307214,
          0.0105850212, 0.0124658085, 0.0617349111, 0.0559765175,
          0.334212065, 0.400034428, 0.163017392, 0.10797736, 0.400034428,
          0.400034428, 0.165624276, 0.400034428, 0.400034428,
          0.021074621, 0.000549127464, 0.0641504228, 0.0368908271,
          0.015003155, 0.0957244411, 0.0565172322 ]
      - [ 0.0397897512, 0.0867811143, 0.36560452, 0.618173957,
          0.618173957, 0.2826536, 0.0103065921, 0.0238006879,
          0.0754744187, 0., 0., 0., 0., 0., 0., 0.022510808, 0.360802978,
          0.241164207, 0.360802978, 0.360802978, 0.360802978, 0.,
          0.182591498, 0.360802978, 0.280292064, 0., 0.0324301198,
          0.163304016, 0.119728044, 0.0566065982, 0., 0.360802978,
          0.361783266, 0.0791253522, 0., 0., 0., 0., 0.0855253562,
          0.128624871, 0.074772954, 0.361783266, 0.361783266,
          0.350919664, 0.361783266, 0.22848919, 0.361783266, 0.361783266,
          0.420358866, 0.429741383, 0.429741383, 0.429741383,
          0.429741383, 0.0444628634, 0., 0., 0., 0., 0., 0., 0., 0.,
          0.0196939819, 0.279159844 ]
      - [ 0.339787722, 0.20271346, 0.225459784, 0.158472463, 0.339787722,
          0.325294852, 0.103183456, 0.339787722, 0.339787722,
          0.0373843461, 0.303709745, 0., 0., 0.162419349, 0.256529599,
          0.339787722, 0.351133198, 0.351133198, 0.351133198,
          0.351133198, 0.146811113, 0.103023089, 0.0763001367,
          0.351133198, 0.351133198, 0.0941744074, 0.122224703, 0.,
          0.177903712, 0.0190504845, 0.199049667, 0.351133198,
          0.225988612, 0.0590148382, 0., 0., 0.0424730815, 0.110839009,
          0.0706964433, 0.367587179, 0.367587179, 0.134636536,
          0.182068586, 0.367587179, 0.367587179, 0.246350497,
          0.367587179, 0.367587179, 0.288440406, 0.503766954,
          0.503766954, 0.503766954, 0.381260842, 0.0459848754,
          0.00511546899, 0., 0., 0., 0., 0., 0., 0., 0., 0.0540994294 ]
      - [ 0.0946503878, 0.126937345, 0.200346082, 0.35365063,
          0.367995232, 0.407279015, 0.407279015, 0.407279015,
          0.407279015, 0., 0., 0.0389532484, 0.00619999273, 0.0167039037,
          0.0647157058, 0.0265349913, 0.329701543, 0.320180953,
          0.296825767, 0.329701543, 0.329701543, 0.101859681,
          0.329701543, 0.329701543, 0.329701543, 0.0207187328, 0.,
          0.0584725887, 0.139124542, 0., 0.107625484, 0.329701543,
          0.109517299, 0.0234386101, 0.0666044801, 0.0625954121, 0.,
          0.0380224623, 0.0476099513, 0.414228201, 0.414228201,
          0.414228201, 0.394893438, 0.392330796, 0., 0.336008012,
          0.0950513631, 0.157151043, 0.01467227, 0.133247539,
          0.493881553, 0.493881553, 0.493881553, 0.493881553,
          0.0337845422, 0.00636313111, 0.00488860207, 0., 0., 0., 0., 0.,
          0., 0.01467227 ]
      - [ 0.21254161, 0.0500185564, 0.0607951097, 0.334130585,
          0.00801611878, 0.0128914909, 0.0443353057, 0.383567125,
          0.383567125, 0.383567125, 0.383567125, 0.0932439566,
          0.152515769, 0.383567125, 0.106968582, 0.227904692,
          0.410145342, 0.410145342, 0.141796187, 0.0163162425,
          0.0101038683, 0.0608715303, 0.0144142965, 0.00127340795,
          0.0541732423, 0.00418899348, 0.073664166, 0.0340771936,
          0.410145342, 0.347674549, 0.410145342, 0.410145342,
          0.349029303, 0.225211233, 0.260937542, 0.00464790408, 0., 0.,
          0., 0.122680627, 0.238642618, 0.278342694, 0.349029303,
          0.349029303, 0.218714982, 0.349029303, 0.266952515,
          0.349029303, 0.343470991, 0.328576475, 0.343470991,
          0.123427741, 0.343470991, 0.343470991, 0.343470991,
          0.343470991, 0.0935361609, 0.0474485122, 0., 0., 0.,
          0.115390979, 0.152478799, 0.343470991 ]
      - [ 0.0946281403, 0.105055854, 0.148424625, 0.413838059,
          0.224116489, 0.413838059, 0.413838059, 0.413838059,
          0.413838059, 0.0151211182, 0., 0.0617160536, 0.15640083, 0.,
          0.0335118175, 0.132985875, 0.451256663, 0.451256663,
          0.451256663, 0.451256663, 0.0254290532, 0., 0., 0., 0.,
          0.0356826596, 0.0701736808, 0., 0.150143608, 0.123929977,
          0.0405333862, 0.36684233, 0.0777270943, 0.190173954,
          0.231287971, 0.2513327, 0.0554288961, 0.00448838202,
          0.0149369957, 0.199976444, 0.346882164, 0.318576366,
          0.36540094, 0.36540094, 0.36540094, 0.0777895823, 0.359089226,
          0.19184725, 0.244093388, 0.508668721, 0.508668721, 0.508668721,
          0.195586771, 0.0246241447, 0., 0., 0., 0., 0., 0., 0.12888819,
          0.247001842, 0.0568328202, 0.198479623 ]
      - [ 0.104401164, 0.209013984, 0.120218813, 0.219981417,
          0.0609085299, 0.311142921, 0.457341522, 0.457341522,
          0.457341522, 0.281485617, 0.210822061, 0., 0., 0.142140865,
          0.0459329598, 0.0632721856, 0.404895037, 0.118742958,
          0.404895037, 0.404895037, 0.404895037, 0.316470981,
          0.0429474562, 0.0777271912, 0.0777271912, 0., 0.120912269,
          0.179095834, 0., 0., 0.037132442, 0.404895037, 0.163404152,
          0.0705829337, 0.0102171153, 0., 0., 0., 0., 0.0420497842,
          0.119343802, 0.422762454, 0.422762454, 0.422762454,
          0.422762454, 0.120602235, 0.354806453, 0.304357767,
          0.137224883, 0.094737567, 0.16148518, 0.556968987, 0.556968987,
          0.556968987, 0.0769367144, 0.0489098616, 0.0264267102, 0., 0.,
          0., 0., 0., 0., 0.0300261918 ]
      - [ 0.162469417, 0.030965643, 0.297398955, 0.079869017, 0.,
          0.00570613518, 0.152639523, 0.347717375, 0.347717375,
          0.306460291, 0.34673509, 0.347717375, 0.206364617,
          0.0567290969, 0.347717375, 0.327775776, 0.419697285,
          0.394382179, 0.116377883, 0.0163268726, 0.0373889543,
          0.0834894404, 0.032051336, 0.0315011293, 0.0470331386,
          0.0933395773, 0.038828034, 0.21997574, 0.358129203,
          0.419697285, 0.313936919, 0.419697285, 0.321557134,
          0.266521305, 0.321557134, 0.146501064, 0.0133569669,
          0.00701635517, 0.0475358479, 0.321557134, 0.235982969,
          0.253382415, 0.0986508131, 0.321557134, 0.321557134,
          0.298968911, 0.249809295, 0.321557134, 0.372560203,
          0.372560203, 0.306016415, 0.153471291, 0.0817281082,
          0.372560203, 0.372560203, 0.372560203, 0.15285942,
          0.0923407078, 0.0258606579, 0.0204708464, 0.0323794782,
          0.0473579355, 0.0576245524, 0.372560203 ]
      - [ 0.124423005, 0.0383817405, 0.203335479, 0.0352129601,
          0.252244174, 0.23544924, 0.391455531, 0.391455531, 0.391455531,
          0.251082093, 0.0460036322, 0.328152657, 0.156495854,
          0.0814819336, 0.0237416625, 0.391455531, 0.340682, 0.340682,
          0.338761389, 0.125067323, 0.00556064537, 0.0335639417,
          0.141393006, 0.0815394223, 0.130070597, 0.0252257958, 0.340682,
          0.304400742, 0.3380467, 0.183264121, 0.340682, 0.340682,
          0.328839004, 0.328839004, 0.328839004, 0.0760489255, 0.,
          0.0041893702, 0.0732791349, 0.274796635, 0.293115467,
          0.24524875, 0.328839004, 0.328839004, 0.0143163577,
          0.328839004, 0.0825601444, 0.328839004, 0.390815467,
          0.390815467, 0.390815467, 0.338022321, 0.390815467,
          0.390815467, 0.195254669, 0.197567284, 0.0722162798,
          0.122727588, 0.0078093796, 0.00795926247, 0.0967427716,
          0.066034928, 0.00216964935, 0.0828834996 ]
      - [ 0.303051472, 0.179403275, 0.357945681, 0.357945681,
          0.357945681, 0.357945681, 0.357945681, 0.261137068,
          0.205619603, 0., 0., 0., 0.142260745, 0.152848452, 0.,
          0.278746784, 0.38616538, 0.38616538, 0.142354116, 0.0323191173,
          0.00129055313, 0., 0.0791656673, 0.0550975576, 0.189421237,
          0.38616538, 0.38616538, 0.131239995, 0.0232433453, 0.284783185,
          0.291827977, 0.38616538, 0.423789471, 0.116973974,
          0.0368886106, 0.0487819649, 0.0157815162, 0.0939514711, 0.,
          0.128855407, 0.145571724, 0.266207308, 0.109923922,
          0.0948785171, 0.423789471, 0.348038733, 0.423789471,
          0.423789471, 0.369457096, 0.255069524, 0.0599173829,
          0.122665636, 0.369457096, 0.369457096, 0.230248839,
          0.369457096, 0.331988335, 0.119147606, 0.126881406,
          0.0484484173, 0.00106612046, 0.0584353097, 0.175584078,
          0.369457096 ]
      - [ 0.116998188, 0.00326592568, 0.173579797, 0.211341113,
          0.162056431, 0.440724671, 0.440724671, 0.440724671,
          0.440724671, 0.0697575957, 0.0236828439, 0.195154667,
          0.0234826263, 0.0293131415, 0.204377592, 0.131129503,
          0.374284834, 0.0535950176, 0.374284834, 0.374284834,
          0.330938071, 0.0570993647, 0.0970591903, 0.105856426,
          0.374284834, 0., 0.0492127314, 0.374284834, 0.130476236, 0.,
          0.00101617805, 0.374284834, 0.180784464, 0.075339973,
          0.100161299, 0.208658785, 0.0734893456, 0.014423796,
          0.155098885, 0.347423136, 0.347423136, 0.2552194, 0.347423136,
          0.347423136, 0.347423136, 0.292462021, 0.00681335526,
          0.347423136, 0.067443341, 0.001782545, 0.407711446,
          0.639431715, 0.639431715, 0.0151550509, 0., 0.0124759544,
          0.0124759544, 0., 0., 0., 0., 0., 0., 0.067443341 ]
      - [ 0.116763636, 0.338344514, 0.211112678, 0.338344514,
          0.338344514, 0.30254969, 0.338344514, 0.338344514, 0.132626161,
          0.196556792, 0., 0.154482827, 0.173037186, 0.298125327,
          0.0682677627, 0.266318321, 0.328985512, 0.178487524,
          0.328985512, 0.328985512, 0.0656280741, 0.328985512,
          0.25305289, 0.328985512, 0.328985512, 0.318975061, 0.,
          0.0222676378, 0.168446898, 0.142342776, 0.105347291,
          0.291802585, 0.101338916, 0.224016622, 0.184246108, 0.21267654,
          0.291191876, 0.291191876, 0.291191876, 0.291191876,
          0.291191876, 0.291191876, 0.0713084936, 0.291191876,
          0.291191876, 0.267400473, 0.133180633, 0.291191876,
          0.117806561, 0.553179204, 0.579146206, 0.579146206,
          0.0379240736, 0.0137550654, 0.016099941, 0.000439047348, 0.,
          0., 0., 0.00660827104, 0.00133761589, 0., 0.00295776129,
          0.0396203995 ]
      - [ 0.334892184, 0.244922101, 0.334892184, 0.334892184,
          0.206937537, 0.186224267, 0.334892184, 0.334892184,
          0.334892184, 0.0237767976, 0.00249353587, 0.240556255,
          0.196351871, 0.264153719, 0.0675504357, 0.122125342, 0.4377985,
          0.4377985, 0.4377985, 0.4377985, 0.0684056655, 0.0844381452,
          0.0815100297, 0.186369941, 0.166494921, 0.187013775,
          0.113692716, 0.0847877339, 0., 0.150990933, 0.0242699981,
          0.263766855, 0.301075161, 0.301075161, 0.301075161,
          0.250563323, 0.301075161, 0.182314306, 0.0464584902,
          0.301075161, 0.195205569, 0.0174036678, 0.298133969,
          0.162086979, 0.141698346, 0.301075161, 0.301075161,
          0.301075161, 0.31175819, 0.618739188, 0.618739188, 0.33410421,
          0.0287064426, 0.0119160842, 0., 0., 0., 0., 0., 0., 0., 0., 0.,
          0.135503113 ]
      - [ 0.182964042, 0.398342252, 0.398342252, 0.277543098,
          0.398342252, 0.241187498, 0.0320566371, 0.348385632,
          0.281065732, 0.000342183164, 0.279483765, 0.214834481,
          0.153937861, 0.00222854223, 0.029974699, 0.0324028544,
          0.33737281, 0.33737281, 0.33737281, 0.208801866, 0.00806534104,
          0.0170749649, 0.334584683, 0.318677723, 0.318677723,
          0.127598926, 0.217587903, 0., 0.0696582794, 0.0536645688,
          0.333131433, 0.33737281, 0.317073196, 0.0748435259,
          0.317073196, 0.26238361, 0.317073196, 0.317073196, 0.317073196,
          0.317073196, 0.270171404, 0.0258313231, 0.317073196, 0.2102523,
          0.0153257167, 0.000994386151, 0., 0.317073196, 0.410898387,
          0.45386526, 0.45386526, 0.45386526, 0.00998945907,
          0.0244949013, 0.00807115994, 0.00360485935, 0.00360485935,
          0.00172145781, 0.0024682947, 0., 0.000523751194, 0.00520966994,
          0.0427437201, 0.45386526 ]
      - [ 0.055774413, 0.0211860556, 0.0871360525, 0.53231144,
          0.53231144, 0.53231144, 0.177930847, 0.318049639, 0.0249657221,
          0., 0., 0., 0., 0., 0.00228144717, 0.00468277279, 0.192335173,
          0.167798072, 0.0914064646, 0.36478883, 0.36478883, 0.36478883,
          0.00221655774, 0.36478883, 0.36478883, 0.182115048, 0.,
          0.195334405, 0.325878263, 0.189725488, 0.150874466,
          0.145653903, 0.362178624, 0.147189915, 0.0947558507,
          0.12756221, 0.114599399, 0.0863296911, 0.0745136514,
          0.172677025, 0.362178624, 0.0567610525, 0.135977104,
          0.291133493, 0.362178624, 0.362178624, 0.362178624,
          0.362178624, 0.475753278, 0.475753278, 0.475753278,
          0.459585935, 0.037586417, 0., 0.0149039375, 0.044063095,
          0.000932437659, 0., 0., 0.00795652252, 0.00695573166, 0.,
          0.0269565582, 0.317158848 ]
      - [ 0.32638666, 0.141346186, 0.32638666, 0.262886971, 0.32638666,
          0.32638666, 0.32638666, 0.32638666, 0.32638666, 0.,
          0.0504822843, 0.164105475, 0.156676576, 0.01060698,
          0.0358534828, 0.32638666, 0.351725906, 0.315452904,
          0.351725906, 0.351725906, 0.234216452, 0.114410952,
          0.192298517, 0.261931747, 0.272960424, 0.17174381, 0., 0., 0.,
          0.0297026131, 0.351725906, 0.351725906, 0.145117655,
          0.192510843, 0.369135708, 0.166295767, 0.11822027, 0.118144669,
          0.369135708, 0.369135708, 0.369135708, 0.179945871,
          0.317273647, 0.221302554, 0., 0., 0.138853624, 0.369135708,
          0.0795835853, 0.362116903, 0.533848226, 0.533848226,
          0.533848226, 0., 0., 0.00296152639, 0.00296152639, 0., 0.,
          0.00061090308, 0.0152985528, 0., 0., 0.0444168113 ]
      - [ 0.0137269283, 0.0202424973, 0.100892894, 0.469127655,
          0.469127655, 0.469127655, 0.442377746, 0.235824853,
          0.227278829, 0.0615784116, 0.0374455191, 0., 0., 0.0976489708,
          0.0427665636, 0.0690578446, 0.348236561, 0.348236561,
          0.348236561, 0.348236561, 0.17490156, 0.263050109,
          0.0512559526, 0.348236561, 0.348236561, 0., 0.155217066,
          0.0273860283, 0.0615638867, 0.150614992, 0.0698580146,
          0.33211118, 0.162725165, 0.266738892, 0.284436017, 0.287347227,
          0.254755765, 0.287347227, 0.287347227, 0.287347227,
          0.287347227, 0.287347227, 0.0981250852, 0.0872416645,
          0.26123789, 0.287347227, 0.0875378549, 0.287347227,
          0.277017981, 0.362768233, 0.61829102, 0.61829102, 0.126697436,
          0., 0., 0.000320346444, 0.000320346444, 0., 0., 0., 0., 0., 0.,
          0.0697638094 ]
      - [ 0.0581741072, 0., 0.00924305897, 0.440324068, 0.440324068,
          0.1506055, 0.440324068, 0.440324068, 0.440324068,
          0.000372256211, 0., 0., 0., 0., 0., 0.00482810708,
          0.0115587553, 0.048367288, 0.0405123681, 0.0863002166,
          0.339852601, 0.339852601, 0.0322539806, 0.339852601,
          0.339852601, 0.339852601, 0.339852601, 0.322289348,
          0.339852601, 0.0578798987, 0.126144618, 0.228846282,
          0.00289426395, 0., 0., 0., 0.0298798215, 0.333956718,
          0.338102907, 0.338102907, 0.268371612, 0.338102907,
          0.338102907, 0.338102907, 0.338102907, 0.338102907,
          0.0558996908, 0.0940765291, 0.342024058, 0.00129197922,
          0.0471122824, 0.319406271, 0.0458604693, 0.151141435,
          0.104786433, 0.342024058, 0.342024058, 0.182144746, 0.,
          0.342024058, 0.0661378056, 0.342024058, 0.342024058,
          0.342024058 ]
      - [ 0.43580386, 0.137845516, 0., 0., 0., 0.14421767, 0.0749100894,
          0.43580386, 0.43580386, 0.43580386, 0.0247003399, 0., 0., 0.,
          0., 0.43580386, 0.379196107, 0.300062805, 0.379196107,
          0.025837386, 0.0288989693, 0.00582942041, 0., 0.379196107,
          0.379196107, 0.0705760792, 0.0838784501, 0.0509146936,
          0.0568710603, 0.155099943, 0.379196107, 0.379196107,
          0.408954948, 0.230806395, 0.355729759, 0.139745325,
          0.0078466814, 0., 0.0191270374, 0.0922235698, 0.0872036889, 0.,
          0.37132141, 0.408954948, 0.324317634, 0.0427970178,
          0.182778269, 0.408954948, 0.492735296, 0.492735296,
          0.492735296, 0.100991189, 0.003473602, 0.0413529873,
          0.0580265895, 0.0531792156, 0.0118447226, 0.0650845394,
          0.0109031955, 0., 0., 0., 0.0362582207, 0.492735296 ]
      - [ 0.243608117, 0.0585903674, 0., 0.315116197, 0.0646952018,
          0.333867043, 0.333867043, 0.333867043, 0.333867043,
          0.333867043, 0.207806796, 0.0782169104, 0.0283172633,
          0.00536965905, 0.333867043, 0.333867043, 0.484473437,
          0.484473437, 0.0944172889, 0.0332175009, 0.0391252115, 0.,
          0.0112664308, 0.00234998227, 0., 0.0775069818, 0.0369612128,
          0., 0.0188204627, 0.192078441, 0.484473437, 0.484473437,
          0.367857099, 0.367857099, 0.0513882563, 0.0113968765, 0., 0.,
          0., 0.200628847, 0.181253582, 0.119802907, 0.18674162,
          0.329273462, 0.293613285, 0.367857099, 0.367857099,
          0.367857099, 0.322340637, 0.322340637, 0.211778492,
          0.262532026, 0.304973871, 0.275166065, 0.322340637,
          0.322340637, 0.322340637, 0.011520572, 0.157405272,
          0.126111224, 0.145617411, 0.117026545, 0.123072721,
          0.322340637 ]
      - [ 0.327806085, 0.166682199, 0., 0.327806085, 0.185584635,
          0.327806085, 0.327806085, 0.327806085, 0.327806085,
          0.180189326, 0.0399515405, 0.058786463, 0.070086211,
          0.327806085, 0.214655608, 0.306256056, 0.429007351,
          0.429007351, 0.0972985029, 0.0294507165, 0.0319227278,
          0.0721540079, 0.0165472534, 0.00331198052, 0., 0.0713084787,
          0.127755404, 0.183446676, 0.429007351, 0.247374833, 0.35556677,
          0.429007351, 0.371647447, 0.105147533, 0.0102134161,
          0.00329649658, 0., 0., 0.0557757095, 0.160528377, 0.1533283,
          0.190117031, 0.308796138, 0.371647447, 0.371647447,
          0.332591772, 0.371647447, 0.371647447, 0.450848788,
          0.450848788, 0.450848788, 0.358441293, 0.450848788,
          0.0578611903, 0.064164035, 0.00451853266, 0.000514198386, 0.,
          0., 0., 0., 0., 0., 0.215574771 ]
      - [ 0.00684515852, 0.258688539, 0.453683138, 0.453683138,
          0.453683138, 0.271038383, 0.0830127299, 0.453683138,
          0.15757218, 0., 0., 0., 0., 0., 0., 0.00249127438,
          0.0867652968, 0.0458405539, 0.0250861887, 0.334836662,
          0.334836662, 0.334836662, 0.334836662, 0.33010301, 0.334836662,
          0.334836662, 0., 0., 0.154765606, 0.32198289, 0.272301704,
          0.0544105358, 0.241562799, 0.123485051, 0.144731209,
          0.235722944, 0.0281514991, 0.0154077988, 0.204945803,
          0.319323748, 0.319323748, 0.319323748, 0.188371599,
          0.319323748, 0.319323748, 0.233249798, 0.319323748,
          0.319323748, 0.242380857, 0.52869004, 0.52869004, 0.52869004,
          0.00674410583, 0.140409261, 0.0252525266, 0.252052188,
          0.0890139714, 0.0026337509, 0., 0., 0.020717578, 0.0437471159,
          0.0023260715, 0.056791123 ]
      - [ 0.292619228, 0.331374407, 0.0740137696, 0.158590868,
          0.331374407, 0.331374407, 0.331374407, 0.331374407,
          0.331374407, 0.0798868015, 0.0546968915, 0.107889071,
          0.276203632, 0.116102897, 0.031445086, 0.331374407,
          0.406838328, 0.406838328, 0.406838328, 0.346539289, 0., 0., 0.,
          0.347907305, 0.265282333, 0., 0., 0.00596702611, 0.149421632,
          0., 0., 0.406838328, 0.314480811, 0.0650963783, 0.314480811,
          0.314480811, 0.283961058, 0.314480811, 0.314480811,
          0.314480811, 0.314480811, 0.139602706, 0.314480811,
          0.040381372, 0.00107478758, 0.00639846502, 0.0272202045,
          0.314480811, 0.280675501, 0.544381559, 0.544381559,
          0.544381559, 0.110118836, 0., 0., 0., 0., 0., 0., 0.,
          0.00229808618, 0.000660401769, 0., 0.120826058 ]
      - [ 0.335837036, 0.138868004, 0.250564218, 0.335837036,
          0.335837036, 0.0350440592, 0.133412644, 0.335837036,
          0.335837036, 0.112763293, 0.0376953371, 0.0528697297,
          0.124067247, 0.335837036, 0.271515489, 0.335837036,
          0.395781666, 0.395781666, 0.395781666, 0.395781666,
          0.161890998, 0.0523520336, 0.000522010552, 0.0177958589,
          0.0200343579, 0.00663748523, 0., 0.098238118, 0.0163734555,
          0.128672853, 0.395781666, 0.395781666, 0.203990355,
          0.0633442029, 0., 0., 0., 0., 0., 0.220111743, 0.341258436,
          0.359547436, 0.359547436, 0.101146854, 0.359547436,
          0.359547436, 0.359547436, 0.359547436, 0.272550941,
          0.468011111, 0.482031196, 0.482031196, 0.482031196,
          0.00819970947, 0., 0., 0., 0., 0., 0., 0., 0., 0.,
          0.0688293129 ]
      - [ 0.186615914, 0.195263177, 0.0125383232, 0.286207318,
          0.365350574, 0.365350574, 0.365350574, 0.365350574,
          0.365350574, 0.359074533, 0.0243078172, 0.0851996988,
          0.0122652901, 0., 0.110397585, 0.157470897, 0.347991645,
          0.347991645, 0.347991645, 0.347991645, 0.196205467,
          0.273346841, 0.140068755, 0.347991645, 0.148748308, 0.,
          0.0172318816, 0.0305939391, 0.19597131, 0.168185741,
          0.216908962, 0.347991645, 0.323819429, 0.228666857,
          0.323819429, 0.135306641, 0., 0.007760935, 0.00350178662,
          0.323819429, 0.323819429, 0.323819429, 0.260321796,
          0.323819429, 0.323819429, 0.173899606, 0.106535777,
          0.287617773, 0.0793885887, 0.125767916, 0.240841851,
          0.398120165, 0.23344323, 0.398120165, 0.398120165, 0.398120165,
          0.398120165, 0.201567501, 0.0846025497, 0.0203410164, 0.,
          0.0442073978, 0.0035554457, 0.136879846 ]
      - [ 0.220649987, 0.34179014, 0.34179014, 0.34179014, 0.34179014,
          0.213054553, 0.0545659587, 0.34179014, 0.34179014, 0.285800338,
          0.308459193, 0.116942316, 0., 0.00801996794, 0.0164616872,
          0.0881263763, 0.346092194, 0.346092194, 0.346092194,
          0.225487679, 0.346092194, 0.183356896, 0.0607034452,
          0.346092194, 0.346092194, 0.0857287273, 0.0166399162,
          0.108255498, 0.0429837331, 0.000484120159, 0.220772758,
          0.346092194, 0.420253098, 0.0233375691, 0.152605757,
          0.326176763, 0.0759469271, 0.122068368, 0.146970108,
          0.420253098, 0.420253098, 0.420253098, 0.185749263,
          0.0196338724, 0.0751289725, 0.195782661, 0.0676939264,
          0.182789728, 0.06749814, 0.201175809, 0.359030187, 0.293110073,
          0.359030187, 0.359030187, 0.359030187, 0.359030187,
          0.359030187, 0.0671074912, 0.0951544642, 0.160779327,
          0.0253873877, 0.0387762636, 0.0143399918, 0.2242634 ]
      - [ 0.363522351, 0.363522351, 0.363522351, 0.363522351,
          0.363522351, 0.363522351, 0.208271042, 0.13789998,
          0.0291702393, 0.0122318612, 0.0760980695, 0., 0.,
          0.000415816292, 0.157329023, 0.330968082, 0.448060423,
          0.448060423, 0.448060423, 0.229237318, 0., 0., 0., 0.10516005,
          0.139969528, 0.0716334209, 0.0102290623, 0.0814043954,
          0.0568099506, 0., 0.306923479, 0.448060423, 0.349943668,
          0.236764431, 0.349943668, 0.124520831, 0., 0.00915474817,
          0.00678011589, 0.041116327, 0.144502252, 0.21535854,
          0.349943668, 0.349943668, 0.317953736, 0.349943668,
          0.278754145, 0.254478067, 0.483337939, 0.483337939,
          0.483337939, 0.483337939, 0.0355245508, 0.0129027618, 0., 0.,
          0., 0., 0., 0., 0., 0., 0.00941521581, 0.243296549 ]
      - [ 0.131357208, 0.0705926716, 0.0415708572, 0.475943327,
          0.475943327, 0.475943327, 0.475943327, 0.231376082,
          0.0866002068, 0., 0., 0., 0., 0., 0., 0.064477779, 0.428691447,
          0.428691447, 0.428691447, 0., 0., 0., 0.132271498, 0.428691447,
          0.161626711, 0.0126729971, 0.0619233847, 0., 0., 0.169915929,
          0.0187205169, 0.428691447, 0.337369561, 0.337369561,
          0.18431659, 0.0999393538, 0.145842984, 0.0431059077,
          0.0160492789, 0.337369561, 0.337369561, 0.288883865,
          0.0604537688, 0.0615943335, 0.337369561, 0.204089895,
          0.337369561, 0.337369561, 0.461351305, 0.461351305,
          0.461351305, 0.461351305, 0.109472856, 0.00952600781,
          0.0309284218, 0., 0., 0.00109279947, 0.00679863337, 0., 0., 0.,
          0., 0.361846238 ]
      - [ 0.198797658, 0.370472848, 0.378971338, 0.378971338,
          0.378971338, 0.0380701125, 0.125297219, 0.378971338,
          0.378971338, 0.047370486, 0., 0.0549277402, 0.142584473,
          0.181380183, 0.00787619967, 0.160143554, 0.333693326,
          0.12874642, 0.241779372, 0.333693326, 0.333693326, 0.333693326,
          0., 0.333693326, 0.333693326, 0.0436605811, 0.0811142921,
          0.333693326, 0.0797450468, 0.305345833, 0.111604132,
          0.147097617, 0.160251752, 0.00889443047, 0.0330051966,
          0.0638518706, 0.0406434238, 0.0486253724, 0.212940022,
          0.110258676, 0.150499836, 0.17629607, 0.376400948, 0.376400948,
          0.376400948, 0.376400948, 0.376400948, 0.376400948,
          0.251705974, 0.392902166, 0.505446672, 0.505446672,
          0.505446672, 0.0228997096, 0.0027169052, 0.0106331883,
          0.00752119627, 0., 0., 0., 0., 0., 0., 0.100466564 ]
      - [ 0.0736716092, 0.00827384368, 0.178187162, 0.0242845062,
          0.16359894, 0.386465579, 0.337239206, 0.411844879, 0.411844879,
          0.32919538, 0.0376920812, 0., 0.14172706, 0.265013456,
          0.18556872, 0.307280958, 0.32326138, 0.32326138, 0.32326138,
          0.32326138, 0.163076267, 0.13816613, 0.0821857974, 0.232885703,
          0.32326138, 0.205463707, 0.0943326578, 0.0883436352,
          0.101458743, 0.32326138, 0.298994809, 0.32326138, 0.340591997,
          0.340591997, 0.340591997, 0.193733752, 0., 0.00176026125,
          0.0620519295, 0.18046248, 0.18241106, 0.272974223,
          0.0273521617, 0.340591997, 0.0753899366, 0.335270196,
          0.340591997, 0.340591997, 0.3416197, 0.3416197, 0.332834095,
          0.271709412, 0.185275972, 0.3416197, 0.3416197, 0.3416197,
          0.3416197, 0.0471851863, 0.0647232234, 0.0413537808,
          0.0134127894, 0.0134198572, 0.00895358063, 0.262421548 ]
      - [ 0.148914412, 0., 0.186520264, 0.11877472, 0., 0.286029726,
          0.0514823906, 0.363623202, 0.363623202, 0.363623202,
          0.118625849, 0.363623202, 0.35883072, 0.0669515505,
          0.363623202, 0.180021167, 0.254615068, 0.105243012, 0., 0.,
          0.150046989, 0.0113374619, 0., 0.504653871, 0.504653871,
          0.504653871, 0.00297072902, 0.0511235595, 0.0808633789,
          0.295904011, 0.050233528, 0.182049379, 0.424546003,
          0.123281643, 0.0106014926, 0., 0., 0., 0., 0.0542520583,
          0.112449124, 0.109402291, 0.185513318, 0.131451815,
          0.424546003, 0.424546003, 0.424546003, 0.424546003,
          0.431385607, 0.431385607, 0.431385607, 0.431385607,
          0.141539693, 0.176493108, 0.0193222594, 0.0348273367,
          0.039990101, 0.0173336547, 0.0444734581, 0.0712568611,
          0.00770257832, 0., 0.0586425141, 0.431385607 ]
      - [ 0.128001586, 0.325397819, 0.0587104335, 0.0204240736,
          0.116112247, 0.10940662, 0.325397819, 0.325397819, 0.325397819,
          0.325397819, 0.325397819, 0.325397819, 0.325397819,
          0.093605876, 0.294402152, 0.0924326926, 0.347609282,
          0.347609282, 0.146362051, 0.0642731637, 0.0247833189,
          0.0933855474, 0.277195364, 0.347609282, 0.347609282,
          0.347609282, 0.347609282, 0.29701364, 0.0550382137,
          0.158966199, 0.0221213493, 0.206887707, 0.333548903,
          0.333548903, 0.333548903, 0.201711074, 0.0490943752,
          0.333548903, 0.333548903, 0.265648276, 0.333548903,
          0.333548903, 0., 0.004490864, 0.00450613629, 0.0177231114,
          0.208522245, 0.245724633, 0.38321811, 0.38321811, 0.38321811,
          0.38321811, 0.38321811, 0.35554418, 0.184548557, 0.0233835988,
          0.0406600498, 0.0112378877, 0.19665347, 0.0831207111, 0.,
          0.0409252569, 0.0551726222, 0.220894128 ]
      - [ 0.164735883, 0., 0.32414782, 0.0103783328, 0., 0.,
          0.0913152173, 0.349582016, 0.349582016, 0.349582016,
          0.069987841, 0.334667444, 0.349582016, 0.0755331591,
          0.349582016, 0.349582016, 0.539322078, 0.298640221, 0., 0., 0.,
          0., 0., 0., 0., 0., 0., 0., 0.00711419713, 0.181031436,
          0.539322078, 0.539322078, 0.318544, 0.318544, 0.318544,
          0.318544, 0.241284624, 0.0055717486, 0.318544, 0.318544,
          0.318544, 0.0104710795, 0., 0., 0.318544, 0.158812776,
          0.00203444087, 0.318544, 0.514088571, 0.41045621, 0.0317113623,
          0.0909355804, 0.0532570034, 0.0324440524, 0., 0., 0.,
          0.0519451089, 0.0268509332, 0.0482041426, 0.317010969,
          0.10000892, 0.410381228, 0.514088571 ]
      - [ 0.300632626, 0.378421903, 0.378421903, 0.131670088,
          0.378421903, 0.310651273, 0.31902945, 0.328380972, 0.213319793,
          0.0902376473, 0.193931445, 0.0201104004, 0.0433701053,
          0.105895437, 0.0905250385, 0.199557871, 0.43729338,
          0.416190326, 0.43729338, 0.43729338, 0.235949755, 0.,
          0.0221809316, 0.0736352429, 0.018956868, 0.114725456,
          0.0701629221, 0., 0.136390701, 0.165979624, 0.0703352243,
          0.342945665, 0.294556916, 0.259649217, 0.17806451,
          0.0229684673, 0.0143767111, 0., 0., 0.292018086, 0.347817749,
          0.347817749, 0.347817749, 0.132922262, 0.347817749,
          0.252995759, 0.195106462, 0.347817749, 0.224338636,
          0.288664848, 0.563017905, 0.563017905, 0.411073029,
          0.0113350041, 0.0326736011, 0.0156778898, 0.031205928,
          0.00238758558, 0., 0.0433223434, 0.0690005869, 0.,
          0.0954941958, 0.198958918 ]
      - [ 0.0601202659, 0.0381323174, 0.0800580978, 0.142573163,
          0.419555038, 0.469617188, 0.469617188, 0.469617188,
          0.346269339, 0.00171403855, 0., 0.03075248, 0.0264157504,
          0.0195318293, 0.019882679, 0.0594265871, 0.334996313,
          0.0219917018, 0.369784236, 0.369784236, 0.369784236,
          0.369784236, 0.25483945, 0.369784236, 0.225060835,
          0.0541459247, 0.000384358165, 0., 0.0503731258, 0.109821603,
          0., 0.258402526, 0.0448711962, 0.000759330462, 0., 0., 0., 0.,
          0.00935190078, 0.359140307, 0.359140307, 0.359140307,
          0.216265664, 0.359140307, 0.359140307, 0.359140307,
          0.359140307, 0.211345986, 0.211645082, 0.296325862,
          0.397306055, 0.397306055, 0.397306055, 0.397306055,
          0.397306055, 0.0984523669, 0.010752053, 0., 0., 0., 0.,
          0.00342869828, 0.0289926287, 0.252005547 ]
      - [ 0.249743924, 0.36493656, 0.207045868, 0.0912382454,
          0.209964246, 0.36493656, 0.36493656, 0.36493656, 0.36493656,
          0.277761847, 0.015053696, 0., 0.196741268, 0.114647873,
          0.0110941902, 0.208467215, 0.405935436, 0.310171902,
          0.145524129, 0.0920354649, 0.0763676614, 0.011824267,
          0.0156839546, 0., 0., 0.0647476912, 0.0349573977, 0.405935436,
          0.405935436, 0.405935436, 0.185850501, 0.405935436,
          0.481604815, 0.0571262985, 0.0126602352, 0., 0., 0.0287580956,
          0.244130626, 0.233373299, 0.276455402, 0.233113989, 0.1763082,
          0.0534898862, 0.0800233781, 0.0996357873, 0.481604815,
          0.481604815, 0.406204283, 0.406204283, 0.268829733,
          0.112648934, 0.406204283, 0.114145368, 0.406204283,
          0.238217965, 0.0212756023, 0., 0., 0.0530671664, 0.0450529866,
          0., 0.10439261, 0.406204283 ]
      - [ 0.327996969, 0., 0.0727267116, 0.327996969, 0.119880788,
          0.171942607, 0.327996969, 0.327996969, 0.327996969,
          0.228230447, 0.21651195, 0.327996969, 0., 0.327996969,
          0.15960972, 0.264540941, 0.458883137, 0.119950116,
          0.0756559446, 0., 0., 0., 0., 0., 0., 0., 0., 0.0866661072,
          0.354257792, 0.458883137, 0.458883137, 0.458883137,
          0.345151991, 0.128156662, 0.0164285768, 0.138165995,
          0.0608650818, 0.165966049, 0.0234923214, 0.181511, 0.345151991,
          0.345151991, 0.180418983, 0.345151991, 0.345151991,
          0.298956186, 0.243546396, 0.345151991, 0.428158969,
          0.428158969, 0.0693081766, 0.0405381992, 0.144317076,
          0.0675832331, 0.0512898117, 0.149705097, 0.117424056,
          0.0325993188, 0.0854163393, 0.00955585111, 0., 0.428158969,
          0.428158969, 0.428158969 ]
      - [ 0.188300312, 0.402602762, 0.402602762, 0.402602762,
          0.402602762, 0.0628573447, 0.196852088, 0.402602762,
          0.311007768, 0.00814979803, 0.0665698126, 0., 0.0100300843,
          0.0126283197, 0., 0.0767491087, 0.418204874, 0.418204874,
          0.418204874, 0.244219065, 0.121504679, 0.0543158501,
          0.0651340112, 0.282034814, 0.273795485, 0., 0., 0.10496854,
          0.0151743786, 0.0140855853, 0.22065191, 0.418204874,
          0.355010629, 0.355010629, 0.0999969319, 0.0510426648,
          0.00750468671, 0., 0., 0.355010629, 0.355010629, 0.165990427,
          0.0942070857, 0.355010629, 0.122765541, 0.223752052,
          0.355010629, 0.355010629, 0.517173946, 0.517173946,
          0.517173946, 0.412116706, 0.00304200919, 0., 0., 0., 0., 0.,
          0., 0., 0.0111721149, 0.00948805362, 0., 0.149546593 ]
      - [ 0.348459959, 0.276709259, 0.0579227917, 0.180884331,
          0.348459959, 0.348459959, 0.348459959, 0.348459959,
          0.348459959, 0.0013094286, 0.197827071, 0.139663905,
          0.0862707645, 0.131033152, 0.0189683177, 0.267796069,
          0.357043892, 0.215776131, 0.0196191259, 0.0315222219,
          0.162291691, 0.0520668626, 0.11291039, 0.175366044,
          0.273035765, 0.274383277, 0.357043892, 0.357043892,
          0.144495308, 0.260438144, 0.357043892, 0.357043892,
          0.352600127, 0.352600127, 0.352600127, 0.352600127,
          0.152511716, 0.110262424, 0.111227624, 0.0391112827,
          0.0799017027, 0.18519029, 0.00105347531, 0., 0.277868688,
          0.288626701, 0.352600127, 0.352600127, 0.430218756,
          0.430218756, 0.424094319, 0.430218756, 0.107528396,
          0.00367635838, 0.00636890763, 0.13687022, 0.0581121854,
          0.00128559594, 0., 0.0247332137, 0.195021793, 0.000383879145,
          0.0558550507, 0.430218756 ]
      - [ 0.33789134, 0.231179446, 0., 0., 0., 0.33789134, 0.013787074,
          0.331174701, 0.33789134, 0.232382268, 0.33789134, 0.33789134,
          0., 0.114233434, 0.285024405, 0.33789134, 0.408243954,
          0.408243954, 0.408243954, 0.119307108, 0., 0., 0., 0.047754392,
          0.20561035, 0.0180111025, 0., 0.0904794931, 0.0386824682,
          0.306281626, 0.408243954, 0.408243954, 0.400010347,
          0.031114636, 0.0775262639, 0.00226487336, 0., 0., 0.,
          0.00502917077, 0.0562876984, 0.131219774, 0.0925114527,
          0.400010347, 0.400010347, 0.400010347, 0.400010347,
          0.400010347, 0.559959292, 0.559959292, 0.559959292, 0.11113517,
          0.0598813966, 0., 0., 0.00879708678, 0.00879708678, 0., 0., 0.,
          0., 0., 0., 0.194044799 ]
      - [ 0.328938246, 0.328938246, 0.185056508, 0.203413278,
          0.291313916, 0.326940984, 0.328938246, 0.328938246,
          0.328938246, 0.124583229, 0.0161913708, 0.185173094,
          0.274167985, 0.0459359251, 0.226494357, 0.0984083638,
          0.40940538, 0.40940538, 0., 0.0866253525, 0.00135201379, 0.,
          0.0382393599, 0.0166911576, 0.0588889718, 0.355786264,
          0.396306753, 0.118961833, 0.0668439791, 0.391865492,
          0.156638786, 0.40940538, 0.374020189, 0.374020189,
          0.0765817836, 0.0197671056, 0.00865579396, 0., 0.,
          0.0784734413, 0.0953416005, 0.200345367, 0.374020189,
          0.131392017, 0.374020189, 0.279170275, 0.374020189,
          0.374020189, 0.431900024, 0.431900024, 0.394085974,
          0.332981676, 0.316913247, 0.217595831, 0.141259223,
          0.0447410457, 0.0124229128, 0., 0., 0., 0., 0., 0.,
          0.431900024 ]
      - [ 0.318636984, 0.248629898, 0.318636984, 0.318636984,
          0.318636984, 0.318636984, 0.318636984, 0.318636984,
          0.236111969, 0., 0.0245617125, 0.160882145, 0.0764683411,
          0.186411679, 0.0607467368, 0.312683165, 0.504860401,
          0.504860401, 0.261494935, 0., 0., 0., 0., 0.0734937862,
          0.0838638023, 0., 0., 0., 0.000187586367, 0.17026177,
          0.347134799, 0.504860401, 0.316393614, 0.286427349,
          0.316393614, 0.18966563, 0.0178481899, 0.0154711315,
          0.0581015609, 0.316393614, 0.316393614, 0.159199834,
          0.266204059, 0.226321965, 0.276117235, 0.316393614,
          0.224922404, 0.316393614, 0.497003376, 0.497003376,
          0.497003376, 0.0602878034, 0., 0., 0., 0.0258139502,
          0.00700444309, 0., 0.0148709835, 0.00202670554, 0., 0.,
          0.049105905, 0.497003376 ]
      - [ 0.30140245, 0.30140245, 0.30140245, 0.0461581945, 0.212517336,
          0.30140245, 0.30140245, 0.30140245, 0.300157398, 0.0394910648,
          0.0246063825, 0.30140245, 0.178370312, 0.0895975009,
          0.30140245, 0.30140245, 0.486332387, 0.486332387, 0.486332387,
          0.14928104, 0., 0., 0.0556306913, 0.0602599643, 0.0180194322,
          0., 0., 0.00553332083, 0.00761885196, 0., 0.140148506,
          0.486332387, 0.39017126, 0.0275694951, 0.320525497,
          0.036315985, 0.0279943123, 0.00090031157, 0., 0.192254797,
          0.370319545, 0.113037564, 0.048637215, 0.39017126, 0.39017126,
          0.280708849, 0.116312921, 0.39017126, 0.53296715, 0.53296715,
          0.53296715, 0.244453251, 0.0474865995, 0., 0., 0., 0., 0., 0.,
          0., 0., 0., 0., 0.283730477 ]
      - [ 0.134126574, 0.0406532362, 0., 0.279332548, 0.36630699,
          0.248836726, 0.36630699, 0.36630699, 0.36630699, 0.36630699,
          0.175334543, 0., 0., 0., 0.0304003283, 0.36630699, 0.468985081,
          0.113434002, 0.468985081, 0.468985081, 0.298175395, 0., 0., 0.,
          0., 0.0988840759, 0.0462998711, 0.0404749028, 0.0138504878, 0.,
          0., 0.468985081, 0.245713562, 0.072745651, 0.0085188169,
          0.0251343921, 0.0353999287, 0.0209109932, 0.00165681355,
          0.124110326, 0.332365394, 0.350356072, 0.350356072,
          0.350356072, 0.350356072, 0.350356072, 0.257037997,
          0.350356072, 0.129275531, 0.245830372, 0.317063957,
          0.415780872, 0.24958618, 0.205892369, 0.415780872, 0.415780872,
          0.415780872, 0., 0., 0.0320953354, 0.0373519622, 0.0226866491,
          0.0988863632, 0.0963002294 ]
      - [ 0.0423588753, 0.382340461, 0.288395554, 0.382340461,
          0.382340461, 0.139584556, 0.382340461, 0.382340461,
          0.223102465, 0.0204501785, 0.261135399, 0.0135141127,
          0.178791255, 0.0970391408, 0.0134787541, 0.026024349,
          0.365676731, 0.262864351, 0.118013829, 0.365676731,
          0.365676731, 0.365676731, 0.0181481056, 0.365676731,
          0.365676731, 0.0183952581, 0., 0., 0.0115340315, 0.242906794,
          0.119950138, 0.191865891, 0.367138416, 0.136777803,
          0.0829001069, 0.0965867266, 0.108746372, 0.387472361,
          0.387472361, 0.387472361, 0.387472361, 0.307019919,
          0.232916057, 0.00432278961, 0.030577451, 0.0704286769,
          0.225398213, 0.0939916, 0.278814167, 0.468159109, 0.468159109,
          0.468159109, 0.468159109, 0.0929545164, 0.0601628758,
          0.0286328346, 0.000798155437, 0.0227129627, 0.000679342716, 0.,
          0., 0., 0., 0.165220857 ]
      - [ 0.018230563, 0.199820757, 0.463552326, 0.107182711, 0.,
          0.25876227, 0.463552326, 0.463552326, 0.463552326,
          0.0470440648, 0., 0., 0., 0., 0.00655234046, 0.122000121,
          0.378343344, 0.257912546, 0.232003242, 0.139844462,
          0.148383602, 0.158599764, 0.00561281294, 0.378343344,
          0.378343344, 0.153848603, 0.378343344, 0.0852309391,
          0.138368875, 0.254782081, 0.214796364, 0.274609655,
          0.287761807, 0.216418996, 0.0906361789, 0.229290709,
          0.0630137175, 0., 0., 0.256726921, 0.330266237, 0.330266237,
          0.275286853, 0.328366876, 0.330266237, 0.0860283151,
          0.330266237, 0.330266237, 0.220720559, 0.0653399751,
          0.243497103, 0.341103882, 0.408229679, 0.286069125,
          0.313734025, 0.408229679, 0.40751195, 0.161587611, 0., 0.,
          0.0292173792, 0.119448237, 0.0488703474, 0.2098535 ]
      - [ 0.291919768, 0.331532687, 0.331532687, 0.331532687,
          0.331532687, 0.0952654555, 0.331532687, 0.331532687,
          0.331532687, 0.331532687, 0.025577534, 0., 0., 0., 0.,
          0.149763927, 0.368512243, 0.368512243, 0.368512243,
          0.000400852732, 0.0336641371, 0.306370288, 0., 0.368512243,
          0.368512243, 0.170742318, 0.0869343057, 0.0378339738,
          0.208128631, 0.0485547669, 0.0519382134, 0.368512243,
          0.350689501, 0.350689501, 0.350689501, 0.152051136,
          0.349551171, 0.0929453373, 0.144149005, 0.350689501,
          0.350689501, 0.0133860456, 0.00338172191, 0.00056804315,
          0.10567075, 0.350689501, 0.0126262158, 0.268993586,
          0.444984525, 0.444984525, 0.444984525, 0.444984525,
          0.0638117045, 0., 0.014670196, 0.027187489, 0.00887572858, 0.,
          0., 0.0140089085, 0.0140565513, 0., 0., 0.444984525 ]
      - [ 0.212115869, 0.182346016, 0.266300023, 0.021528272,
          0.343132287, 0.219371572, 0.0126937833, 0.343132287,
          0.343132287, 0.0839788988, 0.343132287, 0.189460039,
          0.158681974, 0.264933795, 0.267671466, 0.343132287,
          0.472893566, 0.319349617, 0.112993732, 0., 0., 0., 0., 0., 0.,
          0.0179926082, 0.232498437, 0.136188686, 0.0980932713,
          0.356498301, 0.472893566, 0.472893566, 0.386319101,
          0.148281336, 0.250401884, 0.0340752974, 0.0262571257,
          0.0301291719, 0., 0.0125796795, 0.0125796795, 0.246207088,
          0.318661481, 0.386319101, 0.386319101, 0.386319101,
          0.0014127586, 0.386319101, 0.442892879, 0.442892879,
          0.442892879, 0.141895786, 0.000843593443, 0., 0., 0.0282897558,
          0.0545511246, 0., 0., 0., 0., 0., 0.432490766, 0.442892879 ]
      - [ 0.296433955, 0., 0., 0., 0.252356023, 0.172581375, 0.,
          0.320168138, 0.375719935, 0.375719935, 0.375719935,
          0.0973640531, 0.375719935, 0.213110611, 0.142164886,
          0.269497454, 0.310025632, 0.202203363, 0.403630942,
          0.403630942, 0.403630942, 0.382395625, 0.403630942,
          0.0508436598, 0.00552542321, 0., 0., 0.175053999, 0.0150494464,
          0., 0.0275848918, 0.163769782, 0.149658918, 0.143499985,
          0.00569823803, 0.0189409833, 0.0240842942, 0., 0.,
          0.0386830792, 0.175705671, 0.30314064, 0.321649671,
          0.418397486, 0.418397486, 0.418397486, 0.154633597,
          0.418397486, 0.270429999, 0.460905105, 0.357542694,
          0.537982643, 0.537982643, 0.0131000504, 0., 0.00651273876,
          0.00651273876, 0., 0., 0., 0., 0., 0., 0.0460182615 ]
      - [ 0.322788209, 0.251372993, 0.277997881, 0., 0.322788209,
          0.165906757, 0.322788209, 0.322788209, 0.322788209,
          0.322788209, 0.322788209, 0.219962344, 0.100141853,
          0.0290263202, 0.185597315, 0.0757107735, 0.406115741,
          0.406115741, 0.406115741, 0.406115741, 0.131163552,
          0.056717556, 0.0294576697, 0.173896745, 0.0914577022, 0.,
          0.0644962043, 0.227634966, 0.0831255093, 0.0572980307,
          0.349730968, 0.2963911, 0.331158698, 0.331158698, 0.331158698,
          0.161242306, 0.289444983, 0.160194531, 0.331158698,
          0.331158698, 0.331158698, 0.100650564, 0.0253999401,
          0.0640685856, 0.126574948, 0.195921421, 0.331158698,
          0.155890822, 0.147643432, 0.256100267, 0.373163253,
          0.373163253, 0.373163253, 0.373163253, 0.373163253,
          0.373163253, 0.225060418, 0.0310042091, 0.010037479, 0.,
          0.0104735484, 0.0511649139, 0.00871194899, 0.137344539 ]
      - [ 0.422811806, 0.0396379121, 0.0798580721, 0.260343343,
          0.0773719698, 0.140523091, 0., 0.457357973, 0.457357973,
          0.394032866, 0.109486237, 0.231560886, 0.138683349,
          0.220800191, 0., 0.0894066468, 0.206780732, 0.234432578,
          0.00811876357, 0.101363666, 0.0280299876, 0.00966766942,
          0.202456132, 0.563160777, 0.563160777, 0.286829531,
          0.000434064714, 0.224827215, 0.113970518, 0., 0.0768901333,
          0.241725698, 0.154158682, 0.309609622, 0.309609622,
          0.309609622, 0.309609622, 0.309609622, 0.309609622,
          0.309609622, 0.228357375, 0.146727249, 0.073115021,
          0.309609622, 0.0778613389, 0.0659077317, 0.144881129,
          0.309609622, 0.329697132, 0.329697132, 0.1814055, 0.329697132,
          0.329697132, 0.124487288, 0.00506555755, 0.116286226,
          0.0254565608, 0.0118611911, 0.0634164587, 0.245642871,
          0.329697132, 0.329697132, 0.329697132, 0.329697132 ]
      - [ 0.327433258, 0., 0.14674595, 0.279579401, 0.35933432,
          0.35933432, 0.35933432, 0.35933432, 0.199752405, 0.00642301422,
          0.303952724, 0.0697016194, 0.0160842128, 0.0802868828, 0.,
          0.35933432, 0.333821058, 0.333821058, 0.278216511,
          0.0489438847, 0.078502968, 0.156364009, 0.274147928,
          0.333821058, 0.333821058, 0.266530782, 0.27922377,
          0.0563524254, 0.157916903, 0.333821058, 0.0771206617,
          0.266171008, 0.375128865, 0.375128865, 0.0768451542, 0., 0.,
          0., 0.0520199277, 0.161876202, 0.270777375, 0.115096182,
          0.097849153, 0.375128865, 0.375128865, 0.375128865,
          0.144793749, 0.375128865, 0.324979126, 0.164991871,
          0.340008438, 0.340008438, 0.248621076, 0.340008438,
          0.340008438, 0.293240339, 0.294771612, 0.136572912,
          0.00981966034, 0.0518571511, 0.0724312291, 0.155110464,
          0.0398679562, 0.338113368 ]
      - [ 0.361969322, 0.361969322, 0.361969322, 0.361969322,
          0.263114244, 0.14421168, 0.163006306, 0.361969322, 0.23978737,
          0.0102599664, 0., 0., 0., 0., 0.189874977, 0.361969322,
          0.651613414, 0.321810514, 0., 0., 0., 0., 0.000908422691,
          0.0658058152, 0.0572869703, 0., 0., 0., 0., 0., 0.181987196,
          0.651613414, 0.337349921, 0.121594734, 0.337349921,
          0.246358275, 0.0224720184, 0.0104774702, 0.0340999253,
          0.337349921, 0.337349921, 0.19586888, 0.337349921,
          0.0597538128, 0.337349921, 0.283207536, 0.0244484749,
          0.337349921, 0.550155103, 0.550155103, 0.313322842, 0.14212513,
          0.0519010313, 0., 0.0494084619, 0.0402747467, 0.00676671928,
          0.00135952898, 0., 0.00173087127, 0.0167311933, 0., 0.,
          0.513523519 ]
      - [ 0.321789801, 0.0597271733, 0.321789801, 0.158912107,
          0.270237952, 0.321789801, 0.321789801, 0.321789801,
          0.321789801, 0.247441307, 0.00634840876, 0.0298132841,
          0.0609219372, 0.321789801, 0.0260464009, 0.321789801,
          0.393194735, 0.393194735, 0.393194735, 0.0869872645, 0.,
          0.0479523167, 0.0338063315, 0.0688800067, 0.111227155,
          0.0279205125, 0.140121341, 0.393194735, 0.0980974212,
          0.101477034, 0.393194735, 0.393194735, 0.390766323,
          0.0190016348, 0.0318600386, 0.00417880854, 0., 0.,
          0.0168844517, 0.186058432, 0.144983575, 0.244052455,
          0.109406747, 0.322112381, 0.390766323, 0.390766323,
          0.390766323, 0.390766323, 0.400295794, 0.400295794,
          0.400295794, 0.400295794, 0.400295794, 0.0997089371,
          0.0982048437, 0.00976339635, 0.0138658965, 0.0139037361, 0.,
          0., 0., 0.000543523405, 0.151661262, 0.389549762 ]
      - [ 0.22180891, 0.268319428, 0.205938742, 0.332688123,
          0.0498014577, 0.296508223, 0.359784305, 0.359784305,
          0.359784305, 0.220401198, 0.0990063846, 0.258691847,
          0.207682148, 0., 0.244461805, 0.123261645, 0.363951594,
          0.363951594, 0.363951594, 0.363951594, 0.0489915758,
          0.0789246112, 0.0814734548, 0.0620049573, 0.0518742912,
          0.000287880976, 0.0965407044, 0.147005245, 0.363951594,
          0.363951594, 0.147343144, 0.356589228, 0.312032133,
          0.312032133, 0.312032133, 0., 0.00525582768, 0.00389714795, 0.,
          0.173644826, 0.312032133, 0.293475091, 0.166338041,
          0.271989614, 0.312032133, 0.312032133, 0.312032133,
          0.312032133, 0.123274952, 0.400889635, 0.194727153,
          0.253600806, 0.0489088893, 0.040003147, 0.443684489,
          0.443684489, 0.443684489, 0.283038795, 0.0587042123,
          0.0490394607, 0.022834558, 0.124542415, 0.128601819,
          0.0658343658 ]
      - [ 0.150297806, 0.3091802, 0.047099337, 0.0760321021, 0.3091802,
          0.0496751741, 0.0608520471, 0.3091802, 0.3091802, 0.3091802,
          0.187092096, 0.3091802, 0.262129426, 0.3091802, 0.302814931,
          0.3091802, 0.295929521, 0.382131308, 0.382131308, 0.351474524,
          0.216443956, 0.00161591813, 0.012467837, 0.14138782,
          0.23089698, 0.100393564, 0.0445794202, 0.133851752,
          0.0884863362, 0.207012147, 0.382131308, 0.382131308,
          0.350692004, 0.0187982041, 0.00625211839, 0.0155077223, 0.,
          0.00260899519, 0.00661706459, 0.0787629485, 0.350692004,
          0.350692004, 0.350692004, 0.350692004, 0.0756958351,
          0.350692004, 0.350692004, 0.350692004, 0.238421559, 0.22586152,
          0.572600782, 0.572600782, 0.459749579, 0.000647878798,
          0.00018246613, 0.0264439378, 0.00980848726, 0., 0., 0.,
          0.000382591563, 0.00662412122, 0.0123447413, 0.135346353 ]
      - [ 0.19443208, 0.335850358, 0.335850358, 0.335850358, 0.335850358,
          0.335850358, 0.299931496, 0.335850358, 0.335850358,
          0.224355385, 0.0456672236, 0., 0., 0.00741033303, 0.110418305,
          0.121018514, 0.297072709, 0.25111714, 0.297072709, 0.297072709,
          0.171736419, 0.112079203, 0.297072709, 0.297072709,
          0.297072709, 0.297072709, 0.297072709, 0.0149753457,
          0.059371531, 0.0751358271, 0.297072709, 0.297072709,
          0.342534125, 0.342534125, 0.283398211, 0.157045469,
          0.0324722305, 0., 0., 0.261224926, 0.342534125, 0.342534125,
          0.342534125, 0.201452315, 0.0844710246, 0.30398497, 0.23024486,
          0.206205919, 0.434269875, 0.434269875, 0.434269875,
          0.434269875, 0.434269875, 0.137678072, 0.00072279555,
          0.0115603479, 0.0307001173, 0.001464781, 0.0133019332,
          0.00223438628, 0., 0., 0., 0.180262342 ]
      - [ 0.383679539, 0.304019779, 0., 0.365997344, 0.106307328,
          0.387324899, 0.387324899, 0.387324899, 0.200613722,
          0.0299463924, 0.0313020498, 0.00339521724, 0.100290515,
          0.100861371, 0.0664333999, 0.307240516, 0.463597625,
          0.463597625, 0.463597625, 0.345608115, 0.0686669573,
          0.00749242492, 0.035653621, 0.0255201571, 0.0456776656,
          0.0863320157, 0., 0., 0., 0., 0., 0.463597625, 0.29532361,
          0.153526649, 0.0371380746, 0., 0.000227216995, 0.085745886,
          0.011587942, 0.241854578, 0.374710619, 0.0259138923,
          0.0233554933, 0.374710619, 0.338899761, 0.374710619,
          0.374710619, 0.374710619, 0.309806049, 0.546013296,
          0.546013296, 0.546013296, 0.00846458692, 0., 0., 0., 0., 0.,
          0., 0., 0., 0.00954508595, 0.00421230309, 0.0632104725 ]
      - [ 0.343956679, 0.193936855, 0.343956679, 0.343956679,
          0.343956679, 0.343956679, 0.125929609, 0.343956679,
          0.332135588, 0.0562954992, 0.00928558875, 0.0370445326, 0., 0.,
          0.00291975285, 0.343956679, 0.323352218, 0.184883028, 0., 0.,
          0., 0.323352218, 0.0426616184, 0.294159263, 0.323352218,
          0.253681958, 0.323352218, 0.0147929201, 0.278868675,
          0.323352218, 0.323352218, 0.323352218, 0.084045589,
          0.134937376, 0.129625529, 0.33486706, 0.33486706, 0.198713794,
          0.14145349, 0.33486706, 0.33486706, 0.33486706, 0.169334263,
          0.0697101131, 0.273501605, 0.308716863, 0.136473298,
          0.33486706, 0.434169352, 0.434169352, 0.434169352,
          0.0722553506, 0., 0., 0., 0.0202487856, 0.0249447841, 0., 0.,
          0.0218744855, 0.415775746, 0.209854335, 0.134205297,
          0.434169352 ]
      - [ 0.183041796, 0.196260229, 0.335470647, 0.335470647,
          0.335470647, 0.194329247, 0.0790627822, 0.225429833,
          0.228426278, 0.0659249276, 0.0871786848, 0.319510639,
          0.19206129, 0.335470647, 0.252963066, 0.335470647, 0.343474984,
          0.343474984, 0.343474984, 0.158083409, 0.00411550561, 0., 0.,
          0.007013503, 0.192964613, 0.0636176318, 0.205053702,
          0.342215002, 0.343474984, 0.343474984, 0.251437247,
          0.343474984, 0.433327109, 0.433327109, 0.433327109, 0.17559199,
          0.0245449822, 0.0703574419, 0.0868207663, 0.212527364,
          0.155733258, 0.104708418, 0.0503749438, 0.0358486921,
          0.250340044, 0.182753935, 0.142766848, 0.433327109,
          0.371032327, 0.371032327, 0.371032327, 0.371032327,
          0.371032327, 0.137018949, 0.143463045, 0.200344473,
          0.0658599958, 0.010756922, 0.000400141405, 0.10709931,
          0.259358525, 0.0789882839, 0.0371441878, 0.371032327 ]
      - [ 0.306655735, 0.084916003, 0.306655735, 0.306655735,
          0.306655735, 0.18213281, 0.306655735, 0.306655735, 0.071483992,
          0.0456859991, 0.0340060964, 0.267012924, 0.174824253,
          0.306655735, 0.306655735, 0.306655735, 0.390565723,
          0.390565723, 0.210133225, 0.0430894718, 0.0142868515,
          0.0113717848, 0., 0.0311117452, 0.334638149, 0.25423944,
          0.0461018682, 0.211097121, 0.297293574, 0.164092854,
          0.390565723, 0.390565723, 0.313210398, 0.0675997809,
          0.26396367, 0.300316304, 0.156626567, 0.313210398, 0.228810787,
          0.313210398, 0.313210398, 0.0713247135, 0.0149012404, 0.,
          0.252058029, 0.313210398, 0.313210398, 0.313210398,
          0.362529844, 0.362529844, 0.362529844, 0.362529844,
          0.362529844, 0.157252714, 0.230426192, 0.12096519, 0.023605654,
          0.00987473968, 0.0211681556, 0.0902699009, 0.158452645,
          0.216293171, 0.184964538, 0.362529844 ]
      - [ 0.308761299, 0.308761299, 0.308761299, 0.308761299,
          0.115354978, 0.308761299, 0.252395958, 0.186375141,
          0.250338674, 0., 0., 0.103576146, 0.308761299, 0.308761299,
          0.254493505, 0.282257706, 0.392348319, 0.392348319,
          0.356862664, 0.0255363341, 0.0111844689, 0., 0., 0.0431957096,
          0.0431957096, 0.0383303501, 0.0927607939, 0.131607756,
          0.259114236, 0.392348319, 0.392348319, 0.392348319, 0.38621971,
          0.38621971, 0.177373216, 0.0183855742, 0.0017159878,
          0.00133446313, 0.0298148077, 0.0402614512, 0.104598209,
          0.173954919, 0.38621971, 0.38621971, 0.160101652, 0.38621971,
          0., 0.38621971, 0.483496815, 0.483496815, 0.483496815,
          0.217569903, 0.0231680311, 0.0906346366, 0., 0.0301541835,
          0.0301541835, 0., 0.000648221001, 0.00124857412, 0., 0.,
          0.0467513055, 0.483496815 ]
      - [ 0.367894888, 0.100797787, 0.399091721, 0.413707584,
          0.413707584, 0.0743726417, 0.00888245739, 0.03458995,
          0.0123864654, 0.128274083, 0.413707584, 0.0685997009,
          0.0167252831, 0.275327235, 0.0879020691, 0.256305248,
          0.378553271, 0.378553271, 0.378553271, 0.166916996,
          0.0693003684, 0.013169325, 0., 0.0617827699, 0.203248441,
          0.134350672, 0.127924442, 0.120815158, 0.16522117, 0.354163468,
          0.378553271, 0.378553271, 0.251563698, 0.119298629,
          0.348180026, 0.348180026, 0.348180026, 0.348180026,
          0.206462607, 0.348180026, 0.305750102, 0.0121277915,
          0.00590853812, 0., 0., 0.0318733118, 0.257870466, 0.330231994,
          0.400497645, 0.342289865, 0.400497645, 0.400497645,
          0.400497645, 0.0159328077, 0.0389961042, 0.156615868,
          0.061153993, 0.0179413017, 0., 0.00112751219, 0.009180272,
          0.176230252, 0.123844758, 0.400497645 ]
      - [ 0.357178092, 0.357178092, 0.357178092, 0.357178092,
          0.357178092, 0.335079402, 0.0454954393, 0.225757614,
          0.135844946, 0.0291067455, 0.0553944148, 0.00923906732,
          0.110369027, 0.0865356103, 0.153411373, 0.357178092,
          0.349545658, 0.349545658, 0.208310455, 0.0253365505,
          0.00385273783, 0., 0., 0.0382840373, 0.349545658, 0.162772432,
          0.0330095775, 0.261021554, 0.349545658, 0.349545658,
          0.349545658, 0.349545658, 0.260210603, 0.37040323, 0.37040323,
          0.37040323, 0.259249747, 0.0557633862, 0.0465663597,
          0.37040323, 0.32634142, 0.117801435, 0., 0., 0., 0.,
          0.313581467, 0.297654331, 0.34216696, 0.323017985, 0.364686817,
          0.364686817, 0.364686817, 0.177042991, 0.0823657215,
          0.111060873, 0.0204490814, 0.00153171574, 0.0466715172,
          0.160924375, 0.188197851, 0.197615892, 0.299203962,
          0.364686817 ]
      - [ 0.360224545, 0.360224545, 0.360224545, 0.193304598,
          0.00613752194, 0.250035852, 0.0629050508, 0.0492146835,
          0.159297436, 0.10212034, 0.0145678967, 0., 0.274796158,
          0.360224545, 0.360224545, 0.360224545, 0.366656244,
          0.366656244, 0.196143523, 0.0683963373, 0.0915184617,
          0.116724618, 0.00950932223, 0.230885804, 0.366656244,
          0.366656244, 0.0189326741, 0., 0.102567464, 0.366656244,
          0.245536566, 0.366656244, 0.299853206, 0.262604475,
          0.0482392162, 0.252331465, 0.299853206, 0.226950064,
          0.0301672891, 0.172397822, 0.299853206, 0.299853206,
          0.158822671, 0.299853206, 0.299853206, 0.188113824,
          0.299853206, 0.299853206, 0.444096297, 0.318819731,
          0.444096297, 0.204506606, 0.229101181, 0.0314582363,
          0.00150461041, 0.061128065, 0.0569251888, 0.0181100909,
          0.0415471494, 0.00745422766, 0.0253547989, 0., 0.444096297,
          0.444096297 ]
      - [ 0.323565096, 0.30053544, 0.286031365, 0.323565096, 0.323565096,
          0.323565096, 0.286694318, 0.139996111, 0.0420906842, 0.,
          0.180540383, 0.323565096, 0.114802092, 0.323565096,
          0.0945867449, 0.195397303, 0.358090222, 0.358090222,
          0.34771499, 0.358090222, 0.0667712316, 0.00327463145,
          0.0507903807, 0.121031538, 0.0912824869, 0.0103958314,
          0.158390716, 0.0655508488, 0.257840514, 0.329194784,
          0.358090222, 0.358090222, 0.405657381, 0.251378685,
          0.0302510522, 0.0268219542, 0.0350373462, 0.105639182,
          0.405657381, 0.405657381, 0.405657381, 0.330957532, 0.30106914,
          0.0269976091, 0.138474703, 0.0774297863, 0.0412881784,
          0.180895433, 0.39493975, 0.39493975, 0.39493975, 0.39493975,
          0.322152942, 0.179565728, 0.0865743905, 0.114821926,
          0.207968757, 0.0827397183, 0.0800596252, 0.000210385697, 0.,
          0., 0.0543648824, 0.39493975 ]
      - [ 0.305065483, 0.405695289, 0.405695289, 0.405695289,
          0.405695289, 0.192697674, 0.0275189187, 0.127321422,
          0.103443205, 0.0319966562, 0.000355848286, 0.0312765241,
          0.29149127, 0.0206820145, 0.175926954, 0.247748405,
          0.341054618, 0.181960002, 0.130663037, 0.0793778896,
          0.0119771678, 0.00629215129, 0.00530987093, 0.0426544771,
          0.269858539, 0.266461402, 0.341054618, 0.341054618,
          0.341054618, 0.310392976, 0.341054618, 0.341054618,
          0.306364208, 0.306364208, 0.294784874, 0.306364208,
          0.137102887, 0.0776211917, 0.0482764654, 0.0951331928,
          0.26599884, 0.078618601, 0.214543551, 0.306364208, 0.306364208,
          0.306364208, 0.306364208, 0.306364208, 0.305093765,
          0.273472458, 0.305093765, 0.305093765, 0.305093765,
          0.305093765, 0.305093765, 0.305093765, 0.141473845,
          0.00434950273, 0.00878869835, 0.094855167, 0.305093765,
          0.225009263, 0.0684591681, 0.305093765 ]
      - [ 0.0838802308, 0.200260684, 0.348933548, 0.348933548,
          0.348933548, 0.348933548, 0.136071414, 0.348933548,
          0.261412889, 0.249634996, 0.040563371, 0.151213005,
          0.328551292, 0.0726497769, 0.0729863644, 0.219929621,
          0.330080718, 0.330080718, 0.0176617727, 0.330080718,
          0.330080718, 0.0864071473, 0.0626994595, 0.158581436,
          0.179721579, 0.135569841, 0.105552815, 0.330080718,
          0.323712945, 0.174817696, 0.330080718, 0.330080718,
          0.135766029, 0.14301075, 0.301831275, 0.168012232, 0.392928451,
          0.392928451, 0.392928451, 0.392928451, 0.392928451,
          0.126833364, 0.0676772669, 0.127962917, 0.0630380064,
          0.0975793526, 0.0613798834, 0.107663736, 0.382733077,
          0.2808806, 0.439092845, 0.439092845, 0.439092845, 0.354790986,
          0.10134279, 0.0512654223, 0.00631597685, 0.0030950089,
          0.013265186, 0.00566619821, 0.0968825445, 0.158658907,
          0.0784173533, 0.109940477 ]
      - [ 0.124113746, 0.296877176, 0.00877098087, 0.0761797279,
          0.299050987, 0.30857271, 0.318120867, 0.318120867, 0.125624403,
          0.207598373, 0.318120867, 0.318120867, 0.089209348,
          0.169439837, 0.318120867, 0.318120867, 0.327382535,
          0.275693357, 0.327382535, 0.327382535, 0.169987708,
          0.0954349712, 0.0702609718, 0.118424103, 0.138062075,
          0.327382535, 0.327382535, 0.327382535, 0.262107939,
          0.327382535, 0.107142888, 0.119418778, 0.309097618,
          0.309097618, 0.0441772901, 0.309097618, 0.309097618,
          0.00864301436, 0.0211020913, 0.0593421049, 0.0860561654,
          0.297222644, 0.309097618, 0.309097618, 0.187880859,
          0.309097618, 0.309097618, 0.309097618, 0.335597366,
          0.335597366, 0.335597366, 0.335597366, 0.335597366,
          0.335597366, 0.121653996, 0.0533236377, 0.032004796,
          0.00411971938, 0.00894002989, 0.0829453543, 0.297619194,
          0.203394219, 0.229514867, 0.335597366 ]
      - [ 0.334425777, 0.334425777, 0.334425777, 0.334425777,
          0.334425777, 0.213731423, 0.0245383736, 0.334425777,
          0.0352371037, 0., 0., 0., 0.165747866, 0.217963502,
          0.305224985, 0.331583023, 0.328295857, 0.239673927,
          0.323604524, 0.0899453238, 0.107408866, 0., 0., 0.15052247,
          0.298117757, 0.1032736, 0.032086771, 0.414107651, 0.414107651,
          0.013655968, 0.261584908, 0.414107651, 0.31556049,
          0.00936804153, 0.00140419893, 0.149274841, 0.112404145,
          0.114936531, 0.179530457, 0.421909183, 0.421909183,
          0.0370937996, 0.0920233056, 0.00997066498, 0.117841542,
          0.28266266, 0.421909183, 0.421909183, 0.315129846, 0.315129846,
          0.190141991, 0.315129846, 0.2566064, 0.315129846, 0.315129846,
          0.221265167, 0.231743827, 0.0861692727, 0.0575289093,
          0.0759844631, 0.276646048, 0.0739905834, 0.312778026,
          0.315129846 ]
      - [ 0.37244916, 0.37244916, 0.37244916, 0.37244916, 0.362920642,
          0.214257762, 0.170074597, 0.0901538953, 0.0595765635,
          0.00638644537, 0., 0.0128271813, 0.0546170846, 0.135367975,
          0.250906497, 0.37244916, 0.385877043, 0.287044913,
          0.0497411825, 0., 0.00416175509, 0.0662035719, 0.,
          0.0193869602, 0.0633674338, 0.0244608652, 0.0920843259,
          0.385877043, 0.385877043, 0.385877043, 0.385877043,
          0.385877043, 0.0890881494, 0.155898169, 0.0198785104,
          0.0595179014, 0.0506591797, 0.063518703, 0.160908088,
          0.332973093, 0.332973093, 0.332973093, 0.332973093,
          0.202599645, 0.332973093, 0.332973093, 0.332953423,
          0.332973093, 0.360895962, 0.227352262, 0.300766677, 0.3135463,
          0., 0.133572936, 0.0800238922, 0.17357865, 0.18535617, 0.,
          0.031885583, 0.24336265, 0.360895962, 0.29321599, 0.360895962,
          0.360895962 ]
      - [ 0.317039281, 0.0988789499, 0.359299719, 0.484375298,
          0.484375298, 0.351602286, 0.116217993, 0.0150955888,
          0.00283781579, 0.00882772263, 0.0394259915, 0.0609119534,
          0.105079629, 0., 0., 0.364396781, 0.326331019, 0.326331019,
          0.234596461, 0.214127436, 0.0380695909, 0.125525922,
          0.00954137743, 0.0213857349, 0.21935685, 0.201577365,
          0.220880538, 0.326331019, 0.326331019, 0.326331019,
          0.318760276, 0.326331019, 0.255062342, 0.246585444, 0.20003736,
          0.316876769, 0.316876769, 0.316876769, 0.316876769,
          0.316876769, 0.316876769, 0.15735665, 0.123929054, 0.139934197,
          0.255438834, 0.0559588484, 0., 0.316876769, 0.298692554,
          0.298692554, 0.179751009, 0.298692554, 0.298692554,
          0.298692554, 0.193235978, 0.268506408, 0.0665856972,
          0.0777083859, 0.173379242, 0.108540975, 0.298692554,
          0.298692554, 0.298692554, 0.298692554 ]
      - [ 0.348585814, 0.348585814, 0.348585814, 0.348585814,
          0.310645282, 0.113944069, 0.0528737977, 0.0792083591,
          0.0819199532, 0., 0.0352031142, 0.0275312923, 0.136642352,
          0.348585814, 0.348585814, 0.348585814, 0.384848893,
          0.384848893, 0.24821344, 0.108226053, 0.121247329,
          0.0501524098, 0.0485779382, 0.0176281463, 0.188738346,
          0.0783201829, 0.207749233, 0.194449797, 0.384848893,
          0.213272214, 0.377225876, 0.384848893, 0.12579082, 0.069733642,
          0.0175086185, 0.00858491939, 0.367046446, 0.367046446,
          0.367046446, 0.367046446, 0.367046446, 0.354336083, 0.11301183,
          0.115444556, 0.0685254857, 0.00679058069, 0.102629848,
          0.367046446, 0.313041151, 0.313041151, 0.313041151,
          0.313041151, 0.313041151, 0.15069291, 0.156106248, 0.237946123,
          0.0533497185, 0.0235471986, 0.0102981795, 0.151969433,
          0.287431091, 0.313041151, 0.313041151, 0.313041151 ]
      - [ 0.352898329, 0.352898329, 0.352898329, 0.352898329,
          0.352898329, 0.186760217, 0.032926213, 0.0562458336,
          0.00278702937, 0., 0.0755218193, 0.206708118, 0.24307175,
          0.0514192916, 0.316158414, 0.352898329, 0.401417941,
          0.0273542404, 0.388136059, 0.401417941, 0.401417941,
          0.048904065, 0.0127471713, 0.136934042, 0.219402567,
          0.00866423827, 0.0589104146, 0.34861204, 0.0154277738,
          0.0163590144, 0.388713241, 0.122723714, 0.2818802, 0.147763625,
          0., 0., 0.000310461968, 0.159410998, 0.246377736, 0.355115265,
          0.355115265, 0.355115265, 0.355115265, 0.355115265,
          0.0434467606, 0.217979208, 0.355115265, 0.0548071451,
          0.376352966, 0.376352966, 0.376352966, 0.376352966, 0.15154627,
          0.182299048, 0.208778501, 0.376352966, 0.0835353807, 0.,
          0.0695987046, 0.00923624542, 0., 0., 0.18626745, 0.376352966 ]
      - [ 0.19468531, 0.196363702, 0.207022563, 0.292687565, 0.431097567,
          0.431097567, 0.431097567, 0.431097567, 0.115848012, 0.,
          0.0170315541, 0.123718061, 0.0216008052, 0.0662805662,
          0.11321906, 0.0251505394, 0.240547314, 0., 0.00338761485,
          0.00212808978, 0., 0.00570061011, 0.000767276215, 0.0212754775,
          0.252602488, 0.359064013, 0.359064013, 0.359064013,
          0.359064013, 0.317297876, 0.359064013, 0.359064013,
          0.166174978, 0.0177177209, 0.0487838686, 0.38847515,
          0.38847515, 0.38847515, 0.38847515, 0.38847515, 0.38847515,
          0.0471647233, 0.00616897596, 0.00473150052, 0.0203160476,
          0.0153514687, 0.00672804285, 0.239488691, 0.313345641,
          0.115339339, 0.313345641, 0.313345641, 0.313345641,
          0.212549701, 0.311886966, 0.313345641, 0.313345641,
          0.0659430921, 0.102002554, 0.313345641, 0.0823520795,
          0.00379721681, 0.313345641, 0.184612632 ]
      - [ 0.418640852, 0.332802713, 0.418640852, 0.418640852,
          0.418640852, 0.0225739889, 0.0399335362, 0.0614656135,
          0.0037401123, 0., 0.0142248506, 0.088200897, 0.165808231,
          0.269862354, 0.144165218, 0.221449628, 0.334345639,
          0.334345639, 0.334345639, 0.334345639, 0.0754336715,
          0.0138058709, 0.0165593904, 0.0803168193, 0.328812629,
          0.108652078, 0., 0.239507541, 0.334345639, 0.155748472,
          0.334345639, 0.334345639, 0.319817007, 0.319817007,
          0.0575404242, 0.195271075, 0.319817007, 0.157609746,
          0.069071576, 0.319817007, 0.297201097, 0.288701445,
          0.0783465132, 0.319817007, 0.119227946, 0.13319166,
          0.319817007, 0.319817007, 0.395597428, 0.184350222,
          0.395597428, 0.395597428, 0.395597428, 0.395597428,
          0.0207765289, 0.100369833, 0.0208401568, 0., 0.00349510019,
          0.0185098387, 0.0171359107, 0.101753734, 0.0337143838,
          0.395597428 ]
      - [ 0.339921772, 0.339921772, 0.339921772, 0.339921772,
          0.270081699, 0., 0.0685658306, 0.0257736184, 0.0597837754,
          0.00044976428, 0.0339871235, 0.0953877494, 0.339921772,
          0.339921772, 0.339921772, 0.30925405, 0.338942081, 0.183042824,
          0.338942081, 0.205563679, 0.0518442616, 0.0531835742,
          0.0116763944, 0.0915263146, 0.243068889, 0.16972585,
          0.338942081, 0.143301621, 0.3303141, 0.338942081, 0.338942081,
          0.338942081, 0.300383449, 0.347157836, 0.0259060375,
          0.00410163449, 0.328463793, 0.273812652, 0.219280779,
          0.347157836, 0.347157836, 0.145959184, 0.0788398534,
          0.245962858, 0.347157836, 0.246742815, 0.0792990029,
          0.193404943, 0.220685914, 0.349349141, 0.349349141,
          0.349349141, 0.349349141, 0.220749527, 0.349349141,
          0.226465568, 0.0754223764, 0.143221065, 0.0363542847,
          0.0102142785, 0., 0.0862810686, 0.283637404, 0.349349141 ]
      - [ 0.42810297, 0.417744011, 0.148065984, 0.42810297, 0.42810297,
          0.115360089, 0.0829386711, 0.119540729, 0.0183539521,
          0.0126533862, 0.0543140769, 0.0939434022, 0.188003853,
          0.0247011911, 0.116667099, 0.391353399, 0.375926942,
          0.0852746889, 0.241341829, 0.293251008, 0.146978647,
          0.0109735271, 0.0415957645, 0.0692706481, 0.324210733,
          0.129579723, 0.245212585, 0.375926942, 0.375926942,
          0.179515868, 0.192186713, 0.375926942, 0.385097444, 0.,
          0.154110864, 0.0715345815, 0.0306427237, 0.0368460305,
          0.017892709, 0.0670287386, 0.114805117, 0.19795008,
          0.303993434, 0.385097444, 0.385097444, 0.385097444, 0.271844,
          0.385097444, 0.347400278, 0.347400278, 0.347400278,
          0.347400278, 0.347400278, 0.227470592, 0.193312049,
          0.199481428, 0.0703259036, 0.061702624, 0.011119212,
          0.112037815, 0.0342756324, 0.0145300487, 0.347400278,
          0.347400278 ]
      - [ 0.312614381, 0.312614381, 0.247075647, 0.312614381,
          0.312614381, 0.260382235, 0.312614381, 0.312614381,
          0.256776124, 0.0278851986, 0.0156782772, 0.0152369263,
          0.0844222158, 0.109052785, 0.312614381, 0.312614381,
          0.371343821, 0.371343821, 0.10674452, 0., 0., 0.0118068978,
          0.00977077056, 0.0714173019, 0.166381598, 0.371343821,
          0.281673044, 0.029209353, 0.371343821, 0.210492983,
          0.371343821, 0.371343821, 0.190568283, 0.101444773,
          0.159088016, 0.186217159, 0.0806331784, 0.0313015506,
          0.0223144777, 0.0617156774, 0.127536103, 0.309027016,
          0.423596859, 0.423596859, 0.363212675, 0.00704546738,
          0.308784723, 0.423596859, 0.36074236, 0.36074236, 0.36074236,
          0.252284408, 0.36074236, 0.168285742, 0.179704785, 0.129268736,
          0.0573539399, 0., 0., 0., 0.00795196276, 0.266947627,
          0.36074236, 0.36074236 ]
      - [ 0.407590151, 0.407590151, 0.0981681794, 0.407590151,
          0.407590151, 0.221176937, 0.150640652, 0.159962937,
          0.0301484354, 0.000395925366, 6.39141508e-05, 0.000365573505,
          0.00161274965, 0.2130633, 0.11015787, 0.407590151, 0.385757267,
          0.148519367, 0.211560085, 0.0398456268, 0.00679114647, 0.,
          0.0073433551, 0.0482438207, 0.0874582306, 0.17119363,
          0.320455164, 0.204020455, 0.385757267, 0.385757267,
          0.385757267, 0.385757267, 0.202088311, 0.101753362,
          0.0140611082, 0.081203483, 0.210700125, 0.0844740346,
          0.00778883183, 0.0770188421, 0.0531159081, 0.0889663249,
          0.211204335, 0.512895286, 0.512895286, 0.512895286,
          0.159222946, 0.0974123105, 0.371658415, 0.371658415,
          0.371658415, 0.371658415, 0.287506938, 0.0539490283,
          0.0930116326, 0.199491709, 0.104141869, 0.000945239619,
          0.00529845664, 0.00658253068, 0.0077866395, 0.15003255,
          0.371658415, 0.371658415 ]
      - [ 0.314483762, 0.254451156, 0.314483762, 0.314483762,
          0.314483762, 0.314483762, 0.314483762, 0.229619086,
          0.141540766, 0., 0., 0., 0., 0.261061966, 0.314483762,
          0.314483762, 0.020670047, 0.0231528264, 0.003496096,
          0.0265675094, 0.0199828334, 0.00123781641, 0.0389050283,
          0.121110894, 0.223574325, 0.409298569, 0.409298569,
          0.409298569, 0.409298569, 0.409298569, 0.298436612,
          0.0311616492, 0.0974420011, 0.06308382, 0.0326172747,
          0.0880092904, 0.0502433442, 0.0712858513, 0.345893562,
          0.345893562, 0.345893562, 0.289650232, 0.238118425,
          0.345893562, 0.345893562, 0.345893562, 0.200480118, 0.2607871,
          0.374137223, 0.00395310856, 0.374137223, 0.262414038,
          0.284535766, 0.374137223, 0.157758012, 0.162815735,
          0.182382703, 0.170595944, 0.0205201376, 0.0474715568, 0.,
          0.173475757, 0.374137223, 0.374137223 ]
      - [ 0.319442451, 0.362923414, 0.362923414, 0.362923414,
          0.362923414, 0.362923414, 0.279780626, 0.180596754,
          0.044143822, 0.00498599187, 0., 0., 0., 0.00189782528,
          0.121662885, 0.328773975, 0.3969073, 0.00665449584, 0., 0., 0.,
          0.00212087668, 0.0109479493, 0.0226126108, 0.0211095922,
          0.112157263, 0.280881554, 0.340233028, 0.3969073, 0.3969073,
          0.3969073, 0.3969073, 0.118626781, 0.178780913, 0.187806815,
          0.229728758, 0.0808546171, 0.00923606474, 0.0327411629,
          0.107513241, 0.268173605, 0.334739953, 0.454289764,
          0.454289764, 0.353890836, 0.309708029, 0.0923546031,
          0.125353083, 0.34356603, 0.301207811, 0.199343607, 0.34356603,
          0.34356603, 0.141521469, 0.0922305137, 0.0663709268,
          0.0767270029, 0.031826634, 0., 0., 0.34356603, 0.34356603,
          0.34356603, 0.34356603 ]
      - [ 0.353547454, 0.230959952, 0.289935768, 0.349335045,
          0.353547454, 0.353547454, 0.353547454, 0.353547454,
          0.135908827, 0., 0., 0.00804753788, 0.119692191, 0.147968516,
          0.155654415, 0.181833208, 0.307569116, 0.0346900895,
          0.00785282161, 0., 0., 0., 0., 0.0215478744, 0.0348283872,
          0.0664522648, 0.0609817281, 0.353282183, 0.437363446,
          0.437363446, 0.437363446, 0.437363446, 0.318684965,
          0.0629813448, 0.00572459819, 0.00618948648, 0., 0.,
          0.059541855, 0.318684965, 0.274211138, 0.318684965,
          0.318684965, 0.318684965, 0.318684965, 0.318684965,
          0.318684965, 0.318684965, 0.319908917, 0.182483077,
          0.0367877968, 0.181755155, 0.359190792, 0.362932295,
          0.362932295, 0.362932295, 0.226016968, 0.0354392752,
          0.00173537375, 0., 0., 0.174543872, 0.296038002, 0.362932295 ]
      - [ 0.359369785, 0.34740594, 0.359369785, 0.359369785, 0.359369785,
          0.126552805, 0.069123812, 0.0889439732, 0.0150798298,
          0.026800124, 3.53429641e-05, 0.057109829, 0.330484539,
          0.215673432, 0.203318551, 0.359369785, 0.201623708,
          0.218406528, 0.137922019, 0.114848211, 0.138247758,
          0.105054788, 0.0195525084, 0.124134414, 0.21307236,
          0.311460435, 0.361735433, 0.361735433, 0.361735433,
          0.182233647, 0.361735433, 0.361735433, 0.339659363,
          0.339659363, 0.339659363, 0.191056639, 0.0120610837,
          0.0217721798, 0.00851274747, 0.110976309, 0.12245547,
          0.0848062113, 0.044278916, 0.339659363, 0.339659363,
          0.339659363, 0.339659363, 0.339659363, 0.358030111,
          0.358030111, 0.358030111, 0.0435363278, 0.25358811,
          0.103726327, 0.205296278, 0.358030111, 0.224551335,
          0.0294427294, 0.0394361913, 0.00859573111, 0.0143997436,
          0.23468028, 0.358030111, 0.358030111 ]
      - [ 0.309461623, 0.309461623, 0.309461623, 0.309461623,
          0.309461623, 0.127236411, 0.105683252, 0.075713858,
          0.0601285137, 0.059250921, 0.107109033, 0.309461623,
          0.309461623, 0.309461623, 0.309461623, 0.288652182, 0.35047555,
          0.1407305, 0.22892791, 0.173240021, 0.272929698, 0.0625837967,
          0.0123367831, 0.00950759463, 0.191531971, 0.160685882,
          0.13323465, 0.35047555, 0.35047555, 0.35047555, 0.348140389,
          0.35047555, 0.135323822, 0.318563044, 0.152028754, 0.376270562,
          0.38390398, 0.38390398, 0.38390398, 0.38390398, 0.211997822,
          0.194550887, 0.0562029444, 0.0769997165, 0.019221561,
          0.0292134881, 0.0369289443, 0.166376173, 0.422459424,
          0.422459424, 0.422459424, 0.422459424, 0.12905544, 0.107330151,
          0.0688423365, 0.102119274, 0.0695537254, 0.0251559876,
          0.0101691671, 0.0248935968, 0.0189018361, 0.0161457025,
          0.230793595, 0.422459424 ]
      - [ 0.409036547, 0.409036547, 0.209831163, 0.409036547,
          0.409036547, 0.409036547, 0.204312325, 0.0539200418,
          0.00786906388, 0., 0., 0., 0., 0., 0., 0.265739471,
          0.317984253, 0.0138881579, 0.0297830887, 0., 0., 0.,
          0.0307475198, 0.0362804942, 0.0599337593, 0.135465637,
          0.380744338, 0.380744338, 0.380744338, 0.380744338,
          0.380744338, 0.380744338, 0.318951577, 0.00374733657,
          0.0125504648, 0.0961488858, 0.318951577, 0.120313279,
          0.318951577, 0.318951577, 0.318951577, 0.0806380883,
          0.12950556, 0.274228066, 0.318951577, 0.318951577, 0.24618189,
          0.318951577, 0.355073392, 0.18759948, 0.045065511, 0.355073392,
          0.355073392, 0.355073392, 0.160944775, 0.210940614,
          0.140230626, 0.0307146292, 0.049112577, 0.302011937,
          0.355073392, 0.0538603552, 0.123425484, 0.355073392 ]
      - [ 0.399470508, 0.399470508, 0.399470508, 0.399470508,
          0.399470508, 0.0392765626, 0., 0.0142150931, 0.0142150931,
          0.0025218213, 0.0568104684, 0.00635837205, 0.0802194625,
          0.267815351, 0.119657211, 0.316901773, 0.386647493,
          0.345464885, 0.386647493, 0.275770932, 0.0255237464,
          0.0261371769, 0., 0.0324448086, 0.0324448086, 0.00562194036,
          0.0126224197, 0.386647493, 0.356618762, 0.175810754,
          0.202582061, 0.386647493, 0.342046916, 0.0844882354,
          0.342046916, 0.342046916, 0.339412361, 0.0154530145,
          0.101595521, 0.0896350741, 0.0351027548, 0.205284044,
          0.219896868, 0.342046916, 0.342046916, 0.0362999961,
          0.246223614, 0.342046916, 0.370061964, 0.370061964,
          0.370061964, 0.27106598, 0.370061964, 0.0187110901,
          0.0116475336, 0.0884943455, 0.0596675873, 0.131663889,
          0.0502988957, 0.0363066718, 0.211500198, 0.370061964,
          0.152832747, 0.370061964 ]
      - [ 0.355905861, 0.239870369, 0.355905861, 0.355905861,
          0.355905861, 0.355905861, 0.0150701599, 0.0640627518,
          0.0195530728, 0.0348501429, 0.138400331, 0.120567419,
          0.355905861, 0.28191182, 0.212493524, 0.121018477, 0.373400241,
          0.373400241, 0.373400241, 0.25684312, 0., 0., 0., 0.0485171974,
          0.054091949, 0.0609011576, 0.179337457, 0.0369053185,
          0.373400241, 0.373400241, 0.226322472, 0.373400241,
          0.331765145, 0.331765145, 0.331765145, 0.27365014,
          0.0973420516, 0.0678547323, 0.0705935732, 0.0832844228,
          0.124280654, 0.138112277, 0.163738713, 0.331765145,
          0.331765145, 0.331765145, 0.331765145, 0.252968967,
          0.404150248, 0.404150248, 0.404150248, 0.404150248,
          0.0373984948, 0.0612179935, 0.00336700864, 0.0740654916,
          0.0655744001, 0.0315386876, 0., 0., 0., 0., 0.404150248,
          0.404150248 ]
      - [ 0.308439076, 0.0708721727, 0.249225944, 0.308439076,
          0.308439076, 0.308439076, 0.308439076, 0.268978596,
          0.0715806261, 0.0542299673, 0.135509163, 0.243841872,
          0.308439076, 0.308439076, 0.102316357, 0.308439076,
          0.337479085, 0.337479085, 0.337479085, 0.258387208,
          0.0106084542, 0.0106892455, 0.0495002419, 0.0513564795,
          0.12017978, 0.0315437391, 0.141254261, 0.337479085,
          0.337479085, 0.337479085, 0.337479085, 0.303172529,
          0.325745136, 0.343697846, 0.343697846, 0.343697846,
          0.0156634506, 0.0132744415, 0., 0.135141581, 0.164417326,
          0.343697846, 0.343697846, 0.00125883438, 0.00338719552,
          0.13352038, 0.343697846, 0.343697846, 0.489388198, 0.322128654,
          0.353137165, 0.136662379, 0.170880273, 0.110548407,
          0.0547894388, 0.0822238103, 0.0618219376, 0., 0.0160640739,
          0.0390694812, 0., 0.201455995, 0.414230019, 0.489388198 ]
      - [ 0.088730894, 0.0100318771, 0.0533024482, 0.13475123, 0.,
          0.00685862731, 0.338274509, 0.338274509, 0.338274509,
          0.338274509, 0.338274509, 0.338274509, 0.228219241,
          0.00888730027, 0.338274509, 0.338274509, 0.331117779,
          0.331117779, 0.331117779, 0.331117779, 0.22530666, 0.039133653,
          0.000728279701, 0.126137376, 0.113268681, 0.0487204604,
          0.184143782, 0.331117779, 0.0475559272, 0.331117779,
          0.331117779, 0.331117779, 0.346647382, 0.158133209,
          0.157947019, 0.158627108, 0.0585372075, 0.00072616234,
          0.0274771675, 0.055777017, 0.123921722, 0.202400118,
          0.135783076, 0.403796643, 0.403796643, 0.403796643,
          0.403796643, 0.257732868, 0.42344743, 0.42344743, 0.42344743,
          0.42344743, 0.244798541, 0.156961143, 0.0231708381,
          0.035926275, 0.0487933867, 0.0160801522, 0., 0.00333550083,
          0.0435180813, 0.0877046734, 0.024581844, 0.42344743 ]
      - [ 0.145641297, 0.0340333879, 0.158782274, 0.498256683,
          0.513683319, 0.513683319, 0.280184835, 0.158470646,
          0.0361190811, 0.0668352842, 0.12548013, 0.0300113708,
          0.0451072566, 0.11838726, 0.0727066472, 0.154651374,
          0.28447932, 0.283093721, 0.286161244, 0.286161244,
          0.0934495777, 0.0175410397, 0.0301261563, 0.226771951,
          0.286161244, 0.286161244, 0.283778399, 0.231624678,
          0.286161244, 0.259419352, 0.286161244, 0.286161244,
          0.163594693, 0.304815829, 0.0870582834, 0.0754929855,
          0.304815829, 0.304815829, 0.304815829, 0.304815829,
          0.304815829, 0.304815829, 0.104950644, 0.263671994,
          0.212371901, 0.25404948, 0.153070822, 0.304815829, 0.284875363,
          0.289466172, 0.231441706, 0.351626754, 0.351626754,
          0.351626754, 0.11566899, 0.202064231, 0.0391481929,
          0.00364979031, 0.103148103, 0.222040415, 0.231525689,
          0.189674884, 0.279524773, 0.351626754 ]
      - [ 0.299320132, 0.397722363, 0.397722363, 0.397722363,
          0.397722363, 0.218672127, 0.23848246, 0.0687807649,
          0.0748058707, 0.0397643149, 0.0161107127, 0.0773953721,
          0.0229296703, 0.142625362, 0.138801083, 0.332745373,
          0.400055736, 0.175961405, 0., 0.107783064, 0.0294998791,
          0.0114437211, 0.15847373, 0.047532998, 0.0315037183, 0.,
          0.0850504711, 0.400055736, 0.400055736, 0.400055736,
          0.341467738, 0.400055736, 0.321901739, 0.139148563, 0.35897693,
          0.35897693, 0.35897693, 0.0203840751, 0.35897693, 0.330323249,
          0.086754404, 0.263028711, 0.10807056, 0.127388716, 0.147448927,
          0.083448872, 0.245126769, 0.234593526, 0.39869982, 0.24855791,
          0.39869982, 0.180958942, 0.204301059, 0.0135786626,
          0.112176433, 0.193649441, 0.0877465457, 0.191072151,
          0.200127631, 0.217499524, 0.39869982, 0.205113739, 0.,
          0.39869982 ]
      - [ 0.475394964, 0.475394964, 0.475394964, 0.0322463214,
          0.0842424408, 0.160360053, 0.0741233751, 0.0905856192,
          0.128627166, 0., 0., 0., 0.0418636538, 0.0526749827,
          0.150419697, 0.475394964, 0.406599581, 0.17591171, 0.287603527,
          0.0197520051, 0., 0.0101686148, 0.0180201177, 0.0735395029,
          0.0454237945, 0.00616255635, 0.204627395, 0.0738996863,
          0.406599581, 0.406599581, 0.406599581, 0.406599581,
          0.346865058, 0.346865058, 0.160307899, 0.0760267004,
          0.0187616535, 0.0118903993, 0.0168383196, 0.0783141106,
          0.0852680504, 0.29696539, 0.346865058, 0.346865058,
          0.286992937, 0.346865058, 0.24172172, 0.346865058, 0.35888043,
          0.0134565476, 0.010422701, 0.00351147703, 0., 0.0209978539,
          0.0321783386, 0.25597173, 0.339714348, 0.01579611,
          0.0677955076, 0.368773401, 0.368773401, 0.368773401,
          0.368773401, 0.368773401 ]
      - [ 0.325661033, 0.325661033, 0.311398387, 0.325661033,
          0.154265046, 0.117883079, 0.325661033, 0.150751144,
          0.279115647, 0.16016297, 0.0722845942, 0.0842842609,
          0.210863635, 0.206582725, 0.325661033, 0.325661033,
          0.330363631, 0.330363631, 0.0859062448, 0.0715934485,
          0.00764238043, 0.0163864903, 0.00857220031, 0.0145705575,
          0.036327377, 0.330363631, 0.330363631, 0.330363631,
          0.330363631, 0.330363631, 0.330363631, 0.330363631,
          0.291148216, 0.291148216, 0.291148216, 0.291148216,
          0.291148216, 0.192879319, 0.110057458, 0.291148216,
          0.291148216, 0.179997981, 0.291148216, 0.206011936,
          0.291148216, 0.136813611, 0.289889067, 0.0853010342,
          0.305972159, 0., 0.305972159, 0.0771799088, 0.305972159,
          0.305972159, 0.21912232, 0.254070878, 0.274008244,
          0.0925960168, 0.305972159, 0.305972159, 0.199785396,
          0.303548485, 0.0858845487, 0.305972159 ]
      - [ 0.335966676, 0.335966676, 0.264699638, 0.335966676,
          0.335966676, 0.329058498, 0.221643656, 0.107176684,
          0.134512961, 0.0049954853, 0.0705511719, 0.12764807,
          0.215489715, 0.223773658, 0.335966676, 0.239617094,
          0.374651253, 0.374651253, 0.374651253, 0.289102584,
          0.020574877, 0.0452342704, 0.0998783782, 0.0427792892,
          0.0427792892, 0.0937021896, 0.145253509, 0.340288669,
          0.374651253, 0.0151858982, 0.221015424, 0.374651253,
          0.0592637546, 0.210357562, 0.293490916, 0.293490916,
          0.175348133, 0.031558767, 0.0282938071, 0.293490916,
          0.293490916, 0.293490916, 0.293490916, 0.293490916,
          0.293490916, 0.293490916, 0.293490916, 0.235355183, 0.41972357,
          0.41972357, 0.41972357, 0.41972357, 0.309049189, 0.124875687,
          0.0525587089, 0.0309102181, 0.0113465758, 0.00266886642, 0.,
          0.00207786635, 0.00208493276, 0., 0., 0.41972357 ]
      - [ 0.071456939, 0.319073468, 0.319073468, 0.319073468,
          0.319073468, 0.319073468, 0.067037642, 0.319073468,
          0.319073468, 0.0230531059, 0.0177057069, 0.120524406,
          0.319073468, 0.163938195, 0.169392988, 0.319073468,
          0.125142217, 0.323134303, 0.204355806, 0.208411694,
          0.0738630518, 0.0385699272, 0.108869463, 0.0741675869,
          0.323134303, 0.239931524, 0.323134303, 0.323134303,
          0.323134303, 0.323134303, 0.288339257, 0.323134303,
          0.307123691, 0.307123691, 0.307123691, 0.307123691,
          0.307123691, 0.109516174, 0.00667033112, 0.190032572,
          0.273360014, 0.0978823081, 0.307123691, 0.0618514754,
          0.307123691, 0.307123691, 0.108275756, 0.307123691,
          0.360826254, 0.360826254, 0.360826254, 0.360826254,
          0.360826254, 0.241839111, 0.239743754, 0.0626457408,
          0.0806752816, 0.081331186, 0.0108615188, 0.0538029,
          0.166109562, 0.164264992, 0.19604592, 0.341151059 ]
      - [ 0.394458145, 0.188876003, 0.115986764, 0.394458145,
          0.394458145, 0.151882187, 0.112398759, 0.0271189827,
          0.0274831578, 0.0179109871, 0.0999850407, 0.344964951,
          0.394458145, 0.0491194502, 0.00470821187, 0.394458145,
          0.337955058, 0.167149097, 0.337955058, 0.337955058,
          0.104419284, 0.278729051, 0.0428631045, 0.177259892,
          0.200251877, 0.0445074029, 0.0583945513, 0.337955058,
          0.337955058, 0.0429638587, 0.337955058, 0.337955058,
          0.315848023, 0.262538314, 0.315231174, 0.315848023,
          0.315848023, 0.0191397406, 0.0791492686, 0.315848023,
          0.315848023, 0., 0.30704385, 0.163022324, 0., 0.125120461,
          0.294701517, 0.315848023, 0.384022325, 0.384022325,
          0.384022325, 0.384022325, 0.384022325, 0.000921490719, 0.,
          0.046434693, 0.0866867825, 0.0341410227, 0., 0.00512489118,
          0.0138944471, 0.0569339544, 0.311490834, 0.384022325 ]
      - [ 0.299671143, 0.379146338, 0.379146338, 0.379146338,
          0.0741424039, 0.153325528, 0.0736413673, 0.233793005,
          0.140089661, 0.03062132, 0.0338606648, 0.025208123,
          0.0349926949, 0.372683406, 0.282579809, 0.379146338,
          0.482968241, 0.100003779, 0.00767349079, 0.000943124294, 0.,
          0., 0., 0.0200133063, 0.0200133063, 0., 0., 0.0878550783,
          0.208717242, 0.482968241, 0.482968241, 0.482968241,
          0.319161177, 0.208641991, 0.228014126, 0.319161177,
          0.120609619, 0.0524104908, 0.0027740621, 0.319161177,
          0.319161177, 0.319161177, 0.0634343624, 0.143044725,
          0.211166412, 0.319161177, 0.319161177, 0.319161177,
          0.480382264, 0.480382264, 0.264372915, 0.0858473852,
          0.0953484774, 0.0156201301, 0.00826660544, 0.13654016,
          0.0399161167, 0., 0., 0., 0., 0.21761103, 0.385542572,
          0.480382264 ]
      - [ 0.339270651, 0.263570279, 0.331415981, 0.339270651,
          0.339270651, 0.339270651, 0.0352944396, 0.0339106694,
          0.0176944714, 0.0183889698, 0.0939203575, 0.237704203,
          0.141942024, 0.233969316, 0.326850742, 0.326793909,
          0.313189507, 0.313189507, 0.313189507, 0.287047416,
          0.0477360152, 0.152670726, 0.0668708682, 0.252378076,
          0.313189507, 0.158481121, 0.0989192277, 0.0334396884,
          0.313189507, 0.313189507, 0.313189507, 0.313189507,
          0.450082868, 0.203532338, 0.225678891, 0.428927451,
          0.0943142548, 0.0503553562, 0.0670269728, 0.11068666,
          0.0803586319, 0.0204567946, 0.00352877425, 0.255028158,
          0.450082868, 0.0975795463, 0.0426716805, 0.450082868,
          0.397867888, 0.397867888, 0.348251283, 0.397867888,
          0.397867888, 0.140146255, 0.126676574, 0.0978810042,
          0.0364831425, 0., 0., 0.0284950659, 0.139560565, 0.127919063,
          0., 0.397867888 ]
      - [ 0.181527793, 0.328474522, 0.188594073, 0.299524069,
          0.261850655, 0.196587771, 0.305246443, 0.328474522,
          0.281886309, 0.0320225284, 0.0419228747, 0.328474522,
          0.328474522, 0.211291105, 0.21591939, 0.181673631, 0.290888816,
          0.290888816, 0.290888816, 0.290888816, 0.290888816,
          0.280518144, 0.158428907, 0.0976587087, 0.175585538, 0.0662717,
          0.290888816, 0.290888816, 0.25857088, 0.209220797, 0.290888816,
          0.246943429, 0.181916162, 0.217555285, 0.075294435,
          0.191747293, 0.29547891, 0.260371953, 0.0292030163,
          0.140608743, 0.29547891, 0.29547891, 0.29547891, 0.29547891,
          0.29547891, 0.29547891, 0.29547891, 0.29547891, 0.381417781,
          0.381417781, 0.381417781, 0.381417781, 0.381417781,
          0.299485326, 0.134726614, 0.101383723, 0.0316952094,
          0.0379995406, 0.0192929637, 0.0446425714, 0.0170388035,
          0.00899416488, 0.00246135541, 0.381417781 ]
      - [ 0.32779929, 0.139575481, 0.269196272, 0.270279288, 0.32779929,
          0.32779929, 0.32779929, 0.0972158387, 0.0256280471,
          0.150446907, 0.317192137, 0.292313397, 0.194424599,
          0.189492077, 0.0442250744, 0.32779929, 0.320700973,
          0.320700973, 0.320700973, 0.25293225, 0.0392235778,
          0.0422680937, 0.0299094543, 0.0143595599, 0.0848386586,
          0.243773594, 0.316456139, 0.320700973, 0.320700973,
          0.204165623, 0.320700973, 0.320700973, 0.187619343,
          0.196627632, 0.0534904823, 0.208658502, 0.046083618,
          0.000468297454, 0., 0.0889600068, 0.151800171, 0.303464741,
          0.286339343, 0.365765125, 0.365765125, 0.365765125,
          0.365765125, 0.365765125, 0.394659132, 0.394659132,
          0.394659132, 0.394659132, 0.394659132, 0.13368763, 0.09816695,
          0.0467653535, 0.0383722857, 0.0309001356, 0.00649380358,
          0.0038676085, 0.000860183558, 0., 0.171292037, 0.394659132 ]
      - [ 0.420736223, 0.34039101, 0.420736223, 0.420736223, 0.420736223,
          0.18279855, 0.163523883, 0.163050592, 0.230202019,
          0.0815529823, 0.00942719541, 0.0225471426, 0.00962112844, 0.,
          0.136696592, 0.0780691803, 0.308575004, 0.151839361,
          0.0768182948, 0.170498982, 0.317615867, 0.0122695779,
          0.0651406124, 0.271895438, 0.353057951, 0.353057951,
          0.297057062, 0.353057951, 0.353057951, 0.125040531,
          0.206738457, 0.13714458, 0.32605952, 0.138740018, 0.32605952,
          0.165138096, 0.0678237826, 0.00344569189, 0.102935329,
          0.138577655, 0.214327484, 0.32605952, 0.289194137, 0.32605952,
          0.32605952, 0.20503217, 0.32605952, 0.32605952, 0.0684349984,
          0.121857181, 0.0866427049, 0.420699179, 0.420699179,
          0.420699179, 0.420699179, 0.420699179, 0.171471953,
          0.0129470527, 0.0194103662, 0.0459846407, 0.216426298,
          0.0150013212, 0.000475041248, 0.0684967265 ]
      - [ 0.318101317, 0.318101317, 0.318101317, 0.228324309,
          0.0387210697, 0.00435367879, 0.114012629, 0.29315117,
          0.0981924757, 0.318101317, 0.126816303, 0.157269508,
          0.318101317, 0.292331815, 0.318101317, 0.318101317,
          0.327594727, 0.263349146, 0.327594727, 0.327594727,
          0.131828725, 0.130978331, 0.0859663114, 0.0911543965,
          0.0429526977, 0.161295533, 0.327594727, 0.327594727,
          0.327594727, 0.327594727, 0.0182980914, 0.31259644,
          0.313681871, 0.313681871, 0.258954942, 0.270765692,
          0.294833064, 0.0228160564, 0.0276596937, 0.208964944,
          0.129095078, 0.126833469, 0.301666111, 0.313681871,
          0.313681871, 0.31217593, 0.106889546, 0.313681871, 0.41327101,
          0.366637319, 0.0860278383, 0.41327101, 0.102666028,
          0.037959598, 0.174319893, 0.142674759, 0.100424692,
          0.0526769646, 0.0444710702, 0.119055793, 0.254021525,
          0.41327101, 0.120882347, 0.41327101 ]
      - [ 0.330338836, 0.0654306188, 0.114654891, 0.279525638,
          0.0992677957, 0.288442701, 0.0691198185, 0.330338836,
          0.280501336, 0.0706886649, 0.0240878947, 0.330338836,
          0.330338836, 0.330338836, 0.253587335, 0.330338836,
          0.329424083, 0.0391478427, 0.166403592, 0.329424083,
          0.329424083, 0.159787297, 0.091159299, 0.233515888,
          0.329424083, 0.311512411, 0.16796048, 0.329424083, 0.194636062,
          0.00289718946, 0.254657269, 0.329424083, 0.333473444,
          0.333473444, 0.333473444, 0.333473444, 0.11231833, 0.126489714,
          0.0175272208, 0.0433204211, 0.186840132, 0.0940214247,
          0.0350645781, 0.333473444, 0.230900452, 0.298569143,
          0.333473444, 0.333473444, 0.316124171, 0.272806972,
          0.060958337, 0.316124171, 0.316124171, 0.316124171,
          0.316124171, 0.288788646, 0.0823705122, 0.0990891084,
          0.00456820661, 0.283002198, 0.146629572, 0.294233561,
          0.240025952, 0.270609647 ]
      - [ 0.33630538, 0.3072671, 0.174018458, 0.33630538, 0.33630538,
          0.072949037, 0.136536732, 0.144759923, 0.0292352848,
          0.0478596389, 0.030556757, 0.176739588, 0.33630538, 0.33630538,
          0.33630538, 0.33630538, 0.335806251, 0.122819275, 0.199861676,
          0.14908205, 0.0609781928, 0.00747366063, 0., 0.0735716,
          0.304009199, 0.194876164, 0.335806251, 0.335806251,
          0.335806251, 0.335806251, 0.321262866, 0.335806251,
          0.180845931, 0.123372637, 0.322218031, 0.322218031,
          0.210684642, 0.322218031, 0.124371342, 0.322218031,
          0.322218031, 0.322218031, 0.0311295278, 0.104977146,
          0.200162441, 0.0796755627, 0.322218031, 0.322218031,
          0.384887695, 0.397844374, 0.397844374, 0.397844374,
          0.397844374, 0.228455618, 0.120736726, 0.14585571,
          0.0238197353, 0., 0., 0.0169629436, 0.0965754241, 0.0956610888,
          0.15829353, 0.286937833 ]
      - [ 0.382642746, 0.382642746, 0.382642746, 0.382642746,
          0.382642746, 0.0242809504, 0.0687848628, 0.0341768935,
          0.00353629584, 0., 0.0596814007, 0.0174742136, 0.0153926192,
          0.376144856, 0.210688055, 0.260038227, 0.329137415,
          0.274387062, 0.329137415, 0.329137415, 0.016307814,
          0.107471377, 0.106951632, 0.014906575, 0.143168569,
          0.0452942178, 0.0935194194, 0.329137415, 0.329137415,
          0.329137415, 0.329137415, 0.329137415, 0.406895071,
          0.406895071, 0.130388007, 0.196827024, 0.0779149532,
          0.0680919737, 0.00948379934, 0.0518424883, 0.12395224,
          0.222077534, 0.241878703, 0.11802911, 0.267453998, 0.406895071,
          0.236227989, 0.406895071, 0.324525684, 0.159224838,
          0.0362773389, 0.299443513, 0.235852793, 0.250044793,
          0.190865889, 0.24773474, 0.212557897, 0.113338389, 0.231648341,
          0.324525684, 0.324525684, 0.161861762, 0.324525684,
          0.324525684 ]
      - [ 0.0637175739, 0.0428722054, 0.195480451, 0.270900697,
          0.421043396, 0.421043396, 0.421043396, 0.358156651,
          0.146728292, 0.15010795, 0.0665295869, 0.281678021,
          0.0998440683, 0.0191497803, 0.139745235, 0.245953217,
          0.301406205, 0.167630553, 0.301406205, 0.301406205,
          0.301406205, 0.13329649, 0.0151008051, 0.258420885,
          0.301406205, 0.27283746, 0.203400284, 0.301406205, 0.1901429,
          0.257965595, 0.301406205, 0.172274634, 0.325808108,
          0.325808108, 0.257128537, 0.325808108, 0.158355609,
          0.00533437449, 0.104645468, 0.162249729, 0.0992747843,
          0.126887172, 0.140744239, 0.325808108, 0.325808108,
          0.325808108, 0.281829089, 0.325808108, 0.155746996,
          0.0281321481, 0.370123953, 0.370123953, 0.370123953,
          0.370123953, 0.370123953, 0.370123953, 0.13233687,
          0.0455920361, 0.113942198, 0.0407888964, 0.183966577,
          0.162702382, 0.127697513, 0.196067795 ]
      - [ 0.297698706, 0.132530272, 0.08988785, 0.178168088, 0.320582479,
          0.320582479, 0.320582479, 0.320582479, 0.164770201,
          0.194683358, 0.286449462, 0.320582479, 0.105854981,
          0.0554778911, 0.269737482, 0.320582479, 0.285430491,
          0.328950733, 0.328950733, 0.121867262, 0.0428384356,
          0.0277948864, 0.0367761105, 0.011893712, 0.160758972,
          0.208259761, 0.328950733, 0.328950733, 0.328950733,
          0.263844103, 0.328950733, 0.328950733, 0.328158826,
          0.273639947, 0.328158826, 0.328158826, 0.328158826,
          0.0407229327, 0.0192010626, 0.064592503, 0.155320987,
          0.0924233571, 0.207949236, 0.328158826, 0.328158826,
          0.287726074, 0.0559435077, 0.328158826, 0.295183331,
          0.295183331, 0.291248202, 0.295183331, 0.295183331,
          0.295183331, 0.228099287, 0.295183331, 0.182350799,
          0.0469363965, 0.0448022708, 0.207547784, 0.263164341,
          0.295183331, 0.255274594, 0.187894955 ]
      - [ 0.18835789, 0.318786889, 0.318786889, 0.318786889, 0.318786889,
          0.318786889, 0.0755547807, 0.318786889, 0.318786889,
          0.196881011, 0.027510507, 0.108609512, 0.201373681,
          0.219008699, 0.0528743677, 0.318786889, 0.363997459,
          0.125681341, 0.0121254083, 0.00408514589, 0.0128093222,
          0.263583094, 0.168794602, 0.0770991221, 0.046373643,
          0.0898287594, 0.363997459, 0.363997459, 0.363997459,
          0.266726881, 0.363997459, 0.363997459, 0.316127867,
          0.316127867, 0.285176605, 0.170489565, 0.13098602, 0.058586549,
          0.163452655, 0.172309756, 0.121606529, 0.132661849,
          0.316127867, 0.316127867, 0.278399855, 0.316127867,
          0.316127867, 0.316127867, 0.313529968, 0.313529968,
          0.313529968, 0.313529968, 0.313529968, 0.0777590871,
          0.104066424, 0.0508308075, 0.0400423221, 0.157262743,
          0.275153637, 0.0853378624, 0.313529968, 0.285782635,
          0.313529968, 0.313529968 ]
      - [ 0.221814603, 0.37711671, 0.416504234, 0.416504234, 0.416504234,
          0.416504234, 0.144351691, 0.0464884825, 0.150022492,
          0.0113324923, 0., 0., 0.202377051, 0.0250273682, 0.082748577,
          0.128271028, 0.197353184, 0.108910404, 0.246532708,
          0.170738041, 0.0760695189, 0.0324769989, 0.0181767568,
          0.0668113157, 0.134713307, 0.192275241, 0.439179152,
          0.439179152, 0.439179152, 0.439179152, 0.000163677352,
          0.128869221, 0.303664237, 0.210457802, 0.166052267,
          0.225101471, 0.206415981, 0.28511405, 0.126871124, 0.303664237,
          0.173411876, 0.0486414842, 0.303664237, 0.303664237,
          0.303664237, 0.237726405, 0.303664237, 0.303664237,
          0.346435159, 0.1133122, 0.0711413324, 0.25657621, 0.182557642,
          0.109725691, 0.190065682, 0.224412099, 0.22774227,
          0.0461357534, 0.169583544, 0.346435159, 0.346435159,
          0.346435159, 0.31323114, 0.346435159 ]
      - [ 0.358656764, 0.365978628, 0.365978628, 0.167753696,
          0.365978628, 0.0886225924, 0.106672183, 0.0719769001,
          0.0894178823, 0.00352745969, 0.0413293876, 0.0258036535,
          0.0336145498, 0.365978628, 0.365978628, 0.365978628,
          0.260221541, 0.252762973, 0.127592891, 0.203470141,
          0.0442824513, 0.289640337, 0.156660274, 0.0784624368,
          0.0610165074, 0.0819411576, 0.131881595, 0.364059567,
          0.364059567, 0.364059567, 0.364059567, 0.364059567,
          0.319924444, 0.319924444, 0.319924444, 0.235385403,
          0.319924444, 0.132053882, 0.0543124638, 0.0940218344,
          0.0959537476, 0.27924034, 0.319924444, 0.0290018134,
          0.073021397, 0.319924444, 0.319924444, 0.319924444,
          0.373098135, 0.373098135, 0.373098135, 0.373098135,
          0.118863426, 0.00654200744, 0.114668153, 0.307976663,
          0.186302587, 0.0213385038, 0.0551001541, 0., 0., 0.0262566656,
          0.373098135, 0.373098135 ]
      - [ 0.398825616, 0.398825616, 0.398825616, 0.398825616,
          0.195712894, 0.125113666, 0.000196252135, 0.037058305,
          0.0160240922, 0., 0., 0.0118412068, 0.194216654, 0.326385766,
          0.0270440243, 0.398825616, 0.358480811, 0.358480811,
          0.358480811, 0.358480811, 0.0276809651, 0.017096553,
          0.112106144, 0.128914461, 0.23002243, 0.346538454, 0., 0.,
          0.285750896, 0.262183398, 0.0154142985, 0.358480811,
          0.386561513, 0.204632059, 0.386561513, 0.0820893943, 0.,
          0.0499445684, 0.0376843326, 0.0812751725, 0.152020961,
          0.127377599, 0.0330279432, 0., 0.386561513, 0.386561513,
          0.386561513, 0.386561513, 0.387212873, 0.387212873,
          0.177843958, 0.387212873, 0.387212873, 0.387212873,
          0.062768504, 0.0848248675, 0.0380435959, 0.0030201464, 0., 0.,
          0.0606593415, 0.137756005, 0.17219846, 0.387212873 ]
      - [ 0.331256449, 0.331256449, 0.118864223, 0.331256449,
          0.331256449, 0.331256449, 0.0277390685, 0.2709378, 0.130840018,
          0.0671629906, 0.0164889675, 0.0243101586, 0.0896954089,
          0.331256449, 0.331256449, 0.331256449, 0.301483035,
          0.289738268, 0.301483035, 0.301483035, 0.0591039807,
          0.0207932144, 0.0313128605, 0.0874769017, 0.301483035,
          0.184905738, 0.301483035, 0.270021051, 0.257377535,
          0.301483035, 0.301483035, 0.301483035, 0.273247927,
          0.123525694, 0.121857531, 0.0113155488, 0.0608217381,
          0.0206742138, 0.0310791638, 0.0123890294, 0.107865825,
          0.0538194291, 0.217746422, 0.405919552, 0.405919552,
          0.405919552, 0.405919552, 0.405919552, 0.293723792,
          0.293723792, 0.0986261442, 0.293723792, 0.293723792,
          0.293723792, 0.172737807, 0.293723792, 0.0948587582,
          0.0478533357, 0.187328041, 0.293723792, 0.293723792,
          0.219960973, 0.293723792, 0.293723792 ]
      - [ 0.345803767, 0.345803767, 0.345803767, 0.345803767,
          0.345803767, 0.00608357321, 0.0196666196, 0.00505307922,
          8.50669094e-05, 0., 0., 0.184916168, 0.345803767, 0.345803767,
          0.072523877, 0.345803767, 0.371641159, 0.244895339,
          0.273484439, 0.233415172, 0.000864648668, 0., 0.,
          0.00264934916, 0.0925135836, 0.095287025, 0., 0.314332634,
          0.371641159, 0.371641159, 0.371641159, 0.371641159,
          0.331829965, 0.174411044, 0.221820384, 0.331829965,
          0.331829965, 0.331829965, 0.331829965, 0.331829965,
          0.331829965, 0.092670843, 0.0761044919, 0.0639441758,
          0.0993283615, 0.0821761638, 0.0329283141, 0.331829965,
          0.345430255, 0.042420011, 0.345430255, 0.345430255,
          0.345430255, 0.188876897, 0.151842251, 0.170423731,
          0.0556455031, 0.0847887918, 0.0714363679, 0.0442844294,
          0.324363261, 0.345430255, 0.261688143, 0.345430255 ]
      - [ 0.127748147, 0.248245671, 0.358219504, 0.358219504,
          0.358219504, 0.358219504, 0.358219504, 0.329431385, 0.20365639,
          0.0446107574, 0.0840269923, 0.0834299996, 0.0497449264,
          0.214908347, 0.170300916, 0.182194188, 0.0792877674,
          0.022188887, 0.00281264144, 0.0424880423, 0.0157240313,
          0.00975716114, 0.0260916706, 0.0285564829, 0.0314852148,
          0.0813879371, 0.0335778408, 0.390904129, 0.453731269,
          0.453731269, 0.453731269, 0.453731269, 0.0721736178,
          0.170464173, 0., 0.453773737, 0.453773737, 0.453773737,
          0.31283471, 0.361914158, 0.236278415, 0.0574559197,
          0.0196790453, 0.184259638, 0.0941475928, 0.0670379177,
          0.0377912037, 0.0797973871, 0.341291219, 0.341291219,
          0.0824272186, 0.00690709474, 0.341291219, 0.0660180151,
          0.202656627, 0.233263314, 0.264420748, 0.270030886,
          0.0774717629, 0.341291219, 0.341291219, 0.232307479,
          0.128258169, 0.297079057 ]
      - [ 0.302951723, 0.302951723, 0.302951723, 0.0038043072,
          0.0917067006, 0.302951723, 0.302951723, 0.302951723,
          0.302951723, 0.302951723, 0.126682296, 0.165584832,
          0.302951723, 0.302951723, 0.0738840923, 0.147733405,
          0.310466856, 0.309776813, 0.310466856, 0.310466856,
          0.133512408, 0.0071959612, 0.00773906196, 0.0350179784,
          0.0562980622, 0.257530183, 0.310466856, 0.310466856,
          0.310466856, 0.310466856, 0.310466856, 0.202889517,
          0.321849912, 0.266924858, 0.321849912, 0.321849912,
          0.0088837482, 0.0511356592, 0.0276864003, 0.0759786516,
          0.143013984, 0.170447588, 0.321849912, 0.321849912,
          0.309773356, 0.321849912, 0.213835821, 0.321849912,
          0.326393962, 0.120870553, 0.326393962, 0.179485023,
          0.326393962, 0.326393962, 0.0783775672, 0.133216739,
          0.214397579, 0.112217858, 0.0809131339, 0.093027018,
          0.326393962, 0.326393962, 0.326393962, 0.326393962 ]
      - [ 0.308761656, 0.308761656, 0.308761656, 0.308761656,
          0.308761656, 0.308761656, 0.278851748, 0.0659693256,
          0.0659693256, 0., 0., 0.00930516981, 0.308761656, 0.228827611,
          0.308761656, 0.308761656, 0.342095315, 0.0475322641, 0.,
          0.00321644661, 0.0261890162, 0., 0., 0.0170646124,
          0.0170646124, 0., 0.044941172, 0.203268707, 0.4559443,
          0.4559443, 0.4559443, 0.4559443, 0.392511815, 0.105668761,
          0.155815035, 0.0727560073, 0.0645919964, 0.0389820226, 0.,
          0.0175630376, 0.105509378, 0.199903458, 0.169796452,
          0.392511815, 0.392511815, 0.392511815, 0.392511815, 0.31478399,
          0.413713127, 0.413713127, 0.413713127, 0.261531889,
          0.0987078547, 0.00901319645, 0., 0.0952721462, 0.143644601,
          0.147318095, 0.0804986432, 0., 0.0426182151, 0.0462760888,
          0.413713127, 0.413713127 ]
      - [ 0.412692308, 0.412692308, 0.32941252, 0.412692308, 0.412692308,
          0.406941205, 0.0739549845, 0.116506092, 0.0492835268, 0., 0.,
          0.0562701859, 0.056421373, 0., 0.0652253702, 0.0918035284,
          0.364844531, 0.20346266, 0.169056237, 0.0977842584,
          0.0556937903, 0.0389806814, 0.0207514372, 0.0454190224,
          0.0331821106, 0.140618101, 0.300262481, 0.364844531,
          0.364844531, 0.364844531, 0.364844531, 0.364844531, 0.32798475,
          0.145100415, 0.32798475, 0.32798475, 0.202965766, 0.26460591,
          0.111343928, 0.105570845, 0.246473223, 0.150362372,
          0.103207171, 0.32798475, 0.32798475, 0.155058801, 0.278240681,
          0.32798475, 0.348917067, 0.31715405, 0.348917067, 0.348917067,
          0.348917067, 0.348917067, 0.10272029, 0.0912571475,
          0.0937073827, 0.023093557, 0.0699926615, 0.110145971,
          0.238665745, 0.0900264904, 0.238234341, 0.346648306 ]
      - [ 0.339685619, 0.339685619, 0.339685619, 0.339685619,
          0.339685619, 0.339685619, 0.120097399, 0.0684919879,
          0.0304925852, 0.105096608, 0.0652865395, 0.113589749,
          0.152402222, 0.339685619, 0.0451059937, 0.339685619,
          0.279603153, 0.32338053, 0.32338053, 0.32338053, 0.189730525,
          0.0577034391, 0.0283974856, 0.107936613, 0.292965919,
          0.0716011897, 0.180699199, 0.32338053, 0.32338053, 0.32338053,
          0.32338053, 0.105707504, 0.118585572, 0.305316061, 0.120794259,
          0.0194767192, 0.0773760676, 0.0938530564, 0.217312902,
          0.305316061, 0.305316061, 0.305316061, 0.305316061,
          0.305316061, 0.258717179, 0.305316061, 0.305316061,
          0.305316061, 0.2776739, 0.223291785, 0.286612868, 0.320403546,
          0.320403546, 0.320403546, 0.259545624, 0.24178189,
          0.0313662924, 0.0228620842, 0.0867925212, 0.253733397,
          0.116189197, 0.312649965, 0.271485865, 0.309058815 ]
      - [ 0.199532881, 0.0086358469, 0.0457855463, 0.262766302,
          0.32689032, 0.32689032, 0.321958691, 0.0627172515, 0.308482021,
          0.307565957, 0.154455945, 0.32689032, 0.32689032, 0.110521108,
          0.134150833, 0.32689032, 0.3414689, 0.3414689, 0.3414689,
          0.316817611, 0.109759577, 0.00456318771, 0., 0.026218595,
          0.0430419035, 0.107303202, 0.214726463, 0.3414689, 0.3414689,
          0.3414689, 0.0881951153, 0.3414689, 0.270995677, 0.0786413029,
          0.0310392808, 0.300341189, 0.383541793, 0.383541793,
          0.0638779849, 0.325534403, 0.298909634, 0.383541793,
          0.0037406534, 0.0304854997, 0.344495922, 0.0593299717,
          0.0297492854, 0.246248394, 0.354805857, 0.354805857,
          0.348614097, 0.354805857, 0.348419785, 0.264805704,
          0.0689602867, 0.0896815881, 0.0663925111, 0., 0.0104425456,
          0.00569684617, 0.0570116788, 0.182676911, 0.354805857,
          0.354805857 ]
      - [ 0.283917695, 0.200081751, 0.153171003, 0.017982075,
          0.385388106, 0.385388106, 0.385388106, 0.385388106,
          0.311485589, 0.327123702, 0.11599493, 0.117677234,
          0.0847360045, 0.136781693, 0.0152524551, 0.0130074825,
          0.315296024, 0.315296024, 0.315296024, 0.315296024,
          0.241238102, 0.208866537, 0.00350451772, 0.0119906981,
          0.0547629856, 0.315296024, 0.315296024, 0.199001014,
          0.315296024, 0.192219988, 0.141530171, 0.315296024,
          0.0903952643, 0.082793951, 0.17143932, 0.264581412,
          0.255592287, 0.0488935746, 0.0204881504, 0.207680434,
          0.362362236, 0.362362236, 0.311556935, 0.362362236, 0.32234183,
          0.362362236, 0.206880465, 0.0411424078, 0.323329628,
          0.323329628, 0.323329628, 0.323329628, 0.293883592,
          0.323329628, 0.315860748, 0.171105832, 0.0277734771, 0.,
          0.0161169469, 0.0297904648, 0.147632882, 0.160773948,
          0.323329628, 0.323329628 ]
      - [ 0.186376154, 0.110273913, 0.430729985, 0.430951357,
          0.430951357, 0.430951357, 0.359782964, 0.241100833,
          0.0734692514, 0.045262184, 0.0665913671, 0.0569126233,
          0.0342672542, 0.0361938477, 0., 0.0305901859, 0.313411862,
          0.172638729, 0.0376658328, 0.0458060317, 0.0321692899,
          0.0290378481, 0.0783398822, 0.312432081, 0.268518656,
          0.313411862, 0.313411862, 0.313411862, 0.313411862,
          0.313411862, 0.313411862, 0.313411862, 0.149264991,
          0.123240709, 0.290893108, 0.290893108, 0.290893108,
          0.290893108, 0.258950263, 0.290893108, 0.246898025,
          0.232393861, 0.258373052, 0.290893108, 0.290893108,
          0.176961184, 0.286878735, 0.0700082853, 0.35497424,
          0.242292896, 0.35497424, 0.35497424, 0.35497424, 0.35497424,
          0.148649216, 0.124067985, 0.0743483081, 0.108085096,
          0.163215831, 0.250174493, 0.05945329, 0.106332414, 0.248884469,
          0.294963092 ]
      - [ 0.361715525, 0.361715525, 0.361715525, 0.361715525,
          0.361715525, 0.172229975, 0.199547961, 0.361715525,
          0.264249891, 0.0985419452, 0.100166366, 0.181099743,
          0.0563684963, 0.00998454541, 0., 0.127392143, 0.36607042,
          0.0442309491, 0.10635218, 0.113643363, 0.0696583316,
          0.0813389346, 0.0273753442, 0.143773362, 0.163112894,
          0.126547903, 0.301009268, 0.36607042, 0.36607042, 0.36607042,
          0.36607042, 0.36607042, 0.321378559, 0.0193231143, 0.184312344,
          0.321378559, 0.159013912, 0.148426175, 0.0829477385,
          0.154408649, 0.209401727, 0.197356701, 0.280389786,
          0.321378559, 0.321378559, 0.321378559, 0.321378559,
          0.321378559, 0.126835197, 0.0309109166, 0.479390919,
          0.51714015, 0.51714015, 0.435204446, 0.0791590065,
          0.0514609218, 0.0206820965, 0.0287176799, 0.00440067984,
          0.0120935263, 0.0443205237, 0.0374143422, 0.00301212864,
          0.100003108 ]
      - [ 0.428539544, 0.24464862, 0.476335287, 0.476335287, 0.476335287,
          0.0951572359, 0.148624167, 0.0409301333, 0.00185893662, 0.,
          0.00223485613, 0.0149872424, 0.0185864344, 0.041225642,
          0.123172469, 0.144181699, 0.372193724, 0.372193724,
          0.0317896307, 0.0454737954, 0.0261725057, 0.00603216095,
          0.00905116554, 0.0822128356, 0.0350712128, 0., 0.121299662,
          0.372193724, 0.372193724, 0.372193724, 0.372193724,
          0.372193724, 0.351383358, 0.351383358, 0.114043668,
          0.164625257, 0.351383358, 0.272522002, 0.114224941,
          0.0558114387, 0.106140889, 0.0515578091, 0.187787205,
          0.257476002, 0.351383358, 0.351383358, 0.350177974,
          0.102437422, 0.351542443, 0.351542443, 0.351542443,
          0.351542443, 0.284454823, 0.176329568, 0.127456322,
          0.0705794692, 0.0764289722, 0.0451107286, 0.0563606694,
          0.118646927, 0.208505571, 0.325689793, 0.265829861,
          0.351542443 ]
      - [ 0.089110069, 0.109768093, 0.334577054, 0.334577054,
          0.334577054, 0.334577054, 0.334577054, 0.334577054,
          0.0812203586, 0.193610638, 0.28652662, 0.213604778,
          0.223158166, 0.227293059, 0.151506677, 0.0937789306,
          0.332771569, 0.128129303, 0.332771569, 0.332771569,
          0.332771569, 0.0162339378, 0.0192114003, 0.0967113003,
          0.242124021, 0.0509010665, 0.289790511, 0.237230971,
          0.332771569, 0.233723119, 0.223051637, 0.332771569,
          0.0985574201, 0.298051059, 0.0826056898, 0., 0., 0.125293091,
          0.362659752, 0.362659752, 0.362659752, 0.362659752,
          0.362659752, 0.362659752, 0., 0.0191214625, 0.258545071,
          0.137705997, 0.302407831, 0.0786299706, 0.393924624,
          0.393924624, 0.393924624, 0.187775329, 0.148499563,
          0.130920857, 0.0602857806, 0.008006908, 0.110876717,
          0.189118102, 0.276025772, 0.184877753, 0.202843443,
          0.393924624 ]
      - [ 0.33767879, 0.318273127, 0.33767879, 0.273359925, 0.263028383,
          0.0288991816, 0.334400564, 0.322325975, 0.185236365,
          0.00642662682, 0.0766851306, 0.192010686, 0.33767879,
          0.0395049378, 0.00973201636, 0.33767879, 0.336041063,
          0.336041063, 0.336041063, 0.336041063, 0.123985559,
          0.00954689644, 0.0067379917, 0.04762749, 0.103435479,
          0.108105324, 0.143733472, 0.336041063, 0.232560188,
          0.336041063, 0.302110434, 0.336041063, 0.397571415,
          0.240313545, 0.15056704, 0.169702232, 0.0897674486,
          0.0575016588, 0.02101692, 0.0934338048, 0.131775245,
          0.200193465, 0.397571415, 0.126618356, 0.397571415,
          0.397571415, 0.0498255603, 0.397571415, 0.425239325,
          0.425239325, 0.425239325, 0.32973218, 0.250122279,
          0.0319698192, 0., 0.0625515729, 0.0517444909, 0., 0.0175159555,
          0.0021527675, 0.191664159, 0.0906025842, 0.219741002,
          0.425239325 ]
      - [ 0.361204863, 0.361204863, 0.361204863, 0.361204863,
          0.204505607, 0.0869142413, 0., 0.00513467798, 0.00513467798,
          0., 0., 0.016496338, 0.265487641, 0.305601478, 0.361204863,
          0.361204863, 0.310425073, 0.310425073, 0.310425073,
          0.100844488, 0.0509947836, 0.0168237928, 0.0806177109,
          0.0448377468, 0.232702151, 0.310425073, 0.310425073,
          0.310425073, 0.310425073, 0.232188672, 0.310425073,
          0.310425073, 0.33058086, 0.236372545, 0.33058086, 0.208120912,
          0.194959655, 0.33058086, 0.33058086, 0.33058086, 0.33058086,
          0.0751651451, 0.0366983004, 0.128842339, 0.223141551,
          0.0218740795, 0.143694356, 0.33058086, 0.297046125,
          0.297046125, 0.297046125, 0.297046125, 0.297046125,
          0.297046125, 0.297046125, 0.292520285, 0.0549256839, 0.,
          0.00850758329, 0.0626961365, 0.297046125, 0.148592502,
          0.297046125, 0.297046125 ]
      - [ 0.319752246, 0.194115445, 0.39100787, 0.39100787, 0.39100787,
          0.39100787, 0.315403312, 0.212659627, 0.0937493891,
          0.00475294469, 0.0195794124, 0.0509171896, 0.0629389435,
          0.178297356, 0.134610116, 0.185097143, 0.332734585,
          0.332734585, 0.185878769, 0.204380214, 0.0808768645,
          0.063535817, 0.0246781185, 0.103469789, 0.170128569,
          0.0813476965, 0.332734585, 0.332734585, 0.332734585,
          0.296501517, 0.332734585, 0.332734585, 0.155005977,
          0.294148117, 0.107163958, 0.0739530697, 0.0215845127,
          0.00481471512, 0.0415788703, 0.084701702, 0.0899456963,
          0.155531868, 0.400273293, 0.400273293, 0.400273293,
          0.400273293, 0.160411537, 0.400273293, 0.217856541,
          0.341855347, 0.341855347, 0.341855347, 0.341855347,
          0.341855347, 0.213814005, 0.129397124, 0.110112287,
          0.0547457412, 0.0506264605, 0., 0.121291801, 0.252448946,
          0.341855347, 0.298906982 ]
      - [ 0.159458667, 0.0139920227, 0.0416934229, 0.250752717,
          0.192859799, 0.139851123, 0.049449902, 0.340664715,
          0.340664715, 0.340664715, 0.340664715, 0.340664715,
          0.282871932, 0.340664715, 0.233307555, 0.128047094,
          0.382609814, 0.382609814, 0.346843332, 0.126602605,
          0.000771872408, 0., 0., 0.000216039844, 0.000216039844,
          0.00200890331, 0.144790918, 0.251692683, 0.208757058,
          0.382609814, 0.382609814, 0.382609814, 0.31693989, 0.213735908,
          0.31693989, 0.31693989, 0.247434959, 0.0461133942, 0.19386442,
          0.239155263, 0.31693989, 0.00280180294, 0.31693989, 0.31693989,
          0.20814693, 0.308624893, 0.0635908321, 0.218379095,
          0.362986863, 0.362986863, 0.362986863, 0.362986863,
          0.362986863, 0.0684293061, 0.0331858173, 0.00834514108,
          0.0520049855, 0.0356679074, 0.0608383976, 0.14710401,
          0.0603443123, 0.206956729, 0.352381825, 0.362986863 ]
      - [ 0.280617356, 0.374536783, 0.345126241, 0.374536783,
          0.374536783, 0.374536783, 0.247620463, 0.0381965823,
          0.0467461683, 0.0248010997, 0.0244508367, 0.031430617,
          0.128529385, 0.0804214254, 0.0828413367, 0.374536783,
          0.425774246, 0.361134499, 0.0379617736, 0.0149259027, 0.,
          0.0193143114, 0.0105556315, 0.00386619009, 0.0132616218,
          0.0188669786, 0.0720738992, 0.24206543, 0.319511503,
          0.391030043, 0.425774246, 0.425774246, 0.29742229, 0.29742229,
          0.29742229, 0.29742229, 0.0614335686, 0.0249869674,
          0.0514024235, 0.29742229, 0.218965426, 0.238352016,
          0.252707988, 0.29742229, 0.29742229, 0.220185265, 0.29742229,
          0.255356342, 0.379559249, 0.379559249, 0.379559249,
          0.379559249, 0.129922748, 0.0957528278, 0.0290594436,
          0.0752799585, 0.101323485, 0.0226521362, 0., 0., 0.178124368,
          0.238219857, 0.379559249, 0.379559249 ]
      - [ 0.365966469, 0.352240831, 0.365966469, 0.228796959,
          0.185709089, 0.265465379, 0.0199512579, 0.203923464,
          0.0324664749, 0., 0.0411368422, 0.00622045062, 0.0231772438,
          0.365966469, 0.365966469, 0.365966469, 0.491854668,
          0.0467117727, 0.0111191506, 0.00381740741, 0.0275364928,
          0.0378183872, 0.033129096, 0.012993617, 0.0199971721, 0., 0.,
          0., 0.14569971, 0.491854668, 0.491854668, 0.491854668,
          0.342874587, 0.342874587, 0.0579059981, 0.0338498242,
          0.244330853, 0.036513783, 0.0924296305, 0.0923115835,
          0.143462181, 0.226563796, 0.342874587, 0.342874587,
          0.342874587, 0.342874587, 0.138298407, 0.342874587,
          0.434235662, 0.434235662, 0.434235662, 0.100744806,
          0.126726016, 0.137876585, 0.0188864656, 0.0476175696,
          0.0710272267, 0.0670255125, 0.0553246103, 0., 0.0271906219,
          0.331649333, 0.265043646, 0.434235662 ]
      - [ 0.397834271, 0.328914434, 0.397834271, 0.397834271,
          0.397834271, 0.0993511155, 0.141300127, 0.0430578962,
          0.00718317414, 0.0403836556, 0.00944569707, 0.0452101454,
          0.223969877, 0.0891903192, 0.0534510389, 0.397834271,
          0.336553276, 0.16052863, 0.336553276, 0.0728892535,
          0.152441725, 0.172588646, 0.0305943247, 0.0301120747,
          0.0301120747, 0.0602930821, 0.336553276, 0.336553276,
          0.336553276, 0.336553276, 0.336553276, 0.336553276,
          0.325279444, 0.156211182, 0.325279444, 0.325279444,
          0.0643194094, 0.112257786, 0.0657046139, 0.0459495634,
          0.150542587, 0.285451084, 0.144946381, 0.318520099,
          0.325279444, 0.325279444, 0.296193391, 0.325279444, 0.41648227,
          0.41648227, 0.348282427, 0.41648227, 0.301820457, 0.187062547,
          0.00526263379, 0.10775397, 0.111104712, 0., 0.0190810598,
          0.15564765, 0.242133707, 0.109294318, 0.226283908, 0.240264341 ]
      - [ 0.37899667, 0.310158283, 0.37899667, 0.37899667, 0.37899667,
          0.082777597, 0.14117983, 0.0162676666, 0.00350002339, 0., 0.,
          0., 0., 0.114050731, 0.376503497, 0.37899667, 0.39156267,
          0.39156267, 0.264082134, 0.0300244056, 0., 0., 0., 0.041494336,
          0.041494336, 0.0319268219, 0.138233691, 0.173048213,
          0.380702347, 0.33720991, 0.39156267, 0.39156267, 0.370964408,
          0.260261029, 0.148764879, 0.024144046, 0.0603325889,
          0.0397887081, 0.10100615, 0.155812159, 0.0822456107,
          0.0728481859, 0.304896057, 0.270250618, 0.370964408,
          0.370964408, 0.370964408, 0.370964408, 0.351605177,
          0.339454174, 0.351605177, 0.147048801, 0.247671947,
          0.0548427813, 0.0795871988, 0.111156203, 0.175654963,
          0.0570832305, 0.026928477, 0., 0.351605177, 0.351605177,
          0.351605177, 0.351605177 ]
      - [ 0.342738271, 0.327292055, 0.297045499, 0.186949477,
          0.355097711, 0.355097711, 0.355097711, 0.355097711,
          0.0430849679, 0., 0., 0., 0., 0.122672379, 0.0360531881,
          0.355097711, 0.373029679, 0.26155895, 0., 0., 0., 0.,
          0.0336824432, 0.025357075, 0.123997971, 0.34627682,
          0.278893352, 0.131386116, 0.373029679, 0.373029679,
          0.373029679, 0.373029679, 0.458150476, 0.458150476,
          0.458150476, 0.1537617, 0.109557278, 0.036648199, 0.0494828932,
          0.0823673606, 0.164519161, 0., 0.0526961945, 0.118740961,
          0.24182111, 0.0116225267, 0.0839016065, 0.458150476,
          0.347760588, 0.259877175, 0.347760588, 0.347760588,
          0.0958854035, 0.0202436112, 0.243729159, 0.147510976,
          0.124347463, 0.00782283209, 0.00572357792, 0.195890129,
          0.347760588, 0.242215544, 0.347760588, 0.347760588 ]
      - [ 0.319352359, 0.319352359, 0.319352359, 0.161011234,
          0.319352359, 0.319352359, 0.319352359, 0.101276599,
          0.102399781, 0.0259593464, 0.0141910063, 0.168373004,
          0.319352359, 0.0551686399, 0.319352359, 0.319352359,
          0.383283168, 0.383283168, 0.117506526, 0.259833843,
          0.0376944803, 0.00569972675, 0.0106838048, 0.136139154,
          0.101328976, 0.0597001687, 0.141570345, 0.383283168,
          0.345319629, 0.0842540935, 0.383283168, 0.383283168,
          0.343652934, 0.343652934, 0.343652934, 0.0849662572,
          0.00678914366, 0.0155313173, 0.0124299489, 0.0419481136,
          0.26908201, 0.343652934, 0.255971819, 0.166416436, 0.334194899,
          0.0354177728, 0.343652934, 0.343652934, 0.413754761,
          0.413754761, 0.413754761, 0.413754761, 0.281440824,
          0.133002207, 0.000669420871, 0.0417136736, 0.0314814821,
          0.00980991405, 0.0019266184, 0., 0.0875316858, 0.13698481,
          0.117239766, 0.413754761 ]
      - [ 0.345466495, 0.345466495, 0.345466495, 0.345466495,
          0.345466495, 0.306478113, 0.345466495, 0.203743994,
          0.148387477, 0.000520124566, 0.00333748618, 0.00112442696, 0.,
          0., 0.060387902, 0.345466495, 0.182825282, 0.170776039,
          0.00849999767, 0.00561149698, 0.0149181709, 0.00217505335,
          0.028790094, 0.0278790668, 0.110787407, 0.134609804,
          0.411419302, 0.233753026, 0.411419302, 0.411419302,
          0.411419302, 0.411419302, 0.178513333, 0.122631021,
          0.347284645, 0.0641422421, 0.305810928, 0.33460921,
          0.347284645, 0.347284645, 0.347284645, 0.142706931,
          0.340453923, 0.152140945, 0.0105200848, 0.0339712836,
          0.0146348048, 0.310967147, 0.324429393, 0.324429393,
          0.324429393, 0.165825516, 0.324429393, 0.143234804,
          0.324429393, 0.281220317, 0.244259313, 0.0826262012,
          0.0636709332, 0.102898531, 0.201940164, 0.31585899,
          0.128272772, 0.324429393 ]
      - [ 0.339233756, 0.287010133, 0.339233756, 0.339233756,
          0.339233756, 0.339233756, 0.339233756, 0.304082394,
          0.083652325, 0.0165597945, 0.0495092943, 0.100806326,
          0.124651827, 0.0984743834, 0.0296051577, 0.292054117,
          0.34701702, 0.266966373, 0.34701702, 0.34701702, 0.34701702,
          0.34701702, 0.105882466, 0.1319374, 0.338317454, 0.0518230833,
          0.070385769, 0.0645960867, 0.151214436, 0.0567845367,
          0.147502303, 0.34701702, 0.2723943, 0.0984748602, 0.161472276,
          0.23027131, 0.0937777907, 0.020448966, 0.0391522385,
          0.123954892, 0.255670667, 0.418925583, 0.418925583,
          0.418925583, 0.418925583, 0.0305970032, 0.134839118,
          0.142235607, 0.124495536, 0.0491492786, 0.156655416,
          0.12418659, 0.0638431758, 0.0354381911, 0.00986553449,
          0.213365182, 0.302638233, 0.087001048, 0.00675268052,
          0.237699762, 0.427548647, 0.427548647, 0.427548647,
          0.427548647 ]
      - [ 0.11119274, 0.087415874, 0.200740919, 0.419302076, 0.419302076,
          0.419302076, 0.371613115, 0.419302076, 0.234487832,
          0.0639903918, 0.0782095417, 0.073539257, 0.0200759321,
          0.0443234518, 0.0782500133, 0.122723132, 0.323830545,
          0.323830545, 0.276820511, 0.323830545, 0.323830545,
          0.109908052, 0.0635409802, 0.265612811, 0.293075413,
          0.323830545, 0.259730726, 0.0793242157, 0.191731498,
          0.258350134, 0.192387313, 0.0947205275, 0.211863801,
          0.119513221, 0.10380958, 0.0865949914, 0.0338833407,
          0.0943543464, 0.0663206503, 0.0922520533, 0.370446086,
          0.245220914, 0.370446086, 0.370446086, 0.370446086,
          0.370446086, 0.370446086, 0.111262448, 0.232530147,
          0.341499746, 0.341499746, 0.341499746, 0.341499746,
          0.204871476, 0.320361167, 0.142052293, 0.123913594,
          0.038898211, 0.0807670802, 0.107306503, 0.341499746,
          0.282259136, 0.192261875, 0.207567647 ]
      - [ 0.433400929, 0.130237699, 0.433400929, 0.433400929,
          0.433400929, 0.222156659, 0.210971996, 0.0358569175,
          0.0475763828, 0.0328065455, 0.0510087162, 0.0504623987,
          0.190558419, 0.141139418, 0.102084599, 0.238898888,
          0.333429605, 0.333429605, 0.333429605, 0.333429605,
          0.200511917, 0.00378251821, 0.000607994909, 0.112026542,
          0.145412222, 0.0145455329, 0.133728966, 0.333429605,
          0.333429605, 0.194229394, 0.333429605, 0.297836781,
          0.387014121, 0.0294709392, 0., 0., 0.00267112139,
          0.000181965312, 0.0339358151, 0.0660365894, 0.100143552,
          0.330043107, 0.372104317, 0.248536989, 0.267275959,
          0.387014121, 0.387014121, 0.387014121, 0.348095566,
          0.348095566, 0.348095566, 0.348095566, 0.306910306,
          0.133605018, 0.118049085, 0.115999974, 0.107920796,
          0.0191147439, 0.00325305923, 0.000357385055, 0.0423777066,
          0.340946168, 0.348095566, 0.348095566 ]
      - [ 0.414099663, 0.175338984, 0.394794017, 0.414099663,
          0.414099663, 0.406553626, 0.196632549, 0.0633844361,
          0.0869426653, 0.0257927943, 0.122789763, 0.120823152,
          0.0222707689, 0.0587903298, 0.0836779103, 0.194934994,
          0.367469043, 0.023193555, 0., 0.367469043, 0.339942664,
          0.0420892239, 0.0693670288, 0.110317424, 0.222006887,
          0.27398017, 0.143391937, 0.367469043, 0.367469043,
          0.0959790573, 0.179397836, 0.367469043, 0.31154269,
          0.113168009, 0.16982913, 0.307333827, 0.277473927,
          0.0846602842, 0.0780500695, 0.149050191, 0.244826898,
          0.28961581, 0.233367726, 0.285082012, 0.31154269, 0.31154269,
          0.283781558, 0.31154269, 0.26929915, 0.311321884, 0.177070528,
          0.353530616, 0.353530616, 0.353530616, 0.146353632,
          0.165562198, 0.102246709, 0., 0.00326779485, 0.191461235,
          0.280017704, 0.289905936, 0.265850902, 0.302711338 ]
      - [ 0.28980118, 0.36144352, 0.36144352, 0.36144352, 0.36144352,
          0.36144352, 0.175973281, 0.103142172, 0.0444890559, 0., 0.,
          0.0912103206, 0.259632558, 0.212598726, 0.223385602,
          0.211624771, 0.34695968, 0.34695968, 0.260051042, 0.34695968,
          0.34695968, 0., 0.0262163337, 0.142229274, 0.102404319,
          0.0166149437, 0.0127856284, 0.34695968, 0.204739571,
          0.34695968, 0.111708418, 0.34695968, 0.151298657, 0.384559482,
          0.221060723, 0.0139131416, 0., 0.0398337655, 0.110758953,
          0.1435408, 0.0532235987, 0.0424336828, 0.17453146, 0.339444488,
          0.384559482, 0.384559482, 0.384559482, 0.384559482,
          0.386429787, 0.386429787, 0.386429787, 0.017250251,
          0.209147364, 0.0978383645, 0.0033274733, 0.145910412,
          0.117537215, 0.0666390732, 0.0577580854, 0.0139727658,
          0.0589157715, 0.386429787, 0.386429787, 0.386429787 ]
      - [ 0.017713733, 0.113189973, 0.445373029, 0.445373029,
          0.445373029, 0.445373029, 0.174209192, 0.374077022,
          0.124447092, 0.0216420926, 0., 0., 0., 0.00224274443,
          0.0368095674, 0.0374052525, 0.0970205888, 0.148867533,
          0.118822798, 0.0838867351, 0.108067304, 0.0623367988,
          0.100290246, 0.0934984684, 0.349254251, 0.349254251,
          0.235723957, 0.349254251, 0.349254251, 0.349254251,
          0.349254251, 0.349254251, 0.114652082, 0.0129526267,
          0.0553171262, 0.306504637, 0.34189406, 0.173590362,
          0.0570511147, 0.221683681, 0.34189406, 0.13437061, 0.181412712,
          0.34189406, 0.34189406, 0.226757035, 0.34189406, 0.34189406,
          0.122465104, 0.0450077541, 0.190846771, 0.554329395,
          0.554329395, 0.477002561, 0.229589015, 0.194505692,
          0.0688550994, 0.00593189569, 0.0014659859, 0.0418795869,
          0.0102327699, 0.0229686089, 0.00833755266, 0.0338724479 ]
      - [ 0.342908591, 0.373357654, 0.373357654, 0.373357654,
          0.264365971, 0.101794496, 0.0994835123, 0., 0., 0., 0.,
          0.045764789, 0.131358176, 0.272817194, 0.370368391,
          0.373357654, 0.378270954, 0.320601612, 0.330890477,
          0.0706803128, 0., 0.00134432735, 0.0752576441, 0.00511649065,
          0.169601321, 0.0509372465, 0.0168686453, 0.378270954,
          0.378270954, 0.378270954, 0.161775663, 0.378270954,
          0.410797447, 0.351428211, 0.143824443, 0.175745323,
          0.0846570358, 0.0122415721, 0.0265010428, 0.101570792,
          0.10651058, 0.0961672217, 0.122626543, 0.042257674,
          0.410797447, 0.324362367, 0.391914368, 0.410797447,
          0.311825544, 0.311825544, 0.294023663, 0.311825544,
          0.311825544, 0.247443229, 0.122735783, 0.171496764,
          0.0785119087, 0.10305284, 0.0821942389, 0.0575302467,
          0.311825544, 0.311825544, 0.311825544, 0.311825544 ]
      - [ 0.193780407, 0.0896027386, 0.125180021, 0.639877081,
          0.639877081, 0.309937358, 0., 0.104776792, 0.0800094083,
          0.00515749352, 0., 0., 0., 0., 0., 0.00301801343, 0.360985011,
          0.0664292723, 0.0562102348, 0.037843734, 0.1141036,
          0.0328899659, 0.0816289634, 0.360985011, 0.360985011,
          0.329901397, 0.0663022622, 0.346221358, 0.272019833,
          0.0893216059, 0.360985011, 0.360985011, 0.324041158,
          0.314514518, 0.324041158, 0.324041158, 0.120383278,
          0.0351304449, 0.020189207, 0.324041158, 0.324041158,
          0.324041158, 0.181165099, 0.324041158, 0.0941631049, 0., 0.,
          0.324041158, 0.395049393, 0.343691856, 0.141697675,
          0.0249888729, 0., 0.00041778633, 0.00209538359, 0., 0., 0., 0.,
          0.277311891, 0.395049393, 0.395049393, 0.395049393,
          0.395049393 ]
      - [ 0.37915644, 0.37915644, 0.194853783, 0.37915644, 0.37915644,
          0.178010121, 0.110844061, 0.342958272, 0.12005797,
          0.0194781125, 0.00339175854, 0.0314881727, 0.19409585,
          0.134814352, 0.0787858665, 0.37915644, 0.474915981,
          0.474915981, 0.474915981, 0.0648151487, 0., 0., 0.0854087099,
          0.0369996652, 0.080657497, 0.0764003322, 0.0296313185,
          0.144441023, 0.0703374296, 0.116144717, 0.221751899,
          0.451731831, 0.163472325, 0.0288659446, 0.220194474,
          0.192233175, 0.055417195, 0., 0.0215284154, 0.216678172,
          0.370611221, 0.0796063244, 0.0486245826, 0.370611221,
          0.370611221, 0.370611221, 0.370611221, 0.370611221,
          0.447539151, 0.447539151, 0.447539151, 0.412792891,
          0.0847362652, 0.0801432952, 0.0154015487, 0., 0., 0., 0.,
          0.00145063887, 0.0515979454, 0.0561483614, 0.0656423941,
          0.447539151 ]
      - [ 0.334721357, 0.274978787, 0.332158774, 0.08558245, 0.334721357,
          0.334721357, 0., 0.334721357, 0.25570634, 0.0343211964,
          0.00631270325, 0.147259325, 0.234097183, 0.24042058,
          0.334721357, 0.205679849, 0.488934249, 0.488934249,
          0.488934249, 0.0794147179, 0., 0., 0.0640431419, 0.0760471448,
          0.0900671184, 0.0222629178, 0., 0., 0., 0.000354984077,
          0.118703686, 0.488934249, 0.33592543, 0.33592543, 0.023965029,
          0.0109949699, 0., 0.0226851869, 0.00818863139, 0.140916109,
          0.331000149, 0.0210571308, 0.33592543, 0.33592543, 0.33592543,
          0.33592543, 0.274924904, 0.33592543, 0.557822287, 0.557822287,
          0.557822287, 0.177254796, 0.0378242917, 0., 0., 0., 0., 0., 0.,
          0.00143099239, 0.00953776669, 0., 0.0178975705, 0.166340902 ]
      - [ 0.394202381, 0.394202381, 0.394202381, 0.394202381,
          0.391944468, 0.186738819, 0.218656197, 0.0179047715,
          0.0809562877, 0.0683283582, 0.0105884327, 0.0946116447,
          0.021975521, 0.179813936, 0.111866921, 0.268775672,
          0.311740786, 0.333269, 0.228530034, 0., 0., 0.0333083086,
          0.264985979, 0.333269, 0.333269, 0.174197778, 0.333269,
          0.333269, 0.333269, 0., 0., 0.281390369, 0.483861536,
          0.14518261, 0., 0.00521533145, 0.0546566173, 0.00394648034, 0.,
          0.0387595892, 0.128144443, 0.065502733, 0.0455576368,
          0.263590455, 0.304776579, 0.286417902, 0.483861536,
          0.483861536, 0.480727404, 0.480727404, 0.169984624,
          0.426802278, 0.248402297, 0.0944838896, 0.0253519099,
          0.0275434218, 0.0275434218, 0.0286136866, 0.011208442,
          0.0104378862, 0.0295806378, 0.00656067114, 0.126826376,
          0.480727404 ]
      - [ 0.148004726, 0.00834526401, 0.0315978415, 0.36709559,
          0.36709559, 0.36709559, 0.366475463, 0.36709559, 0.361985087,
          0.0433143564, 0.00405332958, 0.0735119283, 0.205390975,
          0.281303108, 0.1023601, 0.172897771, 0.351146609, 0.351146609,
          0.307150453, 0.351146609, 0., 0.014615207, 0.0378703848,
          0.289330512, 0.351146609, 0.0451029055, 0.0939690173,
          0.351146609, 0.128240854, 0.0793049932, 0.208247751,
          0.351146609, 0.258926272, 0.195785686, 0.401017219,
          0.408673584, 0.408673584, 0.165542752, 0.163068801,
          0.408673584, 0.293188721, 0.0168494228, 0.0191031191, 0.,
          0.117274962, 0.229221031, 0.00299445353, 0.147568718,
          0.481896371, 0.481896371, 0.481896371, 0.481896371,
          0.0588268302, 0.0337349065, 0.0175483115, 0., 0.00280987797,
          0.00859336648, 0., 0., 0.00255703647, 0.0688699558,
          0.150536597, 0.184095427 ]
      - [ 0.364451855, 0.364451855, 0.299603432, 0.364451855,
          0.364451855, 0.0980134606, 0.0322594903, 0.0784947202,
          0.0316176787, 0.00938873366, 0.0761272684, 0.0982202291,
          0.215811297, 0.172430113, 0.364451855, 0.364451855,
          0.287748218, 0.0245958455, 0.00306960102, 0.0466100015,
          0.0125943553, 0.00154322945, 0.0397527441, 0.0303089041,
          0.107052743, 0.0231755283, 0.399161071, 0.399161071,
          0.399161071, 0.396587193, 0.318071693, 0.399161071,
          0.322907418, 0.186610356, 0.0900908634, 0.120626129,
          0.322907418, 0.156405628, 0.0732933357, 0.0450341478,
          0.322907418, 0.322907418, 0.286075085, 0.322907418,
          0.322907418, 0.266596973, 0.15691708, 0.322907418, 0.416266352,
          0.220704421, 0.387581944, 0.416266352, 0.416266352,
          0.374016374, 0.0381875522, 0.151311606, 0.0770403892,
          0.023472812, 0.00783482939, 0., 0.0171772595, 0.00451166416,
          0.0557799265, 0.320721447 ]
      - [ 0.104308948, 0.0202143509, 0.43005228, 0.566003442,
          0.566003442, 0.370826811, 0.103896804, 0.047726009,
          0.00924514327, 0., 0.0409604609, 0.00236563594, 0.0145582864,
          0.0028855924, 0., 0.0694291592, 0.338335693, 0.0965589061,
          0.0282075703, 0.0432897173, 0.0993058383, 0.338335693,
          0.197956741, 0.338335693, 0.338335693, 0.260929465,
          0.0326209962, 0.338335693, 0.320272148, 0.338335693,
          0.252149433, 0.115971737, 0.311813921, 0.311813921,
          0.311813921, 0.20776175, 0.143572062, 0.222784415,
          0.0510021597, 0.124728411, 0.192461193, 0.250342429,
          0.311813921, 0.311813921, 0.143535092, 0.311813921,
          0.311813921, 0.253780395, 0.529107034, 0.529107034,
          0.126167595, 0.0738000125, 0.0405820943, 0.0575862229,
          0.061911799, 0.0545757525, 0.0045970073, 0.00624740869,
          0.00787063595, 0.0329771079, 5.29875142e-05, 0.0976038575,
          0.333133042, 0.529107034 ]
      - [ 0.266178727, 0.0620823726, 0.0679181442, 0.43008095,
          0.43008095, 0.43008095, 0.43008095, 0.285769433, 0.18606478,
          0.0252629593, 0.0800217614, 0.0723642483, 0.0496822745,
          0.103409924, 0.0216009002, 0.18524608, 0.360117912,
          0.360117912, 0.345134139, 0.360117912, 0.147644252,
          0.0659570992, 0.0738663822, 0.341225564, 0.341634721,
          0.131245881, 0.155183807, 0.260991365, 0.0212580077, 0.,
          0.210838735, 0.262957066, 0.285533637, 0.0736057684,
          0.332524866, 0.332524866, 0.265957147, 0.332524866,
          0.332524866, 0.332524866, 0.236931816, 0.114776835,
          0.251513541, 0.138829917, 0.128551319, 0., 0.0848041326,
          0.332524866, 0.316723764, 0.508267581, 0.508267581,
          0.508267581, 0.139997289, 0., 0.0238738228, 0.0203844272,
          0.00685604569, 0.0175006893, 0., 0., 0., 0., 0.0342549607,
          0.312235355 ]
      - [ 0.25965938, 0.110875554, 0.369753331, 0.369753331, 0.369753331,
          0.369753331, 0.369753331, 0.369753331, 0.250058591,
          0.0323379971, 0.0704281628, 0., 0.0405073538, 0.101262301,
          0.0763972998, 0.100088589, 0.366387606, 0.366387606,
          0.323460311, 0., 0.0698671937, 0.166410491, 0.0264684372,
          0.366387606, 0.366387606, 0.17552942, 0.15712972, 0.330564737,
          0.0507908165, 0.141012847, 0.0012008443, 0.366387606,
          0.31055674, 0.31055674, 0.31055674, 0.31055674, 0.31055674,
          0.31055674, 0.23544383, 0.31055674, 0.31055674, 0.0065136929,
          0.0209299494, 0.0393443145, 0.31055674, 0.203857481,
          0.0012471095, 0.17281726, 0.477760524, 0.477760524,
          0.477760524, 0.477760524, 0.0103076044, 0., 0., 0.0121152755,
          0.0135028791, 0., 0.000978222466, 0.00193975924, 0., 0.,
          0.00199848926, 0.285943538 ]
      - [ 0.251832962, 0.270901054, 0.426729202, 0.464007348,
          0.464007348, 0.155535623, 0.081542328, 0.205641583,
          0.0982815996, 0.0775988549, 0., 0., 0., 0.0234393161,
          0.173764467, 0.355389118, 0.472781152, 0.472781152,
          0.00342111406, 0., 0.042845834, 0.0263181329, 0.0444236733,
          0.210164011, 0.309599191, 0.0862778351, 0.0830192044,
          0.158967778, 0.133625478, 0.335101694, 0.102087051,
          0.472781152, 0.332205385, 0.332205385, 0.332205385,
          0.0572381131, 0.0200840179, 0.0388600267, 0.00311360741,
          0.330233067, 0.332205385, 0.332205385, 0.324550569,
          0.0676124021, 0., 0., 0.332205385, 0.332205385, 0.410680503,
          0.410680503, 0.410680503, 0.239302278, 0.0194927529,
          0.0347466916, 0.00920328032, 0.00360539649, 0.00236529345,
          0.0502885021, 0.0306423251, 0.0295971371, 0.262955457,
          0.141984135, 0.410680503, 0.410680503 ]
      - [ 0.322207689, 0.227907702, 0.383687556, 0.383687556,
          0.383687556, 0.383687556, 0.086013414, 0.383687556, 0.24739781,
          0., 0.00358557538, 0.0486335419, 0.028176304, 0.0491333492,
          0.106221631, 0.137307256, 0.333888978, 0.333888978,
          0.333888978, 0.333888978, 0.0420703664, 0.00587784126,
          0.0248389356, 0.333888978, 0.333888978, 0.31892392,
          0.333888978, 0., 0.170436651, 0.180588499, 0.155149728,
          0.162557006, 0.305152982, 0.305152982, 0.274563164,
          0.0607366636, 0.108604133, 0.00648493227, 0.00915181916,
          0.297567815, 0.305152982, 0.188931048, 0.305152982,
          0.305152982, 0.305152982, 0.211487725, 0.305152982,
          0.291820705, 0.482460469, 0.482460469, 0.482460469,
          0.482460469, 0.187686473, 0.0133531857, 0.0196689405, 0., 0.,
          0., 0.020178197, 0.00642818678, 0., 0.0198367611,
          0.00657993974, 0.165626556 ]
      - [ 0.379960507, 0.145820424, 0.379960507, 0.262586534,
          0.379960507, 0.379960507, 0.233679339, 0.15353404, 0.067606613,
          0.0453385636, 0.0409354791, 0.104999721, 0.0898192003,
          0.278272271, 0.0336188488, 0.379960507, 0.430002928,
          0.28564927, 0.430002928, 0.430002928, 0.237334952, 0.059737388,
          0.0607106611, 0.0947070941, 0.111710921, 0.193213463,
          0.213095337, 0., 0., 0., 0.0820183307, 0.430002928,
          0.319770157, 0.285097808, 0.16187048, 0.169618472, 0.10444171,
          0.0639914051, 0.22763589, 0.198429078, 0.319770157,
          0.319770157, 0.319770157, 0.140795007, 0.319770157,
          0.319770157, 0.136976108, 0.319770157, 0.449780792,
          0.488193095, 0.488193095, 0.488193095, 0.0639043674,
          0.00638885656, 0., 0.00067246519, 0.00748763792, 0., 0., 0.,
          0.00161630835, 0.0163453054, 0.0025231645, 0.270862371 ]
      - [ 0.268561244, 0.437154204, 0.437154204, 0.437154204,
          0.437154204, 0.26199761, 0.127232894, 0.188687325,
          0.00598189607, 0.00432924461, 0.0102250949, 0., 0.0298386253,
          0.0783585012, 0.0141997244, 0.17682755, 0.106317915, 0., 0.,
          0., 0.0212937221, 0.0361536853, 0., 0.239313245, 0.379925996,
          0.375414848, 0.379925996, 0.379925996, 0.379925996,
          0.191116795, 0.379925996, 0.163367018, 0.370498687,
          0.370498687, 0.184697375, 0.231311664, 0.0474703126,
          0.185080588, 0.222243384, 0.111996524, 0.179414943,
          0.161657363, 0.0739678368, 0.34160766, 0.248964086,
          0.337212265, 0.20553264, 0.370498687, 0.466801077, 0.466801077,
          0.415449679, 0.287453651, 0.258890837, 0.0109547507,
          0.0642692447, 0.0891893655, 0.0371799842, 0.0691330731,
          0.00924833119, 0., 0.0015158907, 0.013728858, 0.0270520486,
          0.466801077 ]
      - [ 0.294470191, 0.289912283, 0.350886822, 0.350886822,
          0.350886822, 0.350886822, 0.310789496, 0.350886822,
          0.0974725634, 0.0156337284, 0.0491508693, 0.180585667,
          0.0828934237, 0., 0.134434313, 0.209328264, 0.265981227,
          0.334161431, 0.334161431, 0.334161431, 0.0787046999, 0., 0.,
          0.180286303, 0.322406918, 0.334161431, 0.334161431,
          0.334161431, 0.178847089, 0., 0.0107591692, 0.284931809,
          0.197363451, 0.142416984, 0., 0., 0.254668981, 0.0903035551,
          0.126741722, 0.350563973, 0.350563973, 0.350563973,
          0.350563973, 0.2797212, 0.11465653, 0.350563973, 0.244108766,
          0.287634283, 0.44880724, 0.358089536, 0.44880724, 0.44880724,
          0.260379493, 0.257596731, 0.245315596, 0.0976731628,
          0.0833010972, 0.0464878939, 0.0223442838, 0.0385970399,
          0.00552085787, 0.101477504, 0.108875968, 0.160811886 ]
      - [ 0.313189268, 0.191243172, 0.313189268, 0.313189268,
          0.313189268, 0.297191262, 0.313189268, 0.313189268,
          0.170777917, 0.102842622, 0.159145862, 0.0244377814,
          0.217872426, 0.0826091245, 0.255738914, 0.313189268,
          0.493811041, 0.493811041, 0.493811041, 0., 0., 0., 0.,
          0.0347853564, 0.0347853564, 0., 0.107994899, 0.0101997321, 0.,
          0., 0.0740520731, 0.493811041, 0.332565516, 0.332565516,
          0.332565516, 0.043842122, 0.016397113, 0.0742961764,
          0.0695338994, 0.285375327, 0.332565516, 0.0487623326,
          0.14393872, 0.332565516, 0.00646159984, 0.332565516,
          0.324585319, 0.332565516, 0.438952059, 0.438952059,
          0.438952059, 0.438952059, 0.158890694, 0.0685904846, 0., 0.,
          0., 0., 0., 0.043506477, 0.0194163173, 0., 0., 0.438952059 ]
      - [ 0.163150251, 0.114834763, 0.444257647, 0.444257647,
          0.444257647, 0.444257647, 0.240490139, 0.147023425,
          0.0620141998, 0.00436898973, 0.0499936156, 0.0707994998,
          0.0543503463, 0.0581241101, 0., 0.262939781, 0.320016235,
          0.306476504, 0.169890687, 0., 0., 0.0370226316, 0.0215037689,
          0.28022024, 0.320016235, 0.28149724, 0.320016235, 0.320016235,
          0.289940059, 0.320016235, 0.126043782, 0.320016235,
          0.293847501, 0.206980482, 0.318864971, 0.318864971,
          0.318864971, 0.318864971, 0.0434360132, 0.318864971,
          0.318864971, 0.211173311, 0.209772199, 0., 0.0960031003,
          0.0450530313, 0.232746363, 0.318864971, 0.458607018,
          0.458607018, 0.458607018, 0.370043427, 0.0701008737,
          0.0730121136, 0.00818083622, 0.0513239764, 0.0208265167,
          0.00939174742, 0., 0.00954150315, 0.0531993359, 0.0187026076,
          0.0215985458, 0.458607018 ]
      - [ 0.381233394, 0.381233394, 0.381233394, 0.381233394,
          0.381233394, 0.206319198, 0.137513846, 0.0208593793,
          0.0428349711, 0.00698059052, 0.00245846319, 0.0477159992,
          0.358353376, 0.0434721373, 0.0413003378, 0.26721704,
          0.0372309908, 0.133997068, 0.0216313358, 0., 0., 0.,
          0.0285020862, 0.283703953, 0.361635268, 0.361635268,
          0.361635268, 0.361635268, 0.314995766, 0.106651597,
          0.361635268, 0.361635268, 0.384152651, 0.139449656,
          0.0729268864, 0.0653315112, 0.0179285463, 0.00602073595, 0.,
          0.0102517838, 0.0430796146, 0.17237778, 0.222839177,
          0.384152651, 0.384152651, 0.384152651, 0.384152651,
          0.384152651, 0.410651535, 0.410651535, 0.410651535,
          0.410651535, 0.357603341, 0.02004922, 0.0399781093,
          0.0521303937, 0.0393343419, 0.0101915263, 0., 0.,
          0.00445262063, 0.032117635, 0.131999969, 0.410651535 ]
      - [ 0.406395406, 0.206219986, 0.457919121, 0.457919121,
          0.457919121, 0.20314309, 0.1607261, 0.0483087562, 0.0202315431,
          0.0103423232, 0., 0., 0., 0.0425191782, 0.200581312,
          0.216059059, 0.388993829, 0., 0., 0., 0., 0., 0., 0.0275175553,
          0.168371513, 0.116361558, 0.368058294, 0.388993829,
          0.388993829, 0.388993829, 0.247829944, 0.388993829,
          0.134242907, 0., 0.025549924, 0.0429403521, 0.0216861516,
          0.117897831, 0.049992498, 0.194484115, 0.231113583, 0.,
          0.328750938, 0.159145162, 0.42827931, 0.42827931, 0.42827931,
          0.42827931, 0.433066666, 0.433066666, 0.433066666, 0.427977264,
          0.193088889, 0.118576549, 0.0861010179, 0.00730834343,
          0.0152500523, 0.0422345474, 0., 0.0320332423, 0.0147950705,
          0.0158343837, 0., 0.433066666 ]
      - [ 0.0630940124, 0.0803712308, 0.345111102, 0.434844315,
          0.434844315, 0.434844315, 0.434844315, 0.201583058,
          0.170744538, 0.00816086866, 0., 0.01409005, 0.0862574056,
          0.0811925381, 0.073931165, 0.142137334, 0.418872416,
          0.418872416, 0.0365211293, 0., 0., 0., 0.0343591869,
          0.418872416, 0.418872416, 0.108736657, 0.20154874, 0.147208005,
          0.0454090312, 0., 0.199632645, 0.418872416, 0.333103269,
          0.31249252, 0.333103269, 0.333103269, 0.0377828516,
          0.296826482, 0.164486215, 0.252073884, 0.333103269,
          0.0824766234, 0.0951434895, 0.333103269, 0., 0.152363867,
          0.118631497, 0.333103269, 0.499977589, 0.499977589, 0.23620075,
          0.134545147, 0.124534562, 0.0475634076, 0.101148963,
          0.0154256411, 0.03232814, 0., 0., 0., 0.0272066761, 0.10267067,
          0.361405194, 0.499977589 ]
      - [ 0.159964681, 0.284116447, 0.466764688, 0.507602334,
          0.507602334, 0.211820558, 0.283613771, 0.10665828,
          0.0427808128, 0.00404028269, 0.0426310487, 0., 0.00413654838,
          0.0336559713, 0., 0.118049107, 0.265815914, 0.274161845,
          0.249532148, 0.15887484, 0.0456992425, 0., 0.0284048934,
          0.361741871, 0.361741871, 0.0253538694, 0.361741871,
          0.361741871, 0.165609211, 0.264661998, 0.121294945,
          0.351999879, 0.330304891, 0.203848138, 0.130518869,
          0.330304891, 0.111797862, 0.0859474987, 0.0205595195,
          0.155062288, 0.153390631, 0.00526884478, 0.326331079,
          0.330304891, 0.330304891, 0.330304891, 0.330304891,
          0.330304891, 0.310168117, 0.382005006, 0.382005006,
          0.382005006, 0.382005006, 0.123530388, 0.0632560253,
          0.0711754188, 0.0453414544, 0.00536380569, 0.265231699,
          0.0405996032, 0.0945519507, 0.227105007, 0.106844835,
          0.382005006 ]
      - [ 0.39997825, 0.394369632, 0.39997825, 0.39997825, 0.39997825,
          0.225413531, 0.0715648979, 0.320892006, 0.097113058,
          0.0180892739, 0.00558140548, 0.0298887342, 0.123947382, 0.,
          0.0956359506, 0.0803116485, 0.430136412, 0.430136412,
          0.0951945409, 0.215270802, 0.0167957786, 0., 0., 0.0199410506,
          0.126558244, 0.362323076, 0.126552001, 0.139863625, 0.30778724,
          0.195808306, 0.261957675, 0.430136412, 0.234901443,
          0.317486018, 0.317486018, 0.125516489, 0.00220561423,
          0.051773075, 0.0353122428, 0.241165355, 0.30234468, 0.30857259,
          0.317486018, 0.317486018, 0.309381604, 0.294300139,
          0.115199968, 0.279968351, 0.332754731, 0.332754731,
          0.332754731, 0.332754731, 0.332754731, 0.332754731,
          0.332754731, 0.277583539, 0.141960427, 0.0034154288, 0.,
          0.0264637582, 0.000442946883, 0., 0.113806993, 0.332754731 ]
      - [ 0.0298044141, 0.217892155, 0.260406673, 0.531998217,
          0.531998217, 0.45813024, 0.260071635, 0.0365566611,
          0.0258032978, 0., 0.00664650369, 0.000162162411, 0., 0.,
          0.100745246, 0.150829151, 0.313892215, 0.0348640531,
          0.313892215, 0.262921363, 0., 0.0464612804, 0.0589633584,
          0.313892215, 0.313892215, 0.313892215, 0.313892215,
          0.313892215, 0.313892215, 0.171072081, 0.0697473139,
          0.313892215, 0.144508108, 0.0936285481, 0.031039644,
          0.00851973053, 0.013457193, 0.0266662221, 0.0710324943,
          0.200054124, 0.117115058, 0.0626593605, 0.236234501,
          0.348168135, 0.42556864, 0.42556864, 0.42556864, 0.42556864,
          0.379801333, 0.400498331, 0.484020442, 0.484020442,
          0.438389033, 0.032897573, 0.152661368, 0.0124203032, 0., 0.,
          0., 0., 0.011391947, 0.0107601983, 0.0361521281, 0.0607184954 ]
      - [ 0.365624607, 0.392879009, 0.382721126, 0.392879009,
          0.392879009, 0.347658843, 0.0711220577, 0.228067935,
          0.127917603, 0., 0., 0., 0.000497715606, 0.175101548,
          0.0382029414, 0.162583604, 0.337842077, 0., 0., 0.,
          0.0874787346, 0.0243625194, 0.0095901154, 0.337842077,
          0.337842077, 0.337842077, 0.279626578, 0.325610578,
          0.337842077, 0.337842077, 0.0714998096, 0.337842077,
          0.277435541, 0.165728629, 0.112699032, 0.0646347404,
          0.144229427, 0.0935740173, 0.0821329057, 0.368699908,
          0.368699908, 0.0738828778, 0.368699908, 0.368699908,
          0.330793053, 0.277133971, 0.309525996, 0.0862917006,
          0.602271259, 0.446230233, 0.145100862, 0.00479528261,
          0.00286432216, 0.0151108326, 0.0613781996, 0.00859894603,
          0.012595552, 0., 0., 0., 0.0154554434, 0.0236763712,
          0.208064228, 0.602271259 ]
      - [ 0.247277841, 0.355642468, 0.355642468, 0.355642468,
          0.355642468, 0.154438928, 0., 0.355642468, 0.269784957,
          0.122468024, 0.0128243696, 0.0719808042, 0.0594510026,
          0.100825548, 0.213849068, 0.355642468, 0.45512414, 0.45512414,
          0.45512414, 0.308134049, 0.00751777319, 0., 0., 0.064927645,
          0.127186731, 0.00967036653, 0.0806771442, 0.0483818464, 0., 0.,
          0.206309751, 0.45512414, 0.36447534, 0.177702382, 0.0491666459,
          0.107124314, 0.0507428981, 0.0325562991, 0.0105460556,
          0.169567376, 0.36447534, 0.123306528, 0.0080292793, 0.36447534,
          0.36447534, 0.325677276, 0.36447534, 0.36447534, 0.436453253,
          0.436453253, 0.436453253, 0.436453253, 0.114663117,
          0.0204996858, 0., 0., 0., 0., 0., 0., 0., 0.0882732496,
          0.147725925, 0.436453253 ]
      - [ 0.18125622, 0.174788356, 0.151692882, 0.54444474, 0.54444474,
          0.494925767, 0.151991427, 0.211348996, 0.00935461279, 0., 0.,
          0.00664059864, 0.00914497208, 0.0361682475, 0., 0.0325981639,
          0.360300153, 0., 0., 0.0109797018, 0.0146538261, 0.0991988704,
          0.0246427823, 0.360300153, 0.360300153, 0.208507925,
          0.344855338, 0.360300153, 0.286283314, 0.205652282,
          0.223348409, 0.360300153, 0.331161529, 0.124380596,
          0.0510326661, 0.0182881411, 0.0518454127, 0.194859132,
          0.102556132, 0.187582523, 0.331161529, 0.331161529,
          0.331161529, 0.331161529, 0.120727107, 0.331161529,
          0.331161529, 0.331161529, 0.315806121, 0.315806121,
          0.137562618, 0.0859243274, 0.191710308, 0., 0., 0.208382845,
          0.230876356, 0.200152248, 0.314424217, 0.315806121,
          0.315806121, 0.315806121, 0.315806121, 0.315806121 ]
      - [ 0.407304525, 0.332952768, 0.407304525, 0.407304525,
          0.407304525, 0.150900602, 0.0201655943, 0.102308065,
          0.250021338, 0.169354498, 0.0580007061, 0.0753635541,
          0.0553522557, 0.196559459, 0.137515381, 0.164303511,
          0.355441242, 0.355441242, 0.355441242, 0.355441242,
          0.132114962, 0.101623863, 0.145178169, 0.231888816,
          0.247323409, 0.145346403, 0.277674943, 0.180143267,
          0.0323433615, 0.221238673, 0.142420352, 0.355441242,
          0.339061797, 0.142129228, 0.000460543757, 0.173401937,
          0.229295492, 0.254027784, 0.0892349556, 0.170034587,
          0.210460365, 0.12398795, 0.301968277, 0.339061797, 0.339061797,
          0.339061797, 0.258255959, 0.339061797, 0.350731045, 0.52399981,
          0.52399981, 0.52399981, 0.18491976, 0.0708591789, 0.0229194667,
          0.00284897746, 0.00701674307, 0.0214649644, 0., 0.0152672902,
          0.0299443919, 0., 0.0195404924, 0.079093717 ]
      - [ 0.334374905, 0.343172312, 0.343172312, 0.343172312,
          0.343172312, 0.299373329, 0.112946942, 0.343172312,
          0.261786669, 0.00192619534, 0.103423826, 0.03242217,
          0.101065718, 0.106742829, 0.0751721933, 0.293264687,
          0.386769921, 0.418898165, 0.418898165, 0.418898165,
          0.180616871, 0.00749470014, 0.054032132, 0.101158664,
          0.129304543, 0.0781838, 0.315586716, 0.081695579, 0.147726253,
          0.126346618, 0.155408099, 0.287969857, 0.154439643,
          0.307711929, 0.158946171, 0.0269033294, 0.0139225665, 0.,
          0.0125258779, 0.142770693, 0.248758987, 0.140238032,
          0.0910122842, 0.42352277, 0.42352277, 0.42352277, 0.26374343,
          0.364695847, 0.220333755, 0.530179918, 0.530179918,
          0.530179918, 0.287711084, 0., 0.000262658548, 0.0227438584,
          0.00694469223, 0.00522205839, 0.0345658548, 0.0285979677, 0.,
          0., 0.0345572196, 0.127705187 ]
      - [ 0.342320383, 0.188413262, 0.432806939, 0.432806939,
          0.432806939, 0.432806939, 0.248994514, 0.156824768,
          0.0580910034, 0., 0., 0., 0., 0., 0.00881935097, 0.0605129376,
          0.320615888, 0.329736471, 0.329736471, 0.104199238,
          0.00911831576, 0., 0.00531220343, 0.0147804739, 0.0723370314,
          0.0876449496, 0.329736471, 0.329736471, 0.329736471,
          0.329736471, 0.329736471, 0.329736471, 0.325542331,
          0.128369614, 0.0201902594, 0.0163696129, 0.00474217581, 0.,
          0.00508397631, 0.154828697, 0.113384359, 0.0334623493,
          0.140595108, 0.492852181, 0.492852181, 0.281573832,
          0.0786688402, 0.492852181, 0.373198748, 0.522218645,
          0.522218645, 0.522218645, 0.159167334, 0.0266995691,
          0.00682479329, 0.000161747579, 0.000438836956, 0.000821611669,
          0., 9.49937676e-05, 0.000907057547, 0.00240936899, 0.,
          0.106156878 ]
      - [ 0.0443867669, 0.217650682, 0.339240074, 0.507138729,
          0.507138729, 0.507138729, 0.213724941, 0.106146134,
          0.0196902752, 0., 0., 0., 0., 0.00565647613, 0.0253312942,
          0.0305527076, 0.301343143, 0.161536291, 0.236075938,
          0.193092614, 0.0407043323, 0.0624621622, 0.0493241437,
          0.339687675, 0.339687675, 0.339687675, 0.339687675,
          0.339687675, 0.253513962, 0.2779257, 0.0928611457, 0.227206379,
          0.288606137, 0.0602266043, 0.122009262, 0.288606137,
          0.127022862, 0.288606137, 0.288606137, 0.288606137,
          0.288606137, 0.288606137, 0.288606137, 0.215020269,
          0.00233589369, 0.288606137, 0.288606137, 0.288606137,
          0.113248415, 0.407316953, 0.528916359, 0.528916359, 0.45648253,
          0.0651734769, 0.0804061666, 0.0376480371, 0., 0., 0., 0., 0.,
          0.0297012646, 0.0321146064, 0.184555292 ]
      - [ 0.213534355, 0.230816022, 0.409931809, 0.409931809,
          0.409931809, 0.409931809, 0.365234882, 0.186271608,
          0.130522698, 0.0572681092, 0.0254862811, 0.0623742901,
          0.0555901229, 0.0844663009, 0.118430279, 0.0874957517,
          0.419006258, 0.00572881335, 0.0833854601, 0.419006258,
          0.419006258, 0.408720315, 0.106030427, 0.174278259,
          0.371190161, 0.112184718, 0.0976414606, 0.171116725,
          0.11675512, 0., 0., 0.225050941, 0.409772158, 0.205670372,
          0.074253656, 0.0718209967, 0.0492583066, 0., 0.0260667987,
          0.143264353, 0.213098481, 0.285917938, 0.202689022,
          0.409772158, 0.409772158, 0.279860556, 0.0329570472,
          0.409772158, 0.163341507, 0.518658996, 0.554795504,
          0.554795504, 0.215812862, 0.0705800354, 0.00376123656,
          0.00326823257, 0.00617889175, 0.00152220635, 0.00151782855,
          0.0224924739, 0.00138034089, 0., 0.0197472721, 0.1750824 ]
      - [ 0.372571796, 0.372571796, 0.372571796, 0.372571796,
          0.372571796, 0.166403219, 0.160072982, 0.134160474,
          0.0636380017, 0., 0.0327771902, 0.0362154394, 0.106852651,
          0.208448708, 0.175507903, 0.372571796, 0.147900522,
          0.314335138, 0.0248388145, 0.00422658259, 0.114524558,
          0.197024852, 0.0365079269, 0.178513482, 0.217863247,
          0.0131945703, 0.182558537, 0.376516044, 0.376516044,
          0.376516044, 0.376516044, 0.376516044, 0.368900955,
          0.368900955, 0.0623975433, 0.0178813282, 0.0165154152, 0.,
          8.29688142e-05, 0.113922901, 0.0632729083, 0.126483381,
          0.30534187, 0.368900955, 0.368900955, 0.221556932, 0.368900955,
          0.368900955, 0.432944268, 0.432944268, 0.423823088,
          0.408981949, 0.206885248, 0.000487106649, 0.0612276644,
          0.0629138798, 0.0804646164, 0.00734036975, 0., 0., 0.054098852,
          0.0168427024, 0.161905006, 0.432944268 ]
      - [ 0.133764416, 0.218371764, 0.346359044, 0.52029556, 0.52029556,
          0.486124009, 0.157080561, 0.0608911701, 0.0167406872,
          0.0183954034, 0.010085755, 0.0415532552, 0.00887280609, 0., 0.,
          0.0249184817, 0.353713572, 0.34704572, 0., 0.0297882985,
          0.150850892, 0.128852487, 0.035330914, 0.353713572,
          0.353713572, 0.00770016992, 0.249413729, 0.353713572,
          0.00449143816, 0.146847472, 0.353713572, 0.353713572,
          0.377699196, 0.0843713135, 0.245936707, 0.108230568,
          0.0658075809, 0.0792245418, 0.00604249723, 0.126544818,
          0.278341621, 0.032354828, 0.156760305, 0.287551969,
          0.365847796, 0.377699196, 0.377699196, 0.377699196,
          0.444828659, 0.444828659, 0.444828659, 0.0178514328, 0.,
          0.00303484243, 0.0255975239, 0.081253387, 0.0512556508,
          0.0342005976, 0.0790944993, 0.0131945489, 0.00829182751,
          0.0138807232, 0.431269169, 0.444828659 ]
      - [ 0.401804358, 0.131094009, 0.401804358, 0.401804358,
          0.401804358, 0.198294938, 0.0632447302, 0.232753158,
          0.0829184279, 0.132068783, 0.108528644, 0.1488913, 0.177269101,
          0.17274192, 0.205686644, 0.271445841, 0.374218047,
          0.0280952808, 0.00581347942, 0.104604036, 0.06286899, 0.,
          0.161899984, 0.301071495, 0.393187732, 0.393187732,
          0.393187732, 0.373604476, 0.208422706, 0.00272829807,
          0.0534589067, 0.271632493, 0.447824925, 0.0930289924,
          0.0366996229, 0.0126685482, 0.00557944644, 0.00704336446,
          0.0177866556, 0.0616631545, 0.137929901, 0.115092047,
          0.00863762386, 0.197027236, 0.328347117, 0.447824925,
          0.447824925, 0.447824925, 0.349813879, 0.349813879,
          0.349813879, 0.349813879, 0.349813879, 0.258731455,
          0.150078312, 0.349813879, 0.0873212367, 0., 0., 0.,
          0.00264061289, 0.13967371, 0.152678147, 0.349813879 ]
      - [ 0.0847865641, 0.089984864, 0.475980222, 0.60207808, 0.60207808,
          0.161506027, 0.00441948837, 0.0306814834, 0.00957663637, 0.,
          0., 0., 0., 0., 0., 0.00353605626, 0.211071178, 0.0733567923,
          0.0584294908, 0.104035549, 0.295241594, 0.112957738,
          0.106942691, 0.339974284, 0.339974284, 0.339974284,
          0.0844936743, 0.339974284, 0.339974284, 0.287224948,
          0.339974284, 0.194774628, 0.302434087, 0.0588819794,
          0.0760275349, 0.302434087, 0.282526702, 0.302434087,
          0.172647119, 0.302434087, 0.302434087, 0.302434087,
          0.149382949, 0.170508251, 0.0593018159, 0.302434087,
          0.302434087, 0.302434087, 0.438792229, 0.438792229,
          0.438792229, 0.438792229, 0.115927495, 0.127938196,
          0.0249783285, 0.0891674459, 0.0555538721, 0.0641260594,
          0.0258354992, 0.0213104505, 0.000255023828, 0.0508737415,
          0.0456417724, 0.417239636 ]
      - [ 0.413451284, 0.413451284, 0.413451284, 0.413451284,
          0.413451284, 0.167602807, 0.0827496424, 0.0475173481,
          0.0475173481, 0.0232933238, 0.00707923295, 0.0157582145,
          0.0165347271, 0.0668918416, 0.016897304, 0.309566617,
          0.0890604258, 0.251614898, 0.1594778, 0., 0., 0.0394580215,
          0.0314614847, 0.349954128, 0.349954128, 0.349954128,
          0.349954128, 0.349954128, 0.349954128, 0.0663755164,
          0.188681647, 0.349954128, 0.413014263, 0.0386329778,
          0.0192452203, 0.00406226143, 0., 0., 0., 0.0530439951,
          0.169119611, 0.0907235742, 0.137853071, 0.297592878,
          0.413014263, 0.405537635, 0.413014263, 0.413014263,
          0.397305369, 0.397305369, 0.397305369, 0.397305369,
          0.397305369, 0.15216291, 0.0253842343, 0.0852944031,
          0.0432869531, 0., 0.000726782484, 0.0463257954, 0.0301581454,
          0.0437818654, 0.104889564, 0.397305369 ]
      - [ 0.136266544, 0.408759177, 0.499745041, 0.499745041,
          0.499745041, 0.0536614731, 0.194458991, 0.125018522,
          0.0389230289, 0., 0., 0., 0.00627583684, 0.0170229357, 0.,
          0.0441941395, 0.335527539, 0.0445454381, 0., 0.0256604832,
          0.00110193307, 0.0031597903, 0.191374987, 0.335527539,
          0.335527539, 0.335527539, 0.135833487, 0.335527539,
          0.335527539, 0.335527539, 0.195674449, 0.335527539,
          0.321105242, 0.321105242, 0.321105242, 0.321105242,
          0.181353629, 0.177758634, 0.132027969, 0.185522124,
          0.276208639, 0.238580808, 0.072039403, 0.321105242,
          0.0406799167, 0.136520311, 0.321105242, 0.321105242,
          0.495293289, 0.495293289, 0.0524191372, 0.00450538611, 0., 0.,
          0.0506406873, 0.0485764444, 0., 0., 0.0431424379, 0.0189448185,
          0.0616955236, 0.00852800068, 0.495293289, 0.495293289 ]
      - [ 0.180642277, 0.387322158, 0.387322158, 0.387322158,
          0.387322158, 0.342068464, 0.387322158, 0.230088055,
          0.180401891, 0.0118070422, 0., 0., 0.00611981191, 0.0465562791,
          0.0155126946, 0.0912436023, 0.327389032, 0.235992655,
          0.159286767, 0., 0., 0., 0.00543832127, 0.148108929,
          0.246763036, 0.327389032, 0.327389032, 0.327389032,
          0.327389032, 0.327389032, 0.287264675, 0.327389032,
          0.126974538, 0., 0.00376350735, 0.0105262734, 0.00730318343,
          0.0438345708, 0.100135379, 0.221054032, 0.222936094,
          0.226213694, 0.0548614301, 0.272715181, 0.430212706,
          0.430212706, 0.430212706, 0.430212706, 0.305761367,
          0.519172847, 0.519172847, 0.519172847, 0.268250644,
          0.0265758913, 0.0146728661, 0.00125196239, 0.00050798658,
          0.000600428495, 0., 0.000367374247, 0.000368623616, 0.,
          0.00293897558, 0.14075771 ]
      - [ 0.330342203, 0.449645013, 0.449645013, 0.449645013,
          0.449645013, 0.206292376, 0.0593793169, 0.0406119153,
          0.016902471, 0.000526322809, 0., 0., 0., 0., 0., 0.17216976,
          0.330609232, 0.26155287, 0.150839433, 0., 0.028429376,
          0.0350762606, 0., 0.0980909392, 0.360112458, 0.360112458,
          0.0603583641, 0.360112458, 0.360112458, 0.0504752398,
          0.360112458, 0.360112458, 0.309269011, 0.0964858979,
          0.309269011, 0.309269011, 0.173687503, 0.125228524,
          0.309269011, 0.259722829, 0.309269011, 0.309269011,
          0.174952015, 0.0603663251, 0.124745928, 0.309269011,
          0.309269011, 0.243520722, 0.434801728, 0.434801728,
          0.434801728, 0.434801728, 0.0885057747, 0.0216689799, 0.,
          0.055727873, 0.170355484, 0.0137771675, 0.00664184941,
          0.0430274718, 0., 0.027793495, 0.0843022317, 0.434801728 ]
      - [ 0.344418883, 0.344418883, 0.123506978, 0.344418883,
          0.344418883, 0.344418883, 0.296363711, 0.262198061,
          0.116708666, 0.00404689042, 0.104232058, 0.213473767,
          0.20670794, 0.0117235966, 0.00640720408, 0.344418883,
          0.488453448, 0.488453448, 0.488453448, 0.0638016611,
          0.0975586921, 0.0433120653, 0., 0.0534542985, 0.062051136,
          0.00689149415, 0.0175512582, 0., 0.00796631631, 0.157144532,
          0., 0.481742531, 0.363386482, 0.212647036, 0.0235805959, 0.,
          0.015364822, 0.0193449892, 0.0182597972, 0.217380881,
          0.363386482, 0.0140136965, 0.00355867646, 0.338582307,
          0.363386482, 0.363386482, 0.356792301, 0.363386482,
          0.525501668, 0.525501668, 0.525501668, 0.239709646,
          0.0400295779, 0., 0., 0., 0., 0., 0., 0., 0.00268548797,
          0.0256021898, 0.0203379858, 0.325816602 ]
      - [ 0.10425026, 0.143042967, 0.198403403, 0.514753938, 0.514753938,
          0.514753938, 0.0721590668, 0.303059727, 0.0819811746,
          0.0208395589, 0., 0., 0., 0.00908171386, 0.0762601867,
          0.138367519, 0.214710414, 0.35738644, 0.35738644, 0.35738644,
          0.165725872, 0.179946348, 0.00232533296, 0.35738644,
          0.35738644, 0.0227215756, 0.184175596, 0.186197743, 0.08743155,
          0.0188320018, 0.35738644, 0.216845095, 0.314421862,
          0.314421862, 0.194620162, 0.207977921, 0.314421862,
          0.314421862, 0.207935408, 0.314421862, 0.139726058,
          0.246678755, 0.294646621, 0.111996889, 0.0264801085,
          0.00516879931, 0.314421862, 0.314421862, 0.157100156,
          0.518150747, 0.518150747, 0.518150747, 0.396158725,
          0.0142029077, 0.0105814608, 0.00732248696, 0.00732248696, 0.,
          0., 0., 0., 0.000763075834, 0.0159770194, 0.084176518 ]
      - [ 0.024850918, 0., 0.0372700542, 0.262386799, 0.581026196,
          0.581026196, 0.468894839, 0.146570504, 0.0331371054,
          0.0352800712, 0.0203418117, 0., 0., 0., 0.0203758478,
          0.060374476, 0.319145739, 0.286404341, 0.09007743, 0.,
          0.00247330545, 0.357389182, 0.357389182, 0.357389182,
          0.357389182, 0.357389182, 0.215550706, 0.193118915,
          0.202661529, 0.044487074, 0.163601846, 0.110540643,
          0.194534004, 0.0285585597, 0.310601652, 0.107071735,
          0.322528452, 0.322528452, 0.286972523, 0.322528452,
          0.322528452, 0.00547654275, 0.116947442, 0.017861519,
          0.322528452, 0.24657993, 0.262397289, 0.322528452, 0.558832526,
          0.558832526, 0.558832526, 0.144423231, 0.0603945814,
          0.019430358, 0., 0.0151246628, 0.00302152033, 0.0259232856,
          0.00885874964, 0., 0., 0., 0., 0.17795147 ]
      - [ 0.243363753, 0.153506935, 0.0448405668, 0.42252332, 0.42252332,
          0.42252332, 0.42252332, 0.336586654, 0.108739831, 0.0682356954,
          0., 0.0091565717, 0.00466442062, 0.0190918278, 0.119057186,
          0.22903879, 0.509549201, 0.509549201, 0.316109091,
          0.0936848447, 0., 0.0181870423, 0.278225183, 0.299447715,
          0.317489743, 0.121001199, 0., 0., 0., 0., 0.0646984577,
          0.282653064, 0.156751096, 0.251887292, 0.186727673,
          0.113256924, 0.164962322, 0.00765797962, 0.104180194,
          0.253166735, 0.308016181, 0.308016181, 0.308016181,
          0.308016181, 0.308016181, 0.308016181, 0.308016181,
          0.308016181, 0.475185364, 0.475185364, 0.475185364,
          0.391483754, 0.100337543, 0.0366563238, 0.0397156402, 0., 0.,
          0., 0.0273375046, 0.0244223792, 0., 0., 0., 0.387631863 ]
      - [ 0.0706487298, 0.0624420233, 0.34610945, 0.421092987,
          0.421092987, 0.421092987, 0.178940266, 0.38799718, 0.128761932,
          0.00817200262, 0.0299583748, 0.161808372, 0.0609728172,
          0.0742918625, 0.120667867, 0.291665167, 0.392102927,
          0.392102927, 0.392102927, 0.335145295, 0., 0.0148330098,
          0.0146734035, 0.127185315, 0.285189897, 0.359431803,
          0.0355963558, 0., 0., 0.0253306199, 0.220929071, 0.380357593,
          0.257951558, 0.242008001, 0.168764472, 0.0837039053,
          0.326338142, 0.0751766264, 0.0363227092, 0.326338142,
          0.326338142, 0.0698249042, 0.326338142, 0.326338142,
          0.326338142, 0.326338142, 0.0229245219, 0.279815644,
          0.477254242, 0.477254242, 0.477254242, 0.477254242,
          0.0291642062, 0., 0., 0., 0.000124946571, 0.0111968629, 0., 0.,
          0., 0., 0.0236756727, 0.287419945 ]
      - [ 0.342924833, 0.39024654, 0.39024654, 0.39024654, 0.39024654,
          0.291496336, 0.0264667738, 0.0547692031, 0.0499434285,
          0.00910528656, 0.0420869701, 0., 0.0305321254, 0.0996375084,
          0.222573757, 0.340465188, 0.437386036, 0.437386036,
          0.437386036, 0.0123901879, 0., 0., 0.00990135409, 0.0532628484,
          0.204293147, 0.0126154777, 0.151177332, 0.208015159,
          0.121829435, 0.228233039, 0.228831246, 0.437386036,
          0.378704041, 0.378704041, 0.0462795906, 0.0274171624,
          0.0228720233, 0.0243814941, 0.0549269021, 0.20046182,
          0.206184924, 0.183096677, 0.0345185325, 0.378704041,
          0.106183462, 0.378704041, 0.378704041, 0.378704041, 0.40564999,
          0.40564999, 0.40564999, 0.133512929, 0.149248347, 0.117788099,
          0., 0.0642035306, 0.0517556518, 0.0170282032, 0.00512262993,
          0.225093707, 0.390472978, 0.253511041, 0.151484266, 0.38839215 ]
      - [ 0.383064985, 0.058070831, 0.460880578, 0.460880578,
          0.460880578, 0.276628733, 0.281674862, 0.114291586,
          0.0323843732, 0., 0., 0., 0., 0.0354996957, 0.0542499237,
          0.184048682, 0.315879196, 0.301121712, 0.111035869, 0., 0., 0.,
          0.00531394826, 0.307723343, 0.315879196, 0.315879196,
          0.315879196, 0.315879196, 0.315879196, 0.31288904,
          0.0525489673, 0.315879196, 0.280884445, 0.338141531,
          0.132363588, 0.145177439, 0., 0., 0.0519065857, 0.0939034745,
          0.101382144, 0.333009511, 0.338141531, 0.338141531,
          0.338141531, 0.338141531, 0.245773941, 0.338141531,
          0.392376989, 0.392376989, 0.392376989, 0.392376989,
          0.144294485, 0.0690026507, 0.0171119291, 0.00328134582,
          0.0227517337, 0.0312577598, 0.0106529118, 0.0261522755,
          0.053355407, 0.312250197, 0.312660575, 0.392376989 ]
      - [ 0.175857723, 0.0604115501, 0.35856548, 0.511823773,
          0.511823773, 0.495231032, 0.135039151, 0.20075649,
          0.0382460132, 0., 0., 0., 0., 0., 0., 0.0506103151,
          0.137367934, 0.292785525, 0.167246178, 0.132093072, 0.32818085,
          0.194995582, 0.32818085, 0.32818085, 0.32818085, 0.193482161,
          0.32818085, 0.32818085, 0.0590332299, 0.0226672888, 0.32818085,
          0.115462869, 0.296089411, 0.296089411, 0.277755946,
          0.296089411, 0.296089411, 0.296089411, 0.296089411,
          0.296089411, 0.2749708, 0.0222766846, 0.144716993, 0.296089411,
          0., 0.152733713, 0.239421174, 0.202097192, 0.362974763,
          0.2503694, 0.312839597, 0.0932173431, 0.029579347, 0.129298449,
          0.0261074677, 0., 0.024361359, 0.206653133, 0.00784433726,
          0.326714039, 0.362974763, 0.362974763, 0.362974763,
          0.362974763 ]
      - [ 0.102764405, 0.417071581, 0.27908954, 0.417071581, 0.417071581,
          0.417071581, 0.197889552, 0.296516269, 0.132699043, 0., 0., 0.,
          0.00253357831, 0.09188959, 0.0314809009, 0.239697516,
          0.374439329, 0.145971522, 0., 0.0130584063, 0.00329385744, 0.,
          0., 0.0407972708, 0.374439329, 0.325658023, 0.374439329,
          0.374439329, 0.374439329, 0.169745818, 0.0954016149,
          0.357929349, 0.322801977, 0.322801977, 0.322801977,
          0.0993072391, 0.218948334, 0.0795694962, 0.308993876,
          0.322801977, 0.322801977, 0.107296444, 0.322801977,
          0.113806456, 0.110295258, 0.139091074, 0.322801977, 0.22755681,
          0.441042155, 0.441042155, 0.441042155, 0.441042155,
          0.119775467, 0.0622453876, 0.0323278047, 0.00217568828,
          0.00206799898, 0.00779572548, 0.00651877327, 0.0247718915,
          0.0336134098, 0.0310262479, 0.0303233005, 0.441042155 ]
      - [ 0.216808364, 0.360682249, 0.360682249, 0.360682249,
          0.360682249, 0.360682249, 0.327692777, 0.124486297,
          0.0863808617, 0.00603148714, 0.0266312584, 0.125852168,
          0.107107148, 0.0944578722, 0.0389966443, 0.360682249,
          0.364352643, 0.348318964, 0.364352643, 0.364352643,
          0.188492805, 0., 0.0322670378, 0.0699596405, 0.149843246,
          0.219063163, 0.167298675, 0.0926542729, 0.36273098,
          0.108444571, 0.348244816, 0.252361327, 0.282364219,
          0.202626839, 0., 0., 0.108256027, 0.25707683, 0.29269585,
          0.267762303, 0.29269585, 0.29269585, 0.29269585, 0.261074662,
          0.245524079, 0.29269585, 0.29269585, 0.290372491, 0.114511445,
          0.532836497, 0.532836497, 0.532836497, 0.355923057,
          0.0412452072, 0.0151045294, 0.00828207843, 0.00409189425, 0.,
          0.00930865016, 0.0053313747, 0.00101164985, 0.00242775888,
          0.0122987013, 0.0291997641 ]
      - [ 0.438963801, 0.0568589345, 0.261557102, 0.587211251,
          0.587211251, 0.0957080349, 0.0504632629, 0.026198769,
          0.0055538835, 0.0181288887, 0.0543004647, 0., 0.0257232115,
          0.0805909187, 0., 0.131570026, 0.356261939, 0.356261939,
          0.0835310742, 0., 0., 0.0448696576, 0.0882566869, 0.356261939,
          0.356261939, 0.356261939, 0.168302745, 0.356261939,
          0.0574460588, 0.2346562, 0.0671819672, 0.356261939,
          0.307907373, 0.157765865, 0.0889894962, 0.0751498044,
          0.305857271, 0.306443453, 0.307907373, 0.307907373,
          0.307907373, 0.16714327, 0.249446288, 0.18149288, 0.307907373,
          0.26946041, 0.0803730488, 0.307907373, 0.470255613,
          0.470255613, 0.470255613, 0.470255613, 0.0763921142,
          0.0788814873, 0.0750409886, 0.0269226227, 0.00737114111, 0.,
          0.0299610756, 0.05316744, 0.013437462, 0., 0.0144894049,
          0.296914339 ]
      - [ 0.373230785, 0.00328648719, 0.419834584, 0.419834584,
          0.419834584, 0.275256455, 0., 0.0775128305, 0.0653700754,
          0.0535872802, 0., 0., 0.0585095324, 0.234473541, 0.0642601103,
          0.419834584, 0.411772102, 0.411772102, 0.31970793, 0., 0.,
          0.089453131, 0.263648659, 0.411772102, 0.107541114, 0.,
          0.0365482494, 0.0665171742, 0.147068679, 0.304650724,
          0.0785440579, 0.411772102, 0.292212784, 0.142900869,
          0.292212784, 0.292212784, 0.0786551982, 0.168001682,
          0.21945253, 0.289409876, 0.292212784, 0.207714021, 0.292212784,
          0.292212784, 0.267341733, 0.150661722, 0.292212784,
          0.274402827, 0.356720537, 0.356720537, 0.356720537,
          0.318589836, 0.140633583, 0.195485801, 0.125045255,
          0.316893041, 0.356720537, 0.0795201361, 0.0699910223,
          0.0651810095, 0.343938708, 0.1682024, 0.127326652, 0.183356687 ]
      - [ 0.354440391, 0.266176075, 0.354440391, 0.354440391,
          0.354440391, 0.354440391, 0.293833077, 0.157461703,
          0.0730639175, 0.0434630997, 0.0439306945, 0.241289228,
          0.173378825, 0.222158492, 0.0231325291, 0.197508439, 0.4273642,
          0.4273642, 0.4273642, 0.336232275, 0.0509690568, 0.00110464741,
          0.0590276532, 0.0325912721, 0.0567034595, 0.226019546,
          0.107589863, 0.0220987089, 0.0202286933, 0.271688253,
          0.0662170202, 0.4273642, 0.333394974, 0.224715322, 0.211124435,
          0.107829146, 0.227660492, 0.154904962, 0.333394974,
          0.333394974, 0.331953675, 0.126395538, 0.298109353,
          0.333394974, 0.0305054523, 0.203342348, 0.0326846056,
          0.333394974, 0.288912922, 0.509337127, 0.509337127,
          0.509337127, 0.312267512, 0., 0., 0.0110040931, 0.0110040931,
          0., 0., 0.00186323852, 0.0058177188, 0.0152031472,
          0.00393677177, 0.187436208 ]
      - [ 0.379284173, 0.254484713, 0.379284173, 0.379284173,
          0.379284173, 0.320288599, 0.0847602859, 0.134227276,
          0.20427829, 0.0191339739, 0.0183000434, 0.0983493105,
          0.0286284816, 0.0971357301, 0.314112812, 0.259251565,
          0.33947441, 0.33947441, 0.33947441, 0.33947441, 0.193156421,
          0.051873602, 0.0515324362, 0.0674434081, 0.0521603897,
          0.117411673, 0.289182365, 0.33947441, 0.254086137, 0.268935919,
          0.157919526, 0.333514273, 0.361428261, 0.111190237,
          0.151230544, 0.160248578, 0.0591303296, 0.0495900996,
          0.0478488915, 0.130054832, 0.170644879, 0.361428261,
          0.361428261, 0.361428261, 0.361428261, 0.216229945,
          0.361428261, 0.225075006, 0.380041093, 0.480530262,
          0.480530262, 0.480530262, 0.363287836, 0.00393084297,
          0.00101380423, 0.0123287886, 0.0104814945, 0.00426405529,
          0.00462501729, 0.0108598648, 0.0199331846, 0.00453491323, 0.,
          0.15877521 ]
      - [ 0.266424745, 0.33651787, 0.14861457, 0.33651787, 0.33651787,
          0.33651787, 0.33651787, 0.198910192, 0.223117843, 0.0503787212,
          0.048203785, 0.121081777, 0.062193431, 0.154551327,
          0.295770437, 0.33651787, 0.365838051, 0.427539796, 0.427539796,
          0.427539796, 0.0381945185, 0.0444611311, 0., 0.026313372,
          0.154889882, 0.193113148, 0.123862252, 0.167237282,
          0.118473798, 0.237049028, 0.0458410531, 0.363963753,
          0.239144295, 0.360726625, 0.128968418, 0.115012258,
          0.0944044292, 0.0217017252, 0.0369777009, 0.0721862614,
          0.106295474, 0.18719618, 0.360726625, 0.360726625, 0.360726625,
          0.360726625, 0.257489115, 0.360726625, 0.493362665,
          0.493362665, 0.493362665, 0.493362665, 0.00527794426, 0., 0.,
          0.000807367731, 0.000807367731, 0., 0., 0.00134645542,
          0.00458030403, 0., 0.000906640256, 0.146262899 ]
      - [ 0.18283084, 0.151459351, 0.467234433, 0.467234433, 0.467234433,
          0.467234433, 0.152651295, 0.0364546217, 0.0364546217,
          0.0242675468, 0.0491751879, 0., 0.00257443427, 0.020946227, 0.,
          0.190581188, 0.309131593, 0.349657744, 0.349657744, 0., 0., 0.,
          0., 0.19049041, 0.349657744, 0.0481773317, 0.320452183,
          0.349657744, 0.349657744, 0.234658092, 0.178255752,
          0.248001397, 0.341632336, 0.0387334526, 0.0669725537, 0.,
          0.0484902859, 0.00659693172, 0.0936865136, 0.216247976,
          0.216870978, 0.341632336, 0.307068169, 0.341632336,
          0.320140481, 0.324482113, 0.341632336, 0.341632336,
          0.446999162, 0.446999162, 0.446999162, 0.446999162,
          0.259817421, 0.165788084, 0.150038213, 0.00468013063,
          0.00468013063, 0., 0., 0., 0., 0.00142002013, 0.0776222944,
          0.269682765 ]
      - [ 0.115250818, 0.411768258, 0.411768258, 0.411768258,
          0.411768258, 0.411768258, 0.194001421, 0.287570149,
          0.100156114, 0., 0., 0., 0., 0., 0., 0.0668870732, 0.358147442,
          0.122099467, 0.0858558789, 0.201085612, 0.123910904,
          0.0956898034, 0.172520593, 0.358147442, 0.358147442,
          0.00349389529, 0.358147442, 0.358147442, 0.358147442,
          0.157577083, 0.110811397, 0.269617349, 0.29316619, 0.121574275,
          0.203787461, 0.29316619, 0.264751315, 0.0853437334,
          0.180865154, 0.29316619, 0.198815212, 0.290868282, 0.29316619,
          0.29316619, 0.29316619, 0.29316619, 0.29316619, 0.137726843,
          0.479853481, 0.479853481, 0.479853481, 0.327849418,
          0.305658817, 0.0257054009, 0.0453821458, 0.00151008111,
          0.0332190134, 0.00706360722, 0., 0.0144244814, 0.0055958028,
          0.0347713381, 0.0340668671, 0.311498791 ]
      - [ 0.395020455, 0.316325277, 0.395020455, 0.395020455,
          0.395020455, 0.162244305, 0.184938163, 0.171693772,
          0.133779094, 0.0346377939, 0.110805392, 0.14012064,
          0.116185807, 0.0648780465, 0.13197507, 0.309336811,
          0.510556161, 0.510556161, 0.167887971, 0., 0., 0., 0.,
          0.00309209106, 0.00309209106, 0.186806127, 0.0286309347,
          0.0535044409, 0.143479198, 0.196789414, 0.294620574,
          0.510556161, 0.319497675, 0.178317711, 0.311073005,
          0.319497675, 0.0903341845, 0.122662671, 0.0376209542,
          0.0964970365, 0.107948281, 0.0776381195, 0.319497675,
          0.319497675, 0.319497675, 0.319497675, 0.319497675,
          0.319497675, 0.538637102, 0.538637102, 0.537693918,
          0.137138292, 0.121577643, 0., 0., 0., 0., 0.00587905943,
          0.00884619821, 0., 0., 0.0117119178, 0.0161341429, 0.301907122 ]
      - [ 0.359609842, 0.359609842, 0.359609842, 0.359609842,
          0.359609842, 0.02343731, 0.0210072566, 0.359609842, 0.25435102,
          0.0532086417, 0., 0., 0.0059333453, 0.075519897, 0.130068228,
          0.359609842, 0.397189379, 0.397189379, 0.397189379,
          0.277080476, 0.000258383516, 0.0179709867, 0.169222116,
          0.348383099, 0.151379526, 0.110530183, 0.0989276469,
          0.00144483207, 0.128644139, 0.173949942, 0.214852676,
          0.397189379, 0.446449101, 0.1865834, 0.0940982699, 0.201428652,
          0.0521337725, 0.0209894795, 0.147205561, 0.0648933575,
          0.252001733, 0.0522468463, 0.056504149, 0.446449101,
          0.446449101, 0.124762341, 0., 0.446449101, 0.436835766,
          0.436835766, 0.436835766, 0.436835766, 0.362216711,
          0.0109325545, 0.00293570524, 0., 0., 0., 0.0135855973,
          0.00520857424, 0.00156176835, 0.0227599926, 0., 0.316659629 ]
      - [ 0.403189421, 0.37040484, 0.403189421, 0.403189421, 0.403189421,
          0.305794656, 0.0902377591, 0.116536804, 0.0904003605, 0.,
          0.0314022079, 0.00212472118, 0.115195513, 0.13954629,
          0.138612062, 0.179366544, 0.444061577, 0.444061577,
          0.444061577, 0.256095082, 0., 0.075903289, 0.0214991383,
          0.0509050041, 0.100199409, 0.161433086, 0.0665304586,
          0.0946893543, 0.19283329, 0.211989388, 0.0280180331,
          0.444061577, 0.32544288, 0.146685317, 0.0896149352,
          0.126082644, 0.0790868849, 0.0832893997, 0.0406217091,
          0.32544288, 0.32544288, 0.141306549, 0.263039529, 0.32544288,
          0.32544288, 0.32544288, 0.32544288, 0.32544288, 0.376821607,
          0.376821607, 0.376821607, 0.179446265, 0., 0.0217918716,
          0.105261087, 0.277148724, 0.144665748, 0.185346499,
          0.0740940645, 0.132501468, 0.122604929, 0.268952698,
          0.376821607, 0.376821607 ]
      - [ 0.00869710557, 0.11861451, 0.00962636713, 0.551224589,
          0.551224589, 0.551224589, 0.258548647, 0.0415118858,
          0.00957444217, 0., 0., 0., 0., 0., 0., 0.00705028139,
          0.219429865, 0.24415043, 0.0561823398, 0.0842516273,
          0.170606345, 0.164205804, 0.316811204, 0.316811204,
          0.316811204, 0.316811204, 0.316811204, 0.316811204,
          0.316811204, 0.141962454, 0.152526826, 0.277033508,
          0.301597863, 0.301597863, 0.0458304361, 0.0223115124,
          0.301597863, 0.301597863, 0.204672128, 0.301597863,
          0.301597863, 0.278996259, 0.301597863, 0.19281964, 0.301597863,
          0.170909673, 0.0909493938, 0.268899679, 0.269511342,
          0.367435902, 0.367435902, 0.367435902, 0.367435902,
          0.367435902, 0.362382203, 0.0618326738, 0.117096052,
          0.196034506, 0.0312583409, 0.00296311988, 0.145392939,
          0.157059163, 0.0580315143, 0.105838113 ]
      - [ 0.417172462, 0.427294731, 0.427294731, 0.427294731,
          0.427294731, 0.244159192, 0., 0.0255158525, 0.0262215547,
          0.00518137915, 0., 0., 0., 0., 0.0544920713, 0.165610954,
          0.325499028, 0.325499028, 0.0208274126, 0.00390494778,
          0.0392550714, 0., 0.0475993119, 0.325499028, 0.325499028,
          0.325499028, 0.227547437, 0.325499028, 0.325499028,
          0.297479928, 0.0679912195, 0.325499028, 0.380541146,
          0.203381181, 0.12440031, 0.213582009, 0.141846001, 0.380541146,
          0.306902617, 0.380541146, 0.380541146, 0.149090514,
          0.141914323, 0.00965987891, 0.0161302164, 0.0357178412,
          0.106665149, 0.380541146, 0.438760728, 0.438760728,
          0.438760728, 0.438760728, 0.406063169, 0.0549913198, 0.,
          0.0308195353, 0.0217129327, 0.0328538232, 0.02734139,
          0.0484633222, 0.0315428451, 0., 0., 0.225986987 ]
      - [ 0.331857085, 0.331857085, 0.331857085, 0.331857085,
          0.331857085, 0.331857085, 0.262872785, 0.210140079,
          0.262843043, 0., 0.00333737838, 0.122402646, 0.0395256728,
          0.0599925518, 0.178771496, 0.318508714, 0.18413423,
          0.184764117, 0.420200795, 0.420200795, 0.420200795,
          0.138791084, 0.0514394715, 0.11940404, 0.130565181,
          0.0693171248, 0.203880265, 0.203426346, 0.245264798, 0.,
          0.142694816, 0.420200795, 0.286930501, 0.0373738706, 0., 0.,
          0.0158112161, 0.00937135704, 0., 0.0604154803, 0.0784418061,
          0.20028916, 0.379084438, 0.379084438, 0.379084438, 0.379084438,
          0.379084438, 0.379084438, 0.481045872, 0.481045872,
          0.481045872, 0.481045872, 0.262037337, 0., 0., 0.000536312058,
          0.0063401456, 0.00455491012, 0.00284085004, 0., 0.00274616177,
          0.00551100774, 0.0139729138, 0.0246736594 ]
      - [ 0.421700478, 0.421700478, 0.421700478, 0.421700478,
          0.421700478, 0., 0., 0.256147206, 0.0875962675, 0.0520581007,
          0., 0., 0., 0., 0., 0.175032377, 0.460126787, 0., 0., 0., 0.,
          0., 0., 0.271133065, 0.460126787, 0.246940732, 0.,
          0.0073175393, 0.327177882, 0.312634975, 0.144642785,
          0.460126787, 0.342714638, 0.300499797, 0.0318768732,
          0.215429202, 0.342714638, 0.168562353, 0.0475210398,
          0.336248755, 0.342714638, 0.101955913, 0., 0., 0.342714638,
          0.342714638, 0., 0.342714638, 0.554911673, 0.554911673,
          0.262386709, 0., 0.000713122077, 0.00523244962, 0., 0., 0.,
          0.0295038968, 0.0142982788, 0.0269840676, 0., 0., 0.,
          0.554911673 ]
      - [ 0.36525175, 0.36525175, 0.36525175, 0.36525175, 0.36525175,
          0.101191729, 0.131854802, 0.36525175, 0.36525175, 0.122967415,
          0.0302246567, 0.0460446104, 0.0508475192, 0.0355835147,
          0.0528400689, 0.100325674, 0.37805292, 0.37805292, 0.127963752,
          0.0359815843, 0., 0.00460268464, 0.00906581432, 0.0166383758,
          0.0449234992, 0.0488244295, 0.106341161, 0.37805292,
          0.37805292, 0.37805292, 0.35142675, 0.352621824, 0.331184864,
          0.0154434759, 0.132745504, 0.0339679196, 0.0478086509,
          0.053886801, 0.0357655138, 0.298183948, 0.33284694, 0.33284694,
          0.33284694, 0.33284694, 0.33284694, 0.0852067992, 0.33284694,
          0.317194194, 0.388793796, 0.388793796, 0.388793796, 0.19875668,
          0.0046413783, 0.00693790289, 0., 0.332260191, 0.332260191,
          0.258513123, 0.26038456, 0.0723817796, 0.183298483,
          0.150268495, 0.112775467, 0.271110743 ]
      - [ 0.28820461, 0.276871204, 0.512931526, 0.512931526, 0.512931526,
          0.0116045717, 0.0244821124, 0.0140306102, 0.0140306102, 0., 0.,
          0.00258526509, 0.0373453088, 0.0430576354, 0.0283131041,
          0.201685056, 0.397166163, 0.397166163, 0., 0., 0., 0.,
          0.00977040827, 0.245092958, 0.397166163, 0.223749846,
          0.298072308, 0.0580774955, 0.207813993, 0.281428784,
          0.200572804, 0.397166163, 0.301409304, 0.319158643,
          0.262871444, 0.0861400142, 0.159796104, 0.279000074,
          0.0716285259, 0.14584893, 0.192742348, 0., 0.226584613,
          0.319158643, 0.319158643, 0.319158643, 0.319158643,
          0.319158643, 0.542012572, 0.542012572, 0.542012572,
          0.0781027079, 0.0268009305, 0.0128582874, 0.0467995107, 0., 0.,
          0., 0., 0.00737950858, 0.0151921632, 0., 0.00967254583,
          0.322027504 ]
      - [ 0.133135617, 0.226769701, 0.205949992, 0.419534415,
          0.419534415, 0.419534415, 0.419534415, 0.419534415,
          0.0594501719, 0., 0., 0., 0., 0.00620180089, 0.00794792734,
          0.02372027, 0.0187474061, 0., 0., 0., 0., 0.0797689334,
          0.241745964, 0.356028557, 0.356028557, 0.356028557,
          0.356028557, 0.356028557, 0.356028557, 0.356028557,
          0.100347139, 0.184182927, 0.159292549, 0.124867834,
          0.183338642, 0.129179493, 0.0928661823, 0.0232719276,
          0.0248138011, 0.327866316, 0.327866316, 0.327866316,
          0.327866316, 0.327866316, 0.327866316, 0.214674309,
          0.327866316, 0.311635584, 0.481928796, 0.481928796,
          0.136703297, 0.126425818, 0.0967244059, 0.116611533,
          0.231853083, 0.0910640135, 0.0140019637, 0.0188258234,
          0.00150908506, 0.1363599, 0.219099835, 0.131200776,
          0.307215989, 0.481928796 ]
      - [ 0.0629439726, 0.296958596, 0.440688282, 0.45438382, 0.45438382,
          0.45438382, 0.0358271003, 0.202118143, 0.178457394,
          0.0240672585, 0., 0.0177885015, 0.0453755409, 0., 0.0121043818,
          0.112389728, 0.312513411, 0.312513411, 0.312513411,
          0.312513411, 0.04900169, 0.00155688357, 0.312513411,
          0.312513411, 0.312513411, 0.312513411, 0.214204535,
          0.0140198451, 0.173111036, 0.110459641, 0.165055081,
          0.312513411, 0.308271915, 0.308271915, 0.253093421,
          0.256402761, 0.15079391, 0.0277857035, 0.308271915,
          0.308271915, 0.308271915, 0.162791401, 0.236392513,
          0.287488371, 0.308271915, 0.0773327574, 0.200751349,
          0.249213159, 0.39159286, 0.46859917, 0.46859917, 0.46859917,
          0.269426107, 0.00987785775, 0., 0.0131848305, 0.0350989588, 0.,
          0., 0., 0., 0.0105639463, 0.00311530312, 0.330157518 ]
      - [ 0.397251666, 0.397251666, 0.397251666, 0.397251666,
          0.241755232, 0.17415522, 0.0854312256, 0.104603581,
          0.107348047, 0.034897171, 0.0652258247, 0.1331902, 0.166118994,
          0.179149389, 0.0744678676, 0.397251666, 0.488993406,
          0.488993406, 0.471447945, 0., 0., 0., 0., 0.00658349833,
          0.115782753, 0.0143147688, 0.0407041088, 0.0869219527,
          0.132520348, 0.0695576966, 0.101208888, 0.488993406,
          0.397889823, 0.143076435, 0.228960052, 0.0197976362, 0.,
          0.0217254516, 0.0472969338, 0.177415743, 0.127465814,
          0.106064498, 0.112213396, 0.397889823, 0.397889823,
          0.397889823, 0.238502637, 0.397889823, 0.510611475,
          0.510611475, 0.510611475, 0.206770986, 0.0468928516,
          0.00691597257, 0., 0., 0., 0., 0.00788930617, 0.00770413084,
          0., 0.00478693517, 0.0322223417, 0.40809831 ]
      - [ 0.160862461, 0.412506551, 0.412506551, 0.412506551,
          0.412506551, 0.412506551, 0.326320946, 0.0525450185,
          0.0525450185, 0., 0., 0., 0., 0., 0.0173101388, 0.0829895213,
          0.319127679, 0.319127679, 0.00874047168, 0.00664482592,
          0.0231089778, 0.0759944245, 0., 0.24480848, 0.319127679,
          0.319127679, 0.299830735, 0.319127679, 0.319127679,
          0.243000388, 0.261926234, 0.319127679, 0.278701663,
          0.218025967, 0.00886994321, 0.170816004, 0.0448367223, 0.,
          0.0283223744, 0.0961054265, 0.138736114, 0.138202921,
          0.387785465, 0.28919217, 0.387785465, 0.387785465, 0.387785465,
          0.325761199, 0.319826722, 0.465002686, 0.465002686,
          0.465002686, 0.381996095, 0.233395293, 0.0267115682,
          0.0137513326, 0.0137513326, 0., 0., 0., 0., 0., 0.003074846,
          0.207095176 ]
      - [ 0.36092639, 0.36092639, 0.36092639, 0.36092639, 0.36092639,
          0.0986881331, 0.36092639, 0.146412745, 0.0285626464,
          0.0484123006, 0.022039922, 0.0697288811, 0.123648286,
          0.0434361324, 0.16631256, 0.36092639, 0.337659448, 0.084488079,
          0.180743471, 0.0860148594, 0.337659448, 0.00405656267,
          0.102075405, 0.233744532, 0.337659448, 0.337659448,
          0.337659448, 0.337659448, 0.337659448, 0.0989048332,
          0.177387893, 0.212139115, 0.470674962, 0.222903028,
          0.029781688, 0., 0.0010583062, 0.0043157693, 0., 0.134331152,
          0.139576688, 0.231834531, 0.0781569779, 0.034391433,
          0.425917178, 0.01144874, 0.470674962, 0.470674962, 0.405012459,
          0.405012459, 0.405012459, 0.405012459, 0.325530767,
          0.0804417059, 0.0357533507, 0.0293224361, 0.0271837246,
          0.0118622677, 0.00477282098, 0., 0.0156042548, 0.0649351478,
          0.236297667, 0.405012459 ]
      - [ 0.0257132947, 0.111465909, 0.429633439, 0.429633439,
          0.429633439, 0.429633439, 0.429633439, 0.186218232,
          0.145776674, 0., 0., 0., 0.0342978984, 0.0150720747, 0.,
          0.0486475974, 0.153200775, 0.117156275, 0.04378042,
          0.317828923, 0.284669995, 0.317828923, 0.185472965,
          0.317828923, 0.317828923, 0.317828923, 0.14914155,
          0.0640719905, 0.317828923, 0.28377527, 0.264473975,
          0.243638203, 0.272755831, 0.0331843086, 0.0506462976,
          0.0368614942, 0.0221589115, 0.00437266706, 0.130375937,
          0.339516491, 0.339516491, 0.132091761, 0.339516491,
          0.339516491, 0.339516491, 0.339516491, 0.27446416, 0.339516491,
          0.2901586, 0.544868588, 0.544868588, 0.544868588, 0.0493978523,
          0.0132044414, 0.00959890522, 0., 0.000457676506, 0.0112571688,
          0.0057571074, 0., 0.00537730707, 0.00855992269, 0.00340351369,
          0.129386857 ]
      - [ 0.373411447, 0.332279682, 0.373411447, 0.373411447,
          0.373411447, 0.294231892, 0.122334771, 0.0947425663,
          0.0228210073, 0.00529494602, 0.022834586, 0.266632944,
          0.159860328, 0.0932292789, 0.264260978, 0.203363061,
          0.420299172, 0.456174344, 0.456174344, 0.456174344,
          0.141161561, 0.105783582, 0., 0.0111740939, 0.274427354,
          0.0702130273, 0., 0., 0., 0., 0.134195209, 0.254984021,
          0.341205746, 0., 0., 0.0284916386, 0.341205746, 0.341205746,
          0.211555734, 0.341205746, 0.341205746, 0.232366294,
          0.0379375368, 0.216466144, 0.000597068516, 0.183800265,
          0.341205746, 0.341205746, 0.412598997, 0.519652247,
          0.519652247, 0.519652247, 0.0970474184, 0.0293153767,
          0.012411789, 0., 0., 0.00194602145, 0.00972814765,
          0.000238653563, 0.00194313179, 0.0110498127, 0.011380435,
          0.060592737 ]
      - [ 0.00365128578, 0.0170451477, 0.00288111577, 0.470779896,
          0.470779896, 0.470779896, 0.470779896, 0.306863695,
          0.0497258827, 0., 0., 0.055901926, 0.00451581972, 0.,
          0.0108123589, 0.0924685672, 0.430071265, 0.168611348,
          0.105851509, 0.212671623, 0.0537403002, 0.273276985,
          0.430071265, 0.430071265, 0.430071265, 0.121362597, 0.17413424,
          0.147024632, 0., 0., 0.0327185541, 0.160276353, 0.174710929,
          0.109692506, 0.0387785956, 0.019327594, 0.054535985,
          0.0669771209, 0.0633251369, 0.381322026, 0.381322026,
          0.381322026, 0.381322026, 0., 0.277597308, 0.358856142,
          0.0861162096, 0.381322026, 0.323870748, 0.461893469,
          0.461893469, 0.461893469, 0.461893469, 0.0338071957,
          0.0900224745, 0.0163847916, 0.0163753666, 0.022782404,
          0.0129492693, 0.00369463023, 0., 0.014661747, 0.00519719115,
          0.162436888 ]
      - [ 0.169270024, 0.401313603, 0.401313603, 0.401313603,
          0.401313603, 0.401313603, 0.276726544, 0.169319063,
          0.137059599, 0.0246502552, 0.100348838, 0.0175881535,
          0.0820282027, 0.114455663, 0.0294278823, 0.0797635615,
          0.452491492, 0.452491492, 0.452491492, 0.305450499,
          0.0300770029, 0.089805685, 0.071891062, 0.153636843,
          0.230723411, 0.0765752196, 0.00696053402, 0.00513132988,
          0.0909931213, 0.0670097545, 0., 0.422197133, 0.375596344,
          0.111563288, 0.0576020367, 0.0434705466, 0., 0.060427025,
          0.0280615278, 0.256099731, 0.409721106, 0.150104299,
          0.133094236, 0.154482678, 0.409721106, 0.177647516,
          0.409721106, 0.409721106, 0.514482796, 0.514482796,
          0.514482796, 0.404938042, 0.00657074526, 0., 3.88653607e-05,
          0.00511814561, 0., 0., 0., 0., 0., 0.00585605716,
          0.00173808984, 0.191579714 ]
      - [ 0.464746207, 0.464746207, 0.306370229, 0.288232803,
          0.233091995, 0.189095125, 0.0479921363, 0.123875834,
          0.133842483, 0., 0., 0., 0.0586238056, 0.124565877, 0.16076535,
          0.464746207, 0.256218374, 0.325726837, 0.325726837,
          0.325726837, 0.325726837, 0.325726837, 0.0178341027,
          0.155424953, 0.155424953, 0.0646236837, 0.159882963,
          0.0523960963, 0.325726837, 0.325726837, 0.0346079282,
          0.325726837, 0.434973568, 7.27072766e-05, 0.0141650504,
          0.00520780031, 0., 0., 0., 0.00725533348, 0.0109443869,
          0.0106183318, 0.112809137, 0.190803766, 0.434973568,
          0.434973568, 0.434973568, 0.434973568, 0.460354418,
          0.460354418, 0.460354418, 0.460354418, 0.0328828134,
          0.00893577747, 0., 0.0116140163, 0.0116140163, 0., 0., 0., 0.,
          0., 0.00915348064, 0.382337809 ]
      - [ 0.361677438, 0.361677438, 0.361677438, 0.361677438,
          0.361677438, 0.205876276, 0.0748631284, 0.231479034,
          0.111223631, 0.0204129722, 0.000120312216, 0.0759158432,
          0.270408869, 0.135201842, 0., 0.361677438, 0.45256111,
          0.45256111, 0.45256111, 0.287659079, 0.158134699, 0.087595731,
          0.0123714777, 0.00196039793, 0.10450159, 0.148606166,
          0.1771622, 0.0838697925, 0.187724307, 0.178469151, 0.225094199,
          0.276182175, 0.361526847, 0.269708186, 0.267711759,
          0.0714347363, 0.0167270806, 0.017974291, 0., 0.0740879327,
          0.111368589, 0.124562435, 0.300693721, 0.361526847,
          0.361526847, 0.361526847, 0.262558818, 0.361526847,
          0.498420686, 0.498420686, 0.498420686, 0.245463461,
          0.220064521, 0.029615391, 0.00211954792, 0.0116904201, 0., 0.,
          0., 0., 0., 0.001594109, 0.0317095928, 0.372888029 ]
      - [ 0.401815951, 0.316718072, 0.401815951, 0.401815951,
          0.401815951, 0.401815951, 0.0490789078, 0.155391306,
          0.18885164, 0.0551863164, 0.0327668712, 0., 0., 0., 0.,
          0.148513034, 0.233194113, 0.120472156, 0.0768090412,
          0.0650091991, 0.147563949, 0.0577093288, 0.284326345,
          0.3142533, 0.3142533, 0.200258613, 0.283733457, 0.3142533,
          0.3142533, 0.3142533, 0.3142533, 0.3142533, 0.262891114,
          0.350290745, 0.045743458, 0.118464477, 0.144988462,
          0.0735277161, 0., 0.350290745, 0.350290745, 0.303508282,
          0.191082343, 0.350290745, 0.350290745, 0.140350804,
          0.0168647282, 0.350290745, 0.325124919, 0.502091348,
          0.502091348, 0.502091348, 0.335125327, 0.102923922,
          0.0318619646, 0.000435849244, 0.046475593, 0.00387556804, 0.,
          0.00509734219, 0.0442840755, 0.0311790351, 0., 0.0627707765 ]
      - [ 0.0689208508, 0.14923726, 0.235762984, 0.472076952,
          0.472076952, 0.472076952, 0.422933638, 0.114370294,
          0.0453135148, 0.0205423255, 0.0166609082, 0., 0., 0.0238550324,
          0.110247508, 0.191517442, 0.343157291, 0.343157291,
          0.343157291, 0.343157291, 0.0322474018, 0.069492206,
          0.00493626995, 0.286180347, 0.343157291, 0.343157291,
          0.27203542, 0.0887123272, 0.258553058, 0.0571061596,
          0.0660091788, 0.214233309, 0.158419356, 0.177305534,
          0.0401087254, 0.026828764, 0.0733307153, 0.288619995,
          0.190087512, 0.308879524, 0.308879524, 0.223576725,
          0.308879524, 0.308879524, 0.308879524, 0.308879524,
          0.308879524, 0.308879524, 0.0587929115, 0.151598245,
          0.630778134, 0.630778134, 0.407614052, 0., 0.00204026978,
          0.010696712, 0.031935703, 0., 0., 0.00316784205, 0.0168480836,
          0., 0.000156553302, 0.0626083687 ]
      - [ 0.309816718, 0.140345678, 0.290274441, 0.266585678,
          0.325748175, 0.325748175, 0.325748175, 0.258227527,
          0.152841672, 0.0216602962, 0.0516204871, 0.0794228464,
          0.1469675, 0.290836096, 0.309221685, 0.325748175, 0.429607451,
          0.429607451, 0.429607451, 0.429607451, 0.00636027055, 0.,
          0.00129030587, 0.107393585, 0.0925341323, 0.0345967524,
          0.140318483, 0., 0.169126272, 0.0535926819, 0.0198906455,
          0.429607451, 0.0500762351, 0.10922116, 0.181909144,
          0.0182764996, 0.0765938312, 0.0582837313, 0.123128675,
          0.301350236, 0.398857564, 0.0559124947, 0.212503567,
          0.233648255, 0.398857564, 0.398857564, 0.398857564,
          0.306092054, 0.256640404, 0.554247379, 0.554247379,
          0.554247379, 0.0210311487, 0.00294127269, 0., 0., 0.,
          0.00348444795, 0.00187956542, 0., 0., 0.0146854389,
          0.0118045909, 0.0787962303 ]
      - [ 0.0202760436, 0.325659662, 0.285095066, 0.544223487,
          0.544223487, 0.304207087, 0.341716886, 0.0665853769,
          0.0230732802, 0.00805607252, 0.00207934529, 0., 0., 0., 0.,
          0.0107139163, 0.284342974, 0.284342974, 0.284342974,
          0.139076754, 0.284342974, 0.111596644, 0.252483755,
          0.284342974, 0.284342974, 0.284342974, 0.0944142118,
          0.284342974, 0.284342974, 0.284342974, 0.0577925071,
          0.284342974, 0.220661059, 0.0351136327, 0.0289356429,
          0.0555820763, 0.0126155494, 0.0055275755, 0.129648611,
          0.0983367339, 0.168826014, 0.155056581, 0.379285842,
          0.379285842, 0.379285842, 0.379285842, 0.379285842,
          0.379285842, 0.147365868, 0.268202811, 0.5471614, 0.5471614,
          0.5471614, 0.0159395989, 0., 0.00326555781, 0.0239603054,
          0.00625664275, 0., 0., 0.0154084712, 0.00381807727,
          0.00120439765, 0.0399790369 ]
      - [ 0.228091031, 0.462225765, 0.462225765, 0.462225765,
          0.462225765, 0.172603294, 0., 0.0395740159, 0.0395740159,
          0.0269884281, 0.00435673678, 0.00218408112, 0.00219150842, 0.,
          0.03103422, 0.232599825, 0.310928822, 0.310928822,
          0.0174620207, 0., 0., 0.00847837329, 0.0367557891, 0.310928822,
          0.310928822, 0.310928822, 0.286616623, 0.310928822,
          0.273905933, 0.310928822, 0.254121721, 0.310928822,
          0.346713305, 0.280550569, 0.346713305, 0.106584668,
          0.000103035876, 0.0947326049, 0.0904796124, 0.0796106234,
          0.179551437, 0., 0.0962227136, 0.346713305, 0.346713305,
          0.346713305, 0.346713305, 0.346713305, 0.483946294,
          0.483946294, 0.483946294, 0.204890609, 0.0399834216,
          0.0850048885, 0.00148942461, 0.0534624048, 0.0023199413,
          0.0295517556, 0.0475684628, 0.026931446, 0.0209676344, 0.,
          0.019464571, 0.483946294 ]
      - [ 0.170610502, 0.123195812, 0.40965873, 0.40965873, 0.40965873,
          0.40965873, 0.260144502, 0.388968855, 0.195820063, 0.018445475,
          0., 0.0431345813, 0.10261187, 0., 0.0859369263, 0.0539321266,
          0.457562894, 0.457562894, 0.457562894, 0., 0., 0., 0.,
          0.266984284, 0.371599585, 0.0132659217, 0., 0.040427234,
          0.0744056702, 0., 0.15890345, 0.354082704, 0.37385264,
          0.37385264, 0.323046803, 0.00916804839, 0.002901186, 0., 0.,
          0.37385264, 0.37385264, 0.0141901299, 0.121371955,
          0.000649348833, 0.37385264, 0.124706604, 0.150777042,
          0.37385264, 0.566589057, 0.566589057, 0.566589057,
          0.0419757254, 0.0180534869, 0., 0., 0.00747788325,
          0.00062061596, 0., 0., 0., 0., 0.00432612887, 0.00237256452,
          0.170599788 ]
      - [ 0.221120238, 0.46970287, 0.46970287, 0.46970287, 0.46970287,
          0.19236204, 0.127012074, 0.0372282229, 0.0272726752, 0., 0.,
          0., 0., 0.0329850055, 0.00260740914, 0.0870143101, 0.301754236,
          0.301754236, 0.301754236, 0.301754236, 0., 0.0408150591,
          0.301754236, 0.223702669, 0.301754236, 0.228103533,
          0.301754236, 0.141398519, 0.301754236, 0.20074679, 0.115979545,
          0.301754236, 0.31610626, 0.31610626, 0.0601395778, 0.180195525,
          0.31610626, 0.31610626, 0.0241106283, 0.31610626, 0.31610626,
          0.224845648, 0.172711447, 0.0503278486, 0.177969202,
          0.214934647, 0.31610626, 0.31610626, 0.487975806, 0.487975806,
          0.487975806, 0.487975806, 0.0340935551, 0.0458006077,
          0.039008528, 0.0285977181, 0.00613596383, 0., 0.,
          0.00793230906, 0.00152807788, 0., 0., 0.192203686 ]
      - [ 0.0821249038, 0.239926487, 0.434209436, 0.434209436,
          0.434209436, 0.398148268, 0.0606446862, 0.0645373315,
          0.0236318577, 0.0243947729, 0.049809292, 0.0801929682, 0., 0.,
          0.0713730082, 0.429203272, 0.360055685, 0.0250940993, 0., 0.,
          0., 0.0157712977, 0.167488247, 0.360055685, 0.360055685,
          0.165750861, 0.360055685, 0., 0.360055685, 0.360055685,
          0.180327028, 0.360055685, 0.29345274, 0.0653568655,
          0.217351198, 0.29345274, 0.29345274, 0.227776051, 0.248945385,
          0.29345274, 0.29345274, 0.29345274, 0.177403718, 0.177490428,
          0.127428785, 0.29345274, 0.29345274, 0.252130181, 0.479953766,
          0.479953766, 0.479953766, 0.118608877, 0.0228841715,
          0.0162995458, 0.163438201, 0.163343236, 0.0438067988,
          0.0076438426, 0., 0.0241917223, 0.0194877535, 0.050247848,
          0.00812495686, 0.479953766 ]
      - [ 0.409675568, 0.324008644, 0.409675568, 0.409675568,
          0.409675568, 0.37325868, 0.225492463, 0.0133601204,
          0.0100370273, 0., 0.00579212792, 0.0118354745, 0.00110909878,
          0.0362867229, 0.0629296154, 0.153915197, 0.245622814,
          0.0926302224, 0.313897133, 0.286801159, 0., 0.00499266712,
          0.0170416329, 0.204100981, 0.313897133, 0.208872557,
          0.272640049, 0.313897133, 0.313897133, 0.313897133,
          0.307532698, 0.313897133, 0.340636998, 0.297822803,
          0.309879571, 0.134212017, 0.0238541421, 0., 0., 0.0739698559,
          0.105273984, 0.164216802, 0.216265887, 0.212008283,
          0.423158646, 0.423158646, 0.0632784739, 0.423158646,
          0.426906645, 0.426906645, 0.426906645, 0.426237792,
          0.235183403, 0.0741573051, 0.0860294327, 0.0438887924,
          0.0438887924, 0., 0.00698729511, 0.0223017763, 0.00922900904,
          0., 0.111194804, 0.426906645 ]
      - [ 0.00170085044, 0.0780048221, 0.220336586, 0.522761166,
          0.522761166, 0.522761166, 0.32419914, 0.114099763, 0.046678476,
          0., 0., 0., 0., 0., 0., 0.00170085044, 0.0243511349,
          0.0543353893, 0.170863613, 0.0310452543, 0., 0.00974662043,
          0.0930251256, 0.395408481, 0.395408481, 0.395408481,
          0.239297375, 0.395408481, 0.395408481, 0.245518059,
          0.211930364, 0.0969608352, 0.102548122, 0., 0., 0.0251723733,
          0.0184152294, 0.0678693429, 0.142468601, 0.338982791,
          0.338982791, 0.338982791, 0.338982791, 0.338982791,
          0.338982791, 0.338982791, 0.202351078, 0.338982791,
          0.321091235, 0.321091235, 0.321091235, 0.321091235,
          0.174321756, 0.320742428, 0.321091235, 0.256611645,
          0.135784417, 0.0166855771, 0., 0.181860402, 0.0738243833,
          0.207248345, 0.280873328, 0.321091235 ]
      - [ 0.349406183, 0.288808316, 0.349406183, 0.349406183,
          0.349406183, 0.308466434, 0.0930474102, 0.349406183,
          0.216677621, 0.0251218919, 0.0084779188, 0.0763151944,
          0.095838286, 0.114837542, 0.0305375438, 0.349406183,
          0.482593685, 0.482593685, 0.482593685, 0.117528163, 0., 0., 0.,
          0.0775843412, 0.134207875, 0.162006333, 0.310292393,
          0.0656470582, 0., 0., 0.159511417, 0.326136619, 0.201811001,
          0.0979950279, 0., 0.000254191604, 0.000253328093, 0.0196955893,
          0.0280168541, 0.356795609, 0.356795609, 0.248779818,
          0.356795609, 0.356795609, 0.356795609, 0.172599137,
          0.334494382, 0.323801845, 0.529555678, 0.529555678,
          0.529555678, 0.0669465214, 0.01250205, 0., 0., 0.00304921693,
          0.00304921693, 0.00651274621, 0.00122613006, 0., 0.,
          0.010747809, 0.0250062328, 0.384684592 ]
      - [ 0.344871581, 0.344871581, 0.262187511, 0.344871581,
          0.344871581, 0.194006264, 0.0881599262, 0.344871581,
          0.129471943, 0.031908296, 0.0520579182, 0.163186312,
          0.296401501, 0.0456347577, 0.178116843, 0.344871581,
          0.52216655, 0.52216655, 0.394444048, 0., 0., 0., 0.,
          0.0174889062, 0.0556491762, 0.0326167941, 0., 0.020393515,
          0.0978515819, 0., 0.0822674632, 0.52216655, 0.358433425,
          0.2414487, 0.307599127, 0., 0., 0.0389869288, 0.0262434315,
          0.172648311, 0.358433425, 0.0470150746, 0.0961325094,
          0.358433425, 0.358433425, 0.358433425, 0.170848504,
          0.358433425, 0.545939207, 0.545939207, 0.522417903,
          0.166465715, 0.0519920699, 0., 0., 0., 0., 0., 0., 0., 0.,
          0.0159341041, 0.000111399917, 0.307994306 ]
      - [ 0.0787328109, 0.475655675, 0.482118905, 0.482118905,
          0.482118905, 0.222521141, 0.0892825052, 0.0656823888,
          0.0513040163, 0., 0., 0., 0., 0.0103250984, 0.00437158579,
          0.0293670762, 0.347116947, 0.142936841, 0., 0., 0.137627885,
          0.189411655, 0.0851448104, 0.347116947, 0.347116947,
          0.14945747, 0., 0.347116947, 0.237694249, 0.347116947,
          0.335046202, 0.347116947, 0.344247311, 0.308101684,
          0.344247311, 0.273372889, 0.151655242, 0.0567514114,
          0.0361340977, 0.0968984812, 0.195855319, 0.00785754994,
          0.153536886, 0.317154586, 0.344247311, 0.344247311,
          0.186744303, 0.344247311, 0.464056551, 0.19732593, 0.464056551,
          0.232601419, 0.126189828, 0.0590155646, 0.000457939721,
          0.0599062778, 0.0577862896, 0.0293225292, 0.0590006858, 0.,
          0.0751289651, 0.0678945407, 0.464056551, 0.464056551 ]
   decision_functions:
      -
         sv_count: 1
         rho: 1.7928968447925306
         alpha: [ 1. ]
         index: [ 0 ]
      -
         sv_count: 1
         rho: -0.093172002900351478
         alpha: [ 1. ]
         index: [ 1 ]
      -
         sv_count: 1
         rho: -0.085054051998377983
         alpha: [ 1. ]
         index: [ 2 ]
      -
         sv_count: 1
         rho: 0.74810716195807725
         alpha: [ 1. ]
         index: [ 3 ]
      -
         sv_count: 1
         rho: -0.462605225041126
         alpha: [ 1. ]
         index: [ 4 ]
      -
         sv_count: 1
         rho: 0.62892212940406655
         alpha: [ 1. ]
         index: [ 5 ]
      -
         sv_count: 1
         rho: 0.86742048818171558
         alpha: [ 1. ]
         index: [ 6 ]
      -
         sv_count: 1
         rho: -0.47906658772117061
         alpha: [ 1. ]
         index: [ 7 ]
      -
         sv_count: 1
         rho: 0.66419653433588832
         alpha: [ 1. ]
         index: [ 8 ]
      -
         sv_count: 1
         rho: -1.2684798839023534
         alpha: [ 1. ]
         index: [ 9 ]
      -
         sv_count: 1
         rho: -1.8653190914201629
         alpha: [ 1. ]
         index: [ 10 ]
      -
         sv_count: 1
         rho: -0.18047535279549431
         alpha: [ 1. ]
         index: [ 11 ]
      -
         sv_count: 1
         rho: -0.80171219047574815
         alpha: [ 1. ]
         index: [ 12 ]
      -
         sv_count: 1
         rho: -0.91029791506046165
         alpha: [ 1. ]
         index: [ 13 ]
      -
         sv_count: 1
         rho: -0.12267967237102476
         alpha: [ 1. ]
         index: [ 14 ]
      -
         sv_count: 1
         rho: -2.9143174759918944
         alpha: [ 1. ]
         index: [ 15 ]
      -
         sv_count: 1
         rho: -1.8164209292426476
         alpha: [ 1. ]
         index: [ 16 ]
      -
         sv_count: 1
         rho: -0.82692086841372148
         alpha: [ 1. ]
         index: [ 17 ]
      -
         sv_count: 1
         rho: 1.2376819900300156
         alpha: [ 1. ]
         index: [ 18 ]
      -
         sv_count: 1
         rho: -1.2686414240275172
         alpha: [ 1. ]
         index: [ 19 ]
      -
         sv_count: 1
         rho: 0.80019085019130853
         alpha: [ 1. ]
         index: [ 20 ]
      -
         sv_count: 1
         rho: 0.18174437917909955
         alpha: [ 1. ]
         index: [ 21 ]
      -
         sv_count: 1
         rho: -1.1113913940433584
         alpha: [ 1. ]
         index: [ 22 ]
      -
         sv_count: 1
         rho: -0.065179636860207099
         alpha: [ 1. ]
         index: [ 23 ]
      -
         sv_count: 1
         rho: 2.6344108933514878
         alpha: [ 1. ]
         index: [ 24 ]
      -
         sv_count: 1
         rho: 1.7063155291438086
         alpha: [ 1. ]
         index: [ 25 ]
      -
         sv_count: 1
         rho: 1.2707478956211578
         alpha: [ 1. ]
         index: [ 26 ]
      -
         sv_count: 1
         rho: 5.0473647749423725
         alpha: [ 1. ]
         index: [ 27 ]
      -
         sv_count: 1
         rho: 0.27999122375370988
         alpha: [ 1. ]
         index: [ 28 ]
      -
         sv_count: 1
         rho: 1.7197779703159308
         alpha: [ 1. ]
         index: [ 29 ]
      -
         sv_count: 1
         rho: -3.2703251111521183
         alpha: [ 1. ]
         index: [ 30 ]
      -
         sv_count: 1
         rho: 1.7597029464704366
         alpha: [ 1. ]
         index: [ 31 ]
      -
         sv_count: 1
         rho: 0.7391885681071747
         alpha: [ 1. ]
         index: [ 32 ]
      -
         sv_count: 1
         rho: -3.0128073443787002
         alpha: [ 1. ]
         index: [ 33 ]
      -
         sv_count: 1
         rho: -2.2630900183363547
         alpha: [ 1. ]
         index: [ 34 ]
      -
         sv_count: 1
         rho: 2.7894154116430268
         alpha: [ 1. ]
         index: [ 35 ]
      -
         sv_count: 1
         rho: 2.0872188621009164
         alpha: [ 1. ]
         index: [ 36 ]
      -
         sv_count: 1
         rho: -1.6356362681442163
         alpha: [ 1. ]
         index: [ 37 ]
      -
         sv_count: 1
         rho: -0.18840029482098911
         alpha: [ 1. ]
         index: [ 38 ]
      -
         sv_count: 1
         rho: -0.081200867095323676
         alpha: [ 1. ]
         index: [ 39 ]
      -
         sv_count: 1
         rho: -1.6172894338306105
         alpha: [ 1. ]
         index: [ 40 ]
      -
         sv_count: 1
         rho: -0.93167401630277125
         alpha: [ 1. ]
         index: [ 41 ]
      -
         sv_count: 1
         rho: -2.8150895402121927
         alpha: [ 1. ]
         index: [ 42 ]
      -
         sv_count: 1
         rho: -1.9832067507870648
         alpha: [ 1. ]
         index: [ 43 ]
      -
         sv_count: 1
         rho: 0.031154188561278235
         alpha: [ 1. ]
         index: [ 44 ]
