model,mean_auc,std_auc
Logistic Regression,0.831726892136801,0.01564528770534847
Decision Tree,0.7980464355392407,0.030223088922205568
Random Forest,0.8427673267249807,0.009855134219012707
